Const,Your Rating,Date Rated,Title,Original Title,URL,Title Type,IMDb Rating,Runtime (mins),Year,Genres,Num Votes,Release Date,Directors
tt1073507,7,2026-10-03,"Party Down","Party Down",https://www.imdb.com/title/tt1073507,TV Series,8.2,30,2009,"Comedy, Drama",39970,"2011-03-27",
tt6933238,3,2026-09-25,"Unabomber","Unabomber",https://www.imdb.com/title/tt6933238,Movie,6.2,97,2026,"Crime, Drama, Thriller, Biography",18135,"2026-09-25","Janus Metz"
tt0036775,9,2026-09-24,"Kvinna utan samvete","Double Indemnity",https://www.imdb.com/title/tt0036775,Movie,8.3,107,1944,"Thriller, Drama, Mystery, Crime, Film-Noir",183535,"1944-11-27","Billy Wilder"
tt0040525,8,2026-09-23,"Lady från Shanghai","The Lady from Shanghai",https://www.imdb.com/title/tt0040525,Movie,7.5,87,1947,"Mystery, Crime, Thriller, Drama, Film-Noir",37103,"1948-03-15","Orson Welles"
tt28082769,7,2026-09-17,"September 5","September 5",https://www.imdb.com/title/tt28082769,Movie,7.1,95,2024,"History, Thriller, Drama",38925,"2025-04-04","Tim Fehlbaum"
tt0944947,8,2026-09-16,"Game of Thrones","Game of Thrones",https://www.imdb.com/title/tt0944947,TV Series,9.2,60,2011,"Fantasy, Drama",2668890,"2011-05-04",
tt43598156,7,2026-09-04,"It Pays to Belong","It Pays to Belong",https://www.imdb.com/title/tt43598156,Movie,8.0,67,2026,"Documentary",31,"2026-08-30","John Boisen,Björn Fävremark"
tt21833834,6,2026-09-04,"Limbo","Limbo",https://www.imdb.com/title/tt21833834,Movie,6.2,108,2023,"Crime, Drama, Thriller, Mystery",2685,"2025-11-27","Ivan Sen"
tt0795368,7,2026-08-28,"Trångt i kistan","Death at a Funeral",https://www.imdb.com/title/tt0795368,Movie,7.3,90,2007,"Comedy",129205,"2007-09-21","Frank Oz"
tt18274172,6,2026-08-23,"3 ton: Rånet mot Brasiliens centralbank","Hei$t: The Great Robbery of Brazil's Central Bank",https://www.imdb.com/title/tt18274172,TV Series,6.5,60,2022,"Documentary, Crime",852,"2022-03-16",
tt0100150,8,2026-08-18,"Miller's Crossing","Miller's Crossing",https://www.imdb.com/title/tt0100150,Movie,7.7,115,1990,"Thriller, Crime, Drama",149433,"1991-01-25","Joel Coen,Ethan Coen"
tt0386741,7,2026-08-16,"Renaissance","Renaissance",https://www.imdb.com/title/tt0386741,Movie,6.6,105,2006,"Animation, Sci-Fi, Thriller, Action",16809,"2006-11","Christian Volckman"
tt2243900,6,2026-08-15,"Trouble Is My Business","Trouble Is My Business",https://www.imdb.com/title/tt2243900,Movie,4.3,116,2018,"Adventure, Crime, Action, Thriller, Mystery",4630,"2018-04-03","Tom Konkle"
tt26446278,6,2026-08-15,"Greven av Monte Cristo","Le Comte de Monte-Cristo",https://www.imdb.com/title/tt26446278,Movie,7.6,178,2024,"Adventure, Thriller, Action, Drama, Romance",50855,"2024-11-18","Alexandre de La Patellière,Matthieu Delaporte"
tt0081073,4,2026-08-08,"Loophole","Loophole",https://www.imdb.com/title/tt0081073,Movie,6.1,105,1981,"Adventure, Drama, Thriller, Crime",1271,"1981-03-13","John Quested"
tt0318649,7,2026-08-06,"Sahara","Sahara",https://www.imdb.com/title/tt0318649,Movie,6.1,124,2005,"Comedy, Adventure, Action",110501,"2005-07-06","Breck Eisner"
tt8010064,4,2026-08-06,"Bunker","Bunker",https://www.imdb.com/title/tt8010064,Movie,4.0,108,2022,"Horror, Thriller, War, Mystery",3135,"2025-10-31","Adrian Langley"
tt29547746,7,2026-08-05,"Greven av Monte Cristo","Le Comte de Monte-Cristo",https://www.imdb.com/title/tt29547746,TV Mini Series,7.9,,2024,"Drama, Adventure",13329,"2024-12-18",
tt0245844,7,2026-08-05,"Greven av Monte Cristo","The Count of Monte Cristo",https://www.imdb.com/title/tt0245844,Movie,7.7,131,2002,"Thriller, Action, Drama, Adventure",162003,"2002-07-12","Kevin Reynolds"
tt0141926,5,2026-08-04,"U-571","U-571",https://www.imdb.com/title/tt0141926,Movie,6.6,116,2000,"Action, War",93034,"2000-11-10","Jonathan Mostow"
tt1493274,6,2026-08-04,"Caught Stealing","Caught Stealing",https://www.imdb.com/title/tt1493274,Movie,6.8,107,2025,"Crime, Thriller, Comedy",91200,"2025-08-29","Darren Aronofsky"
tt3797868,3,2026-08-02,"The Choice","The Choice",https://www.imdb.com/title/tt3797868,Movie,6.5,111,2016,"Drama, Romance",50443,"2016-02-05","Ross Katz"
tt4627382,5,2026-08-02,"Roofman","Roofman",https://www.imdb.com/title/tt4627382,Movie,6.9,126,2025,"Crime, Drama, Romance, Biography, History",89304,"2025-10-10","Derek Cianfrance"
tt3281548,5,2026-08-02,"Unga kvinnor","Little Women",https://www.imdb.com/title/tt3281548,Movie,7.7,135,2019,"Drama, Romance",289318,"2020-01-24","Greta Gerwig"
tt0091939,4,2026-08-02,"She's Gotta Have It","She's Gotta Have It",https://www.imdb.com/title/tt0091939,Movie,6.7,84,1986,"Romance, Comedy",17902,"1994-07-01","Spike Lee"
tt34965515,6,2026-07-29,"Mr. Nobody Against Putin","Mr. Nobody Against Putin",https://www.imdb.com/title/tt34965515,Movie,7.4,90,2025,"Documentary",13175,"2025-06-06","David Borenstein,Pavel Talankin"
tt0082269,7,2026-07-23,"Diva - Dödligt intermezzo","Diva",https://www.imdb.com/title/tt0082269,Movie,7.1,117,1981,"Music, Crime, Drama, Thriller",15509,"1981-11-27","Jean-Jacques Beineix"
tt1095217,6,2026-07-21,"Bad Lieutenant: Port of Call New Orleans","The Bad Lieutenant: Port of Call - New Orleans",https://www.imdb.com/title/tt1095217,Movie,6.6,122,2009,"Crime, Drama, Mystery",85389,"2009-12-11","Werner Herzog"
tt5177120,6,2026-07-19,"The Ministry of Ungentlemanly Warfare","The Ministry of Ungentlemanly Warfare",https://www.imdb.com/title/tt5177120,Movie,6.8,122,2024,"War, Action, Comedy",172415,"2024-07-25","Guy Ritchie"
tt7657566,6,2026-07-17,"Döden på Nilen","Death on the Nile",https://www.imdb.com/title/tt7657566,Movie,6.3,127,2022,"Drama, Crime, Mystery",216234,"2022-02-11","Kenneth Branagh"
tt1684562,6,2026-07-16,"The Fall Guy","The Fall Guy",https://www.imdb.com/title/tt1684562,Movie,6.8,126,2024,"Action, Drama, Comedy, Romance",275270,"2024-04-26","David Leitch"
tt0256524,6,2026-07-16,"Skorpionens förbannelse","The Curse of the Jade Scorpion",https://www.imdb.com/title/tt0256524,Movie,6.7,103,2001,"Romance, Crime, Mystery, Comedy",43238,"2002-11-08","Woody Allen"
tt15329224,7,2026-07-14,"Minnas Paris","Revoir Paris",https://www.imdb.com/title/tt15329224,Movie,6.9,105,2022,"Drama",4101,"2023-04-07","Alice Winocour"
tt0154506,6,2026-07-13,"Following","Following",https://www.imdb.com/title/tt0154506,Movie,7.4,70,1998,"Crime, Thriller, Mystery",114715,"2023-07-14","Christopher Nolan"
tt0118843,8,2026-07-12,"Svart katt, vit katt","Crna macka, beli macor",https://www.imdb.com/title/tt0118843,Movie,8.0,127,1998,"Crime, Romance, Comedy",59315,"1998-12-18","Emir Kusturica"
tt31938062,7,2026-07-12,"The Pitt","The Pitt",https://www.imdb.com/title/tt31938062,TV Series,8.9,50,2025,"Drama",173735,"2025-01-10",
tt27847051,8,2026-07-12,"The Secret Agent","O Agente Secreto",https://www.imdb.com/title/tt27847051,Movie,7.2,161,2025,"Drama, Thriller, Crime, Mystery",63768,"2026-02-06","Kleber Mendonça Filho"
tt0117913,5,2026-07-12,"Juryn - A Time to Kill","A Time to Kill",https://www.imdb.com/title/tt0117913,Movie,7.5,149,1996,"Crime, Drama, Thriller",212834,"1996-11-01","Joel Schumacher"
tt0047296,7,2026-07-12,"Storstadshamn","On the Waterfront",https://www.imdb.com/title/tt0047296,Movie,8.1,108,1954,"Thriller, Crime, Drama",181454,"1954-12-27","Elia Kazan"
tt36349317,7,2026-07-10,"Änkemördaren","Sternstunde der Mörder",https://www.imdb.com/title/tt36349317,TV Mini Series,6.8,,2026,"Crime, Drama, History, Thriller",319,"2026-07-08",
tt0044926,8,2026-07-08,"Målaren på Moulin Rouge","Moulin Rouge",https://www.imdb.com/title/tt0044926,Movie,7.0,119,1952,"Biography, Music, Romance, Drama",7440,"1953-08-31","John Huston"
tt1837636,4,2026-07-08,"Queen of the Desert","Queen of the Desert",https://www.imdb.com/title/tt1837636,Movie,5.7,128,2015,"Biography, Drama, History, Romance, Adventure",13770,"2017-04-14","Werner Herzog"
tt0041268,7,2026-07-08,"På liv och död","Criss Cross",https://www.imdb.com/title/tt0041268,Movie,7.4,84,1949,"Crime, Thriller, Drama, Film-Noir",11012,"1949-08-22","Robert Siodmak"
tt0119783,7,2026-07-07,"Night Falls on Manhattan","Night Falls on Manhattan",https://www.imdb.com/title/tt0119783,Movie,6.7,113,1996,"Thriller, Mystery, Crime, Drama",9636,"1997-05-16","Sidney Lumet"
tt0039302,5,2026-07-07,"Mörk passage","Dark Passage",https://www.imdb.com/title/tt0039302,Movie,7.5,106,1947,"Drama, Thriller, Film-Noir",24444,"1947-10-20","Delmer Daves"
tt0058203,5,2026-07-04,"Mannen från Rio","L'Homme de Rio",https://www.imdb.com/title/tt0058203,Movie,7.0,116,1964,"Thriller, Romance, Comedy, Adventure, Action",7176,"1964-09-02","Philippe de Broca"
tt1333644,6,2026-06-24,"In the Hand of Dante","In the Hand of Dante",https://www.imdb.com/title/tt1333644,Movie,4.9,150,2025,"Drama, Crime, Mystery, Thriller",4730,"2026-06-24","Julian Schnabel"
tt1931549,5,2026-06-24,"The Man Nobody Knew: In Search of My Father, CIA Spymaster William Colby","The Man Nobody Knew: In Search of My Father, CIA Spymaster William Colby",https://www.imdb.com/title/tt1931549,Movie,6.8,104,2011,"Documentary, Biography, History, War",614,"2011-09-23","Carl Colby"
tt21909836,6,2026-06-22,"Syndabocken","Syndabocken",https://www.imdb.com/title/tt21909836,Movie,5.6,91,2023,"Drama",542,"2023-11-24","Axel Petersén"
tt26749593,4,2026-06-05,"Egghead Republic","Egghead Republic",https://www.imdb.com/title/tt26749593,Movie,5.0,97,2025,"Sci-Fi",404,"2025-11-28","Pella Kagerman,Hugo Lilja"
tt0147878,6,2026-06-04,"Beck: Pensionat Pärlan","Beck: Pensionat Pärlan",https://www.imdb.com/title/tt0147878,TV Episode,5.8,86,1998,"Crime, Mystery, Thriller",1658,"1998-05-23","Kjell Sundvall"
tt0276808,5,2026-06-04,"Beck: Hämndens pris","Beck: Hämndens pris",https://www.imdb.com/title/tt0276808,TV Episode,6.5,96,2001,"Crime, Mystery, Thriller",2305,"2003-04-27","Kjell Sundvall"
tt0300983,5,2026-06-02,"Beck: Mannen utan ansikte","Beck: Mannen utan ansikte",https://www.imdb.com/title/tt0300983,TV Episode,6.2,90,2001,"Crime, Mystery, Thriller",1788,"2005-02-20","Harald Hamrell"
tt0472205,6,2026-05-25,"Watching the Detectives","Watching the Detectives",https://www.imdb.com/title/tt0472205,Movie,6.2,94,2007,"Comedy, Romance",10054,"2008-09-11","Paul Soter"
tt14536120,7,2026-05-17,"Mästaren och Margarita","Master i Margarita",https://www.imdb.com/title/tt14536120,Movie,7.1,156,2024,"Drama, Fantasy, Romance, Horror, Thriller",7386,"2025-12-05","Michael Lockshin"
tt15574124,5,2026-05-15,"Peaky Blinders: The Immortal Man","Peaky Blinders: The Immortal Man",https://www.imdb.com/title/tt15574124,Movie,6.5,112,2026,"Crime, Drama, History",90933,"2026-03-20","Tom Harper"
tt31921411,4,2026-05-15,"An t-Eilean","An t-Eilean",https://www.imdb.com/title/tt31921411,TV Series,6.1,52,2025,"Drama, Crime",1119,"2025-01-14",
tt16426418,4,2026-05-15,"Challengers","Challengers",https://www.imdb.com/title/tt16426418,Movie,7.0,131,2024,"Drama, Romance, Sport, Comedy",185172,"2024-04-26","Luca Guadagnino"
tt0090563,8,2026-05-14,"Betty Blue - 37,2 grader på morgonen","37°2 le matin",https://www.imdb.com/title/tt0090563,Movie,7.3,119,1986,"Romance, Drama",24270,"1986-10-03","Jean-Jacques Beineix"
tt0102266,7,2026-05-14,"Den siste scouten","The Last Boy Scout",https://www.imdb.com/title/tt0102266,Movie,7.0,105,1991,"Thriller, Action, Comedy, Crime",122345,"1992-01-10","Tony Scott"
tt0091635,5,2026-05-13,"9 1/2 vecka","Nine 1/2 Weeks",https://www.imdb.com/title/tt0091635,Movie,5.9,117,1986,"Romance, Drama",47575,"1986-04-11","Adrian Lyne"
tt0050825,7,2026-05-12,"Ärans väg","Paths of Glory",https://www.imdb.com/title/tt0050825,Movie,8.4,88,1957,"Drama, War",243097,"1958-05-08","Stanley Kubrick"
tt0074916,7,2026-05-10,"Mr. Klein","Mr. Klein",https://www.imdb.com/title/tt0074916,Movie,7.5,123,1976,"Crime, Mystery, War, Thriller, Drama",10776,"1977-10-19","Joseph Losey"
tt0476964,5,2026-05-10,"The Stranger Inside","The Brave One",https://www.imdb.com/title/tt0476964,Movie,6.7,122,2007,"Crime, Drama, Thriller",68477,"2007-12-21","Neil Jordan"
tt0101516,6,2026-05-10,"Bugsy","Bugsy",https://www.imdb.com/title/tt0101516,Movie,6.8,136,1991,"Biography, Crime, Drama",34150,"1992-03-20","Barry Levinson"
tt9218128,5,2026-05-04,"Gladiator II","Gladiator II",https://www.imdb.com/title/tt9218128,Movie,6.4,148,2024,"Adventure, Drama",314174,"2024-11-14","Ridley Scott"
tt0087280,7,2026-05-04,"The Element of Crime","Forbrydelsens element",https://www.imdb.com/title/tt0087280,Movie,6.7,104,1984,"Drama, Crime, Thriller",12409,"1987-08-29","Lars von Trier"
tt0053935,5,2026-05-01,"En iskall i Alexandria","Ice Cold in Alex",https://www.imdb.com/title/tt0053935,Movie,7.7,130,1958,"Drama, Adventure, War",7573,"1959-01-19","J. Lee Thompson"
tt0116508,5,2026-04-29,"Heaven's Prisoners","Heaven's Prisoners",https://www.imdb.com/title/tt0116508,Movie,5.8,132,1996,"Drama, Thriller, Mystery",6221,"1996-05-17","Phil Joanou"
tt16431404,6,2026-04-28,"Apex","Apex",https://www.imdb.com/title/tt16431404,Movie,6.1,95,2026,"Action, Thriller",111054,"2026-04-24","Baltasar Kormákur"
tt20215968,3,2026-04-26,"Hit Man","Hit Man",https://www.imdb.com/title/tt20215968,Movie,6.8,115,2023,"Comedy, Crime, Romance",134742,"2024-05-31","Richard Linklater"
tt0020629,7,2026-04-21,"På västfronten intet nytt","All Quiet on the Western Front",https://www.imdb.com/title/tt0020629,Movie,8.1,152,1930,"Drama, War",72864,"1930-10-29","Lewis Milestone"
tt6149154,6,2026-04-20,"Waiting for the Barbarians","Waiting for the Barbarians",https://www.imdb.com/title/tt6149154,Movie,6.0,112,2019,"Drama, History",16999,"2020-08-07","Ciro Guerra"
tt30781967,5,2026-04-20,"Eagles of the Republic","Eagles of the Republic",https://www.imdb.com/title/tt30781967,Movie,6.6,129,2025,"Drama, Thriller, Action",2553,"2025-11-14","Tarik Saleh"
tt0780536,8,2026-04-20,"In Bruges","In Bruges",https://www.imdb.com/title/tt0780536,Movie,7.9,107,2008,"Crime, Drama, Comedy, Thriller",498714,"2008-02-29","Martin McDonagh"
tt2584384,3,2026-04-18,"Jojo Rabbit","Jojo Rabbit",https://www.imdb.com/title/tt2584384,Movie,7.9,108,2019,"Comedy, War, Drama",495373,"2020-01-10","Taika Waititi"
tt29567915,6,2026-04-17,"Nürnberg","Nuremberg",https://www.imdb.com/title/tt29567915,Movie,7.3,148,2025,"Drama, History, Thriller, Biography, War",120404,"2025-12-05","James Vanderbilt"
tt1817273,7,2026-04-13,"The Place Beyond the Pines","The Place Beyond the Pines",https://www.imdb.com/title/tt1817273,Movie,7.3,140,2012,"Drama, Crime, Thriller",313384,"2013-04-05","Derek Cianfrance"
tt7737786,6,2026-04-12,"Greenland","Greenland",https://www.imdb.com/title/tt7737786,Movie,6.4,119,2020,"Thriller, Action, Adventure",176929,"2020-08-12","Ric Roman Waugh"
tt11674730,7,2026-04-11,"The Last Stop in Yuma County","The Last Stop in Yuma County",https://www.imdb.com/title/tt11674730,Movie,6.9,90,2023,"Thriller, Crime, Drama",26550,"2024-08-19","Francis Galluppi"
tt0113720,7,2026-04-10,"Lust och fägring stor","Lust och fägring stor",https://www.imdb.com/title/tt0113720,Movie,6.8,130,1995,"Romance, War, Drama",8892,"1995-11-03","Bo Widerberg"
tt31810018,6,2026-04-08,"Jo Nesbos Harry Hole","Jo Nesbo's Detective Hole",https://www.imdb.com/title/tt31810018,TV Series,7.6,50,2026,"Crime, Drama, Mystery, Thriller",26489,"2026-03-26",
tt0116365,6,2026-04-06,"The Frighteners","The Frighteners",https://www.imdb.com/title/tt0116365,Movie,7.1,110,1996,"Fantasy, Drama, Mystery, Romance, Horror, Comedy",103554,"1996-07-19","Peter Jackson"
tt1619856,7,2026-04-06,"Mulholland Dr.","Mulholland Dr.",https://www.imdb.com/title/tt1619856,TV Movie,8.2,88,1999,"Drama, Mystery, Thriller",11326,"1999","David Lynch"
tt0150377,3,2026-04-06,"Double Jeopardy","Double Jeopardy",https://www.imdb.com/title/tt0150377,Movie,6.6,105,1999,"Crime, Drama, Mystery, Thriller",107119,"2000-03-03","Bruce Beresford"
tt0107497,6,2026-04-05,"Skenet bedrar","Malice",https://www.imdb.com/title/tt0107497,Movie,6.5,107,1993,"Mystery, Crime, Thriller",31691,"1994-03-11","Harold Becker"
tt0108162,5,2026-04-03,"Sliver","Sliver",https://www.imdb.com/title/tt0108162,Movie,5.1,107,1993,"Drama, Thriller",38192,"1993-10-01","Phillip Noyce"
tt0111255,7,2026-04-03,"Specialisten","The Specialist",https://www.imdb.com/title/tt0111255,Movie,5.6,110,1994,"Thriller, Drama, Action",74352,"1994-10-07","Luis Llosa"
tt3359350,5,2026-03-29,"Road House","Road House",https://www.imdb.com/title/tt3359350,Movie,6.2,121,2024,"Action, Thriller, Drama",192157,"2024-03-21","Doug Liman"
tt28793125,7,2026-03-20,"Den svenska länken","Den svenska länken",https://www.imdb.com/title/tt28793125,Movie,6.9,102,2026,"Drama, Biography, History, War",5462,"2026-02-06","Thérèse Ahlbeck,Marcus Olsson"
tt38256162,6,2026-02-26,"Svampmorden","Revealed: Death Cap Murders",https://www.imdb.com/title/tt38256162,TV Series,6.2,60,2025,"Documentary, Crime",259,"2025-09-14",
tt1259528,7,2026-02-22,"Den of Thieves","Den of Thieves",https://www.imdb.com/title/tt1259528,Movie,7.0,140,2018,"Action, Drama, Crime, Thriller",155998,"2018-02-23","Christian Gudegast"
tt0104779,7,2026-02-22,"Bitter Moon","Bitter Moon",https://www.imdb.com/title/tt0104779,Movie,7.2,139,1992,"Romance, Thriller, Drama",46930,"1992-11-06","Roman Polanski"
tt0119901,6,2026-02-21,"Place Vendôme","Place Vendôme",https://www.imdb.com/title/tt0119901,Movie,6.2,117,1998,"Crime, Drama",2908,"1999-04-23","Nicole Garcia"
tt0115561,8,2026-02-21,"L'appartement","L'appartement",https://www.imdb.com/title/tt0115561,Movie,7.3,116,1996,"Romance, Drama, Mystery",17273,"1996-10-02","Gilles Mimouni"
tt20201748,7,2026-02-21,"Greedy People","Greedy People",https://www.imdb.com/title/tt20201748,Movie,6.2,112,2024,"Comedy, Crime, Thriller",16416,"2025-01-31","Potsy Ponciroli"
tt0368504,6,2026-02-20,"Hem till Midgård","Hem till Midgård",https://www.imdb.com/title/tt0368504,TV Series,7.4,30,2003,"Comedy, Action, History",1578,"2003",
tt26084002,5,2026-02-18,"Self Reliance","Self Reliance",https://www.imdb.com/title/tt26084002,Movie,6.0,85,2023,"Comedy, Thriller",23688,"2025-01-03","Jake Johnson"
tt0032842,6,2026-02-15,"Nattexpress","Night Train to Munich",https://www.imdb.com/title/tt0032842,Movie,7.2,95,1940,"War, Drama, Romance, Thriller",6354,"1941-09-29","Carol Reed"
tt0077234,6,2026-02-11,"The Big Sleep - Den stora sömnen","The Big Sleep",https://www.imdb.com/title/tt0077234,Movie,5.8,99,1978,"Crime, Thriller, Drama, Mystery",6237,"1978-08-07","Michael Winner"
tt39162904,6,2026-02-09,"Schackdrottningen","Queen of Chess",https://www.imdb.com/title/tt39162904,Movie,7.6,93,2026,"Documentary, Biography",5030,"2026-02-06","Rory Kennedy"
tt5710514,8,2026-02-08,"I Don't Feel at Home in This World Anymore.","I Don't Feel at Home in This World Anymore",https://www.imdb.com/title/tt5710514,Movie,6.9,93,2017,"Crime, Thriller, Drama, Comedy",68249,"2017-02-24","Macon Blair"
tt0155267,6,2026-02-08,"Äventyraren Thomas Crown","The Thomas Crown Affair",https://www.imdb.com/title/tt0155267,Movie,6.9,113,1999,"Crime, Romance, Thriller",111241,"1999-09-10","John McTiernan"
tt0044954,7,2026-02-07,"Mord på tåg 63","The Narrow Margin",https://www.imdb.com/title/tt0044954,Movie,7.6,71,1952,"Thriller, Crime, Drama, Film-Noir",10139,"1952-09-22","Richard Fleischer,William Cameron Menzies"
tt0100140,7,2026-02-07,"Kärleksfeber","Mermaids",https://www.imdb.com/title/tt0100140,Movie,6.7,110,1990,"Romance, Drama, Comedy",41920,"1991-05-03","Richard Benjamin"
tt0467575,8,2026-02-04,"Fotbolls-VM krönikan 1994","Fotbolls-VM krönikan 1994",https://www.imdb.com/title/tt0467575,TV Special,8.8,90,1994,"Documentary",186,"1994","Mats Nyström,Albert Svanberg"
tt30988739,7,2026-02-03,"Black Bag","Black Bag",https://www.imdb.com/title/tt30988739,Movie,6.7,93,2025,"Thriller, Drama, Romance, Mystery",98553,"2025-08-07","Steven Soderbergh"
tt0084217,5,2026-02-03,"Klippet","Klippet",https://www.imdb.com/title/tt0084217,Movie,4.9,97,1982,"Drama",156,"1982-10-22","Jan Halldoff"
tt0378215,6,2026-02-03,"Den tredje makten","Kongekabale",https://www.imdb.com/title/tt0378215,Movie,7.3,107,2004,"Thriller, Drama",5475,"2005-05-06","Nikolaj Arcel"
tt1695405,6,2026-02-02,"The Loneliest Planet","The Loneliest Planet",https://www.imdb.com/title/tt1695405,Movie,5.6,113,2011,"Thriller, Drama",4831,"2013-01-03","Julia Loktev"
tt23561236,6,2026-01-31,"American Fiction","American Fiction",https://www.imdb.com/title/tt23561236,Movie,7.5,117,2023,"Drama, Comedy",157397,"2024-02-27","Cord Jefferson"
tt0022879,5,2026-01-31,"Farväl till vapnen","A Farewell to Arms",https://www.imdb.com/title/tt0022879,Movie,6.4,80,1932,"Drama, Romance, War",7723,"1933-08-30","Frank Borzage"
tt33455099,6,2026-01-31,"The Mastermind","The Mastermind",https://www.imdb.com/title/tt33455099,Movie,6.2,110,2025,"Crime, Drama",14502,"2025-10-17","Kelly Reichardt"
tt32331294,6,2026-01-28,"Hitler and the Nazis: Evil on Trial","Hitler and the Nazis: Evil on Trial",https://www.imdb.com/title/tt32331294,TV Mini Series,7.7,60,2024,"Documentary, History",4864,"2024-06-05",
tt39049745,6,2026-01-27,"Take That","Take That",https://www.imdb.com/title/tt39049745,TV Mini Series,7.6,50,2026,"Documentary",1261,"2026-01-27",
tt31193180,6,2026-01-27,"Sinners","Sinners",https://www.imdb.com/title/tt31193180,Movie,7.5,137,2025,"Horror",529267,"2025-04-16","Ryan Coogler"
tt0211933,5,2026-01-27,"Awake","Awake",https://www.imdb.com/title/tt0211933,Movie,6.5,84,2007,"Thriller, Crime, Mystery, Drama",89135,"2007-11-30","Joby Harold"
tt9603208,6,2026-01-23,"Mission: Impossible - The Final Reckoning","Mission: Impossible - The Final Reckoning",https://www.imdb.com/title/tt9603208,Movie,7.1,169,2025,"Action, Thriller, Adventure",241935,"2025-05-21","Christopher McQuarrie"
tt1312221,7,2026-01-23,"Frankenstein","Frankenstein",https://www.imdb.com/title/tt1312221,Movie,7.4,149,2025,"Horror, Sci-Fi, Drama, Fantasy",340043,"2025-10-24","Guillermo del Toro"
tt0096320,6,2026-01-22,"Twins","Twins",https://www.imdb.com/title/tt0096320,Movie,6.2,107,1988,"Crime, Comedy",151179,"1989-03-23","Ivan Reitman"
tt18412256,6,2026-01-19,"Alien: Romulus","Alien: Romulus",https://www.imdb.com/title/tt18412256,Movie,7.1,119,2024,"Horror, Sci-Fi, Thriller",295849,"2024-08-14","Fede Alvarez"
tt19356262,4,2026-01-19,"Drive-Away Dolls","Drive-Away Dolls",https://www.imdb.com/title/tt19356262,Movie,5.4,84,2024,"Comedy, Action, Thriller",29526,"2024-03-22","Ethan Coen"
tt22740896,6,2026-01-17,"Sommarmöten","People We Meet on Vacation",https://www.imdb.com/title/tt22740896,Movie,6.6,117,2026,"Romance, Comedy",54384,"2026-01-09","Brett Haley"
tt0120744,6,2026-01-16,"Mannen med järnmasken","The Man in the Iron Mask",https://www.imdb.com/title/tt0120744,Movie,6.5,132,1998,"Drama, Adventure, Action",192763,"1998-04-03","Randall Wallace"
tt32357858,4,2026-01-16,"Leva lite","Leva lite",https://www.imdb.com/title/tt32357858,Movie,6.0,98,2025,"Drama",325,"2025-02-07","Fanny Ovesen"
tt0313542,5,2026-01-04,"De utvalda","Runaway Jury",https://www.imdb.com/title/tt0313542,Movie,7.1,127,2003,"Crime, Drama, Thriller",122793,"2004-03-05","Gary Fleder"
tt31030101,7,2026-01-02,"American Conspiracy: The Octopus Murders","American Conspiracy: The Octopus Murders",https://www.imdb.com/title/tt31030101,TV Series,6.7,,2024,"Documentary, Crime",4152,"2024-02-28",
tt38984577,7,2026-01-02,"Murder in Monaco","Murder in Monaco",https://www.imdb.com/title/tt38984577,Movie,6.5,90,2025,"Documentary, Crime",3874,"2025-12-17","Hodges Usry"
tt24176060,5,2026-01-02,"Queer","Queer",https://www.imdb.com/title/tt24176060,Movie,6.3,137,2024,"Drama, Biography, History, Romance",31320,"2025-03-14","Luca Guadagnino"
tt0077578,3,2026-01-02,"Tjejen som visste för mycket","Foul Play",https://www.imdb.com/title/tt0077578,Movie,6.8,116,1978,"Mystery, Thriller, Comedy",19836,"1979-03-07","Colin Higgins"
tt1343097,6,2025-12-31,"Luftslottet som sprängdes","Luftslottet som sprängdes",https://www.imdb.com/title/tt1343097,Movie,7.3,147,2009,"Thriller, Crime, Drama, Mystery",78299,"2009-11-27","Daniel Alfredson"
tt1216487,6,2025-12-30,"Flickan som lekte med elden","Flickan som lekte med elden",https://www.imdb.com/title/tt1216487,Movie,7.1,129,2009,"Thriller, Mystery, Crime, Drama, Action",102826,"2009-09-18","Daniel Alfredson"
tt0099939,6,2025-12-30,"King of New York","King of New York",https://www.imdb.com/title/tt0099939,Movie,6.9,103,1990,"Thriller, Crime",50108,"1991-08-29","Abel Ferrara"
tt30144839,6,2025-12-30,"One Battle After Another","One Battle After Another",https://www.imdb.com/title/tt30144839,Movie,7.6,161,2025,"Crime, Thriller",449289,"2025-09-26","Paul Thomas Anderson"
tt37660887,7,2025-12-29,"Cover-Up: Seymour Hersh och jakten på sanningen","Cover-Up",https://www.imdb.com/title/tt37660887,Movie,7.4,117,2025,"Documentary",4172,"2025-12-26","Mark Obenhaus,Laura Poitras"
tt32063098,6,2025-12-29,"Ballad of a Small Player","Ballad of a Small Player",https://www.imdb.com/title/tt32063098,Movie,5.9,101,2025,"Thriller, Drama, Mystery, Crime",26765,"2025-10-29","Edward Berger"
tt0039677,6,2025-12-27,"En natt att leva","Odd Man Out",https://www.imdb.com/title/tt0039677,Movie,7.6,116,1947,"Drama, Film-Noir, Crime, Thriller",13316,"1947-09-22","Carol Reed"
tt16300138,5,2025-12-27,"I Used to Be Funny","I Used to Be Funny",https://www.imdb.com/title/tt16300138,Movie,6.4,105,2023,"Comedy, Drama, Mystery",5103,"2024-07-08","Ally Pankiw"
tt12001534,5,2025-12-25,"Torsdagsmordklubben","The Thursday Murder Club",https://www.imdb.com/title/tt12001534,Movie,6.5,118,2025,"Mystery, Comedy, Crime, Thriller",93154,"2025-08-28","Chris Columbus"
tt0985699,6,2025-12-21,"Valkyria","Valkyrie",https://www.imdb.com/title/tt0985699,Movie,7.1,121,2008,"Thriller, War, Drama, History",277525,"2009-01-30","Bryan Singer"
tt14364480,7,2025-12-19,"Wake Up Dead Man: A Knives Out Mystery","Wake Up Dead Man",https://www.imdb.com/title/tt14364480,Movie,7.3,144,2025,"Thriller, Comedy, Crime, Drama, Mystery",261691,"2025-12-12","Rian Johnson"
tt11564570,4,2025-12-19,"Glass Onion: A Knives Out Mystery","Glass Onion",https://www.imdb.com/title/tt11564570,Movie,7.1,139,2022,"Crime, Thriller, Drama, Mystery, Comedy",534620,"2022-12-23","Rian Johnson"
tt0116736,6,2025-12-13,"Jägarna","Jägarna",https://www.imdb.com/title/tt0116736,Movie,7.0,113,1996,"Crime, Thriller",10331,"1996-01-31","Kjell Sundvall"
tt0106779,6,2025-12-13,"Drömkåken","Drömkåken",https://www.imdb.com/title/tt0106779,Movie,5.6,101,1993,"Comedy",4025,"1993-10-29","Peter Dalle"
tt0118467,6,2025-12-12,"Snoken","Snoken",https://www.imdb.com/title/tt0118467,TV Series,6.5,58,1993,"Crime, Drama",316,"1993-04-05",
tt29768334,7,2025-12-11,"Train Dreams","Train Dreams",https://www.imdb.com/title/tt29768334,Movie,7.5,102,2025,"Drama",116746,"2025-11-21","Clint Bentley"
tt28256835,5,2025-12-10,"Paraplymordet - Historien om agent Piccadilly","Paraplymordet - Historien om agent Piccadilly",https://www.imdb.com/title/tt28256835,TV Mini Series,6.9,58,2023,"Documentary, Crime, History, Mystery",26,"2023-02-24",
tt7456722,6,2025-12-09,"Hunters","Hunters",https://www.imdb.com/title/tt7456722,TV Series,7.2,60,2020,"Drama, Crime, Mystery",57910,"2020-02-21",
tt8965666,7,2025-12-07,"Dispatches from Elsewhere","Dispatches from Elsewhere",https://www.imdb.com/title/tt8965666,TV Mini Series,6.8,45,2020,"Drama, Mystery",7224,"2021-01-02",
tt10304142,6,2025-12-07,"Amsterdam","Amsterdam",https://www.imdb.com/title/tt10304142,Movie,6.2,134,2022,"Drama, History, Comedy, Mystery, Thriller, Romance",109398,"2022-10-14","David O. Russell"
tt0090531,7,2025-12-05,"Studierektorns sista strid","Studierektorns sista strid",https://www.imdb.com/title/tt0090531,TV Mini Series,7.0,,1986,"Crime, Comedy",99,"1986-10-10",
tt0081855,8,2025-12-05,"Dubbelsvindlarna","Dubbelsvindlarna",https://www.imdb.com/title/tt0081855,TV Mini Series,6.7,,1982,"Comedy, Crime",141,"1982-04-23",
tt0233048,7,2025-12-05,"Dubbelstötarna","Dubbelstötarna",https://www.imdb.com/title/tt0233048,TV Mini Series,7.0,,1980,"Crime, Comedy",211,"1980-03-23",
tt0092453,6,2025-12-04,"Som man ropar","Som man ropar",https://www.imdb.com/title/tt0092453,TV Mini Series,6.4,,1988,"Thriller, Crime",59,"1988-01-02",
tt0093241,6,2025-12-04,"Idag röd","Idag röd",https://www.imdb.com/title/tt0093241,TV Movie,6.2,108,1987,"Crime, Thriller",149,"1987-10-12","Jonas Cornell"
tt0094191,6,2025-12-03,"Träff i helfigur","Träff i helfigur",https://www.imdb.com/title/tt0094191,TV Movie,6.2,116,1987,"Thriller, Crime",125,"1987-11-09","Pelle Seth"
tt3402138,6,2025-12-01,"The Naked Gun","The Naked Gun",https://www.imdb.com/title/tt3402138,Movie,6.3,85,2025,"Comedy, Action, Crime",135926,"2025-08-01","Akiva Schaffer"
tt5540188,7,2025-12-01,"The Nile Hilton Incident","The Nile Hilton Incident",https://www.imdb.com/title/tt5540188,Movie,6.8,111,2017,"Thriller, Crime, Drama, Mystery",10589,"2017-09-29","Tarik Saleh"
tt0040897,8,2025-12-01,"Sierra Madres skatt","The Treasure of the Sierra Madre",https://www.imdb.com/title/tt0040897,Movie,8.2,126,1948,"Western, Drama, Adventure",142916,"1948-04-29","John Huston"
tt0441774,7,2025-11-30,"Lonely Hearts Killers","Lonely Hearts",https://www.imdb.com/title/tt0441774,Movie,6.4,108,2006,"Crime, Drama, Thriller, Romance, Biography, History",23382,"2006-10-20","Todd Robinson"
tt34965959,4,2025-11-30,"Zodiac Killer Project","Zodiac Killer Project",https://www.imdb.com/title/tt34965959,Movie,6.1,91,2025,"Documentary, Crime, Mystery",562,"2025-11-28","Charlie Shackleton"
tt0093459,5,2025-11-30,"Lysande landning","Lysande landning",https://www.imdb.com/title/tt0093459,TV Movie,6.3,103,1987,"Thriller, Crime",125,"1987-10-26","Jonas Cornell"
tt0099818,6,2025-11-30,"I Hired a Contract Killer","I Hired a Contract Killer",https://www.imdb.com/title/tt0099818,Movie,7.1,79,1990,"Comedy, Romance, Crime, Drama",9119,"1990-12-25","Aki Kaurismäki"
tt31974367,6,2025-11-30,"The Beast in Me","The Beast in Me",https://www.imdb.com/title/tt31974367,TV Series,7.4,50,2025,"Drama, Mystery, Thriller, Crime",82387,"2025-11-13",
tt0097728,5,2025-11-29,"Leningrad Cowboys Go America","Leningrad Cowboys Go America",https://www.imdb.com/title/tt0097728,Movie,7.0,79,1989,"Music, Comedy",9626,"1989-08-04","Aki Kaurismäki"
tt0070511,8,2025-11-29,"Papillon","Papillon",https://www.imdb.com/title/tt0070511,Movie,8.0,151,1973,"Biography, Crime, Drama",147148,"1974-01-28","Franklin J. Schaffner"
tt0098532,6,2025-11-29,"Flickan från tändsticksfabriken","Tulitikkutehtaan tyttö",https://www.imdb.com/title/tt0098532,Movie,7.5,69,1990,"Comedy, Crime, Drama",13960,"1990-09-07","Aki Kaurismäki"
tt6470924,5,2025-11-23,"Berlin Alexanderplatz","Berlin Alexanderplatz",https://www.imdb.com/title/tt6470924,Movie,6.9,183,2020,"Drama, Crime, Thriller",4378,"2021-05-12","Burhan Qurbani"
tt32376165,6,2025-11-23,"A House of Dynamite","A House of Dynamite",https://www.imdb.com/title/tt32376165,Movie,6.4,112,2025,"Thriller, Drama",123827,"2025-10-10","Kathryn Bigelow"
tt0107983,7,2025-11-20,"Romeo Is Bleeding","Romeo Is Bleeding",https://www.imdb.com/title/tt0107983,Movie,6.5,110,1993,"Crime, Romance, Drama",17152,"1994-02-04","Peter Medak"
tt0401792,7,2025-11-13,"Sin City","Sin City",https://www.imdb.com/title/tt0401792,Movie,8.0,124,2005,"Crime, Thriller",824591,"2005-07-01","Frank Miller,Robert Rodriguez"
tt0068182,7,2025-11-13,"Aguirre - Guds vrede","Aguirre, der Zorn Gottes",https://www.imdb.com/title/tt0068182,Movie,7.8,95,1972,"History, Biography, Action, Drama, Adventure",69218,"1972-12-29","Werner Herzog"
tt0498399,6,2025-11-10,"We Own the Night","We Own the Night",https://www.imdb.com/title/tt0498399,Movie,6.8,117,2007,"Crime, Drama, Thriller",97273,"2008-01-18","James Gray"
tt21917088,6,2025-11-09,"Werner Herzog: Radical Dreamer","Werner Herzog: Radical Dreamer",https://www.imdb.com/title/tt21917088,Movie,7.1,102,2022,"Documentary, Biography",946,"2023-09-08","Thomas von Steinaecker"
tt0099762,6,2025-11-07,"Henry & June","Henry & June",https://www.imdb.com/title/tt0099762,Movie,6.3,136,1990,"Biography, Drama",15062,"1990-09-28","Philip Kaufman"
tt6053438,7,2025-11-04,"First Reformed","First Reformed",https://www.imdb.com/title/tt6053438,Movie,7.1,113,2017,"Drama, Thriller, Mystery",68608,"2018-06-08","Paul Schrader"
tt0458242,7,2025-11-04,"Ljus i skymningen","Laitakaupungin valot",https://www.imdb.com/title/tt0458242,Movie,6.8,78,2006,"Drama, Crime",8978,"2006-08-11","Aki Kaurismäki"
tt0309987,5,2025-11-02,"Dreamers","The Dreamers",https://www.imdb.com/title/tt0309987,Movie,7.1,115,2003,"Romance, Drama",142491,"2004-02-13","Bernardo Bertolucci"
tt0260866,6,2025-10-30,"Don't Say a Word","Don't Say a Word",https://www.imdb.com/title/tt0260866,Movie,6.3,113,2001,"Drama, Mystery, Thriller",68657,"2001-11-30","Gary Fleder"
tt0042192,5,2025-10-29,"Allt om Eva","All About Eve",https://www.imdb.com/title/tt0042192,Movie,8.2,138,1950,"Drama",150794,"1951-01-15","Joseph L. Mankiewicz"
tt31987295,5,2025-10-29,"The Chair Company","The Chair Company",https://www.imdb.com/title/tt31987295,TV Series,7.3,,2025,"Comedy, Thriller",19887,"2025-10-13",
tt32143856,6,2025-10-21,"Motgift","Antidote",https://www.imdb.com/title/tt32143856,Movie,7.4,89,2024,"Documentary, Crime",296,"2025-10-19","James Jones"
tt0117723,6,2025-10-19,"Spy Hard","Spy Hard",https://www.imdb.com/title/tt0117723,Movie,5.3,81,1996,"Comedy, Action",43357,"1996-07-12","Rick Friedberg"
tt17009710,6,2025-10-18,"Fritt fall","Anatomie d'une chute",https://www.imdb.com/title/tt17009710,Movie,7.6,151,2023,"Drama, Thriller, Crime, Mystery",238505,"2023-09-22","Justine Triet"
tt0265651,4,2025-10-16,"Ripley's Game - En man med onda avsikter","Ripley's Game",https://www.imdb.com/title/tt0265651,Movie,6.6,110,2002,"Crime, Mystery, Drama, Thriller",20787,"2003-07-11","Liliana Cavani"
tt1976000,8,2025-10-16,"The Two Faces of January","The Two Faces of January",https://www.imdb.com/title/tt1976000,Movie,6.2,96,2014,"Thriller, Romance, Crime, Mystery",35337,"2014-05-16","Hossein Amini"
tt1401152,6,2025-10-16,"Unknown","Unknown",https://www.imdb.com/title/tt1401152,Movie,6.8,113,2011,"Thriller, Mystery, Action",277723,"2011-06-17","Jaume Collet-Serra"
tt2261331,6,2025-10-16,"Black Sea","Black Sea",https://www.imdb.com/title/tt2261331,Movie,6.4,114,2014,"Adventure, Thriller, Drama",43391,"2015-04-10","Kevin Macdonald"
tt0362225,6,2025-10-15,"Berätta inte för någon","Ne le dis à personne",https://www.imdb.com/title/tt0362225,Movie,7.5,131,2006,"Drama, Thriller, Crime, Mystery, Romance",62105,"2007-08-24","Guillaume Canet"
tt0096163,8,2025-10-15,"Spårlöst försvunnen","Spoorloos",https://www.imdb.com/title/tt0096163,Movie,7.6,107,1988,"Thriller, Mystery",56420,"1988-10-27","George Sluizer"
tt7160372,6,2025-10-15,"The Zone of Interest","The Zone of Interest",https://www.imdb.com/title/tt7160372,Movie,7.3,105,2023,"Drama, History, War",193228,"2024-02-09","Jonathan Glazer"
tt0103594,6,2025-10-14,"1492 - Den stora upptäckten","1492: Conquest of Paradise",https://www.imdb.com/title/tt0103594,Movie,6.4,154,1992,"History, Biography, Drama, Adventure",35640,"1992-12-18","Ridley Scott"
tt0110604,5,2025-10-14,"Tyst vittne","Mute Witness",https://www.imdb.com/title/tt0110604,Movie,6.7,95,1995,"Crime, Horror, Thriller",8533,"1996-02-09","Anthony Waller"
tt0137363,6,2025-10-14,"Arlington Road","Arlington Road",https://www.imdb.com/title/tt0137363,Movie,7.2,117,1999,"Crime, Drama, Action, Mystery, Thriller",100662,"1999-05-21","Mark Pellington"
tt0277327,6,2025-10-14,"Flykten från Gulag - ett tyskt soldatöde","So weit die Füße tragen",https://www.imdb.com/title/tt0277327,Movie,7.3,158,2001,"Drama, War, Action, Adventure",8967,"2001-12-27","Hardy Martins"
tt0112401,5,2025-10-14,"Dödligt möte","Assassins",https://www.imdb.com/title/tt0112401,Movie,6.3,133,1995,"Crime, Thriller, Action",93199,"1995-10-27","Richard Donner"
tt0262150,6,2025-10-09,"Böcker","Black Books",https://www.imdb.com/title/tt0262150,TV Series,8.4,25,2000,"Comedy",64834,"2001-08-21",
tt31710822,7,2025-10-09,"Untamed","Untamed",https://www.imdb.com/title/tt31710822,TV Series,7.1,50,2025,"Thriller, Drama, Mystery, Crime",74856,"2025-07-17",
tt0142688,10,2025-10-09,"The Ninth Gate","The Ninth Gate",https://www.imdb.com/title/tt0142688,Movie,6.7,133,1999,"Mystery, Thriller",212311,"1999-11-26","Roman Polanski"
tt2401256,8,2025-10-05,"The Night Of","The Night Of",https://www.imdb.com/title/tt2401256,TV Mini Series,8.4,60,2016,"Crime, Drama, Mystery",200739,"2021-10-26",
tt2368619,5,2025-10-05,"Bastille Day","Bastille Day",https://www.imdb.com/title/tt2368619,Movie,6.4,92,2016,"Action, Drama, Thriller, Crime, Adventure, Mystery",55882,"2016-04-22","James Watkins"
tt0309698,7,2025-10-05,"Identity","Identity",https://www.imdb.com/title/tt0309698,Movie,7.3,90,2003,"Thriller, Mystery",298351,"2003-08-22","James Mangold"
tt31806037,7,2025-09-19,"Adolescence","Adolescence",https://www.imdb.com/title/tt31806037,TV Mini Series,8.1,60,2025,"Crime, Drama, Thriller",317952,"2025-03-13",
tt31828121,5,2025-09-18,"Halva Malmö består av killar som dumpat mig","Halva Malmö består av killar som dumpat mig",https://www.imdb.com/title/tt31828121,TV Series,6.4,30,2025,"Drama, Comedy, Romance",2653,"2025-09-11",
tt0051959,6,2025-09-13,"Murder by Contract","Murder by Contract",https://www.imdb.com/title/tt0051959,Movie,7.2,81,1958,"Drama, Film-Noir, Crime, Thriller",5291,"1959-02-06","Irving Lerner"
tt7461686,7,2025-09-13,"Daddio","Daddio",https://www.imdb.com/title/tt7461686,Movie,6.7,100,2023,"Drama",16972,"2024-08-27","Christy Hall"
tt0065531,8,2025-09-12,"Den röda cirkeln","Le Cercle rouge",https://www.imdb.com/title/tt0065531,Movie,7.9,140,1970,"Drama, Crime, Thriller",32304,"1971-04-07","Jean-Pierre Melville"
tt0064638,5,2025-09-09,"Vem blir nästa offer, Marlowe?","Marlowe",https://www.imdb.com/title/tt0064638,Movie,6.4,96,1969,"Crime, Drama, Thriller, Mystery",4671,"1970-02-09","Paul Bogart"
tt0780516,6,2025-09-06,"Flawless","Flawless",https://www.imdb.com/title/tt0780516,Movie,6.7,108,2007,"Crime, Drama, Thriller",28741,"2008-11-28","Michael Radford"
tt0073312,8,2025-08-31,"Död och pina","Love and Death",https://www.imdb.com/title/tt0073312,Movie,7.6,85,1975,"War, Comedy",44254,"1976-01-14","Woody Allen"
tt0491152,6,2025-08-29,"Something Borrowed","Something Borrowed",https://www.imdb.com/title/tt0491152,Movie,5.8,112,2011,"Comedy, Romance, Drama",67985,"2011-06-17","Luke Greenfield"
tt32692255,8,2025-08-27,"Rageaholic: Film Noirchives: BLADE RUNNER","Rageaholic: Film Noirchives: BLADE RUNNER",https://www.imdb.com/title/tt32692255,TV Episode,null,,2019,"News",0,"2019-05-17",
tt0422720,4,2025-08-27,"Marie Antoinette","Marie Antoinette",https://www.imdb.com/title/tt0422720,Movie,6.5,123,2006,"Drama, Biography, History, Romance",133892,"2006-11-17","Sofia Coppola"
tt17351924,6,2025-08-26,"Saltburn","Saltburn",https://www.imdb.com/title/tt17351924,Movie,7.0,130,2023,"Thriller, Drama",272264,"2023-12-22","Emerald Fennell"
tt6048922,6,2025-08-23,"Greyhound","Greyhound",https://www.imdb.com/title/tt6048922,Movie,7.0,91,2020,"Drama, War, History, Action",137129,"2020-07-10","Aaron Schneider"
tt0179021,7,2025-08-19,"Michael Palin's Hemingway Adventure","Michael Palin's Hemingway Adventure",https://www.imdb.com/title/tt0179021,TV Series,7.3,50,1999,"Documentary, Adventure",578,"1999-10-17",
tt1346951,6,2025-08-19,"Around the World in 20 Years","Around the World in 20 Years",https://www.imdb.com/title/tt1346951,TV Movie,7.8,59,2008,"Documentary",395,"2008-12-30","Roger Mills"
tt0096536,7,2025-08-19,"Around the World in 80 Days","Around the World in 80 Days",https://www.imdb.com/title/tt0096536,TV Mini Series,8.6,49,1989,"Documentary, Adventure",2104,"1989-10-11",
tt0119395,6,2025-08-17,"Schakalen","The Jackal",https://www.imdb.com/title/tt0119395,Movie,6.4,124,1997,"Drama, Action, Crime, Thriller",132240,"1998-04-17","Michael Caton-Jones"
tt0488085,6,2025-08-17,"Big Nothing","Big Nothing",https://www.imdb.com/title/tt0488085,Movie,6.7,86,2006,"Comedy, Thriller, Crime",33297,"2006-12-01","Jean-Baptiste Andrea"
tt0112688,6,2025-08-17,"Clockers","Clockers",https://www.imdb.com/title/tt0112688,Movie,6.9,128,1995,"Crime, Mystery, Drama",25181,"1996-02-09","Spike Lee"
tt31567422,6,2025-08-16,"Mörkret som faller","Night Always Comes",https://www.imdb.com/title/tt31567422,Movie,5.9,108,2025,"Drama, Crime, Thriller",16597,"2025-08-15","Benjamin Caron"
tt10072662,4,2025-08-16,"En liten bokhandel i Paris","Il materiale emotivo",https://www.imdb.com/title/tt10072662,Movie,5.6,89,2021,"Comedy, Drama, Romance",1137,"2023-02-17","Sergio Castellitto"
tt32064571,2,2025-08-16,"Nova & Alice","Nova & Alice",https://www.imdb.com/title/tt32064571,Movie,5.9,110,2024,"Drama, Music, Romance",604,"2024-09-13","Emma Bucht"
tt0101889,7,2025-08-15,"Fisher King","The Fisher King",https://www.imdb.com/title/tt0101889,Movie,7.5,137,1991,"Fantasy, Drama, Comedy",97752,"1991-10-11","Terry Gilliam"
tt23030000,8,2025-08-12,"Jet Lag: The Game","Jet Lag: The Game",https://www.imdb.com/title/tt23030000,TV Series,9.3,,2022,"Game-Show, Adventure, Comedy",763,"2022-05-25",
tt0146309,7,2025-08-12,"Tretton dagar","Thirteen Days",https://www.imdb.com/title/tt0146309,Movie,7.3,145,2000,"History, Drama, Thriller",65959,"2001-04-20","Roger Donaldson"
tt36235228,3,2025-08-10,"Amy's Dead-End Dreamhouse","Amy's Dead-End Dreamhouse",https://www.imdb.com/title/tt36235228,TV Series,6.3,28,2025,"Comedy",45,"2025-07-13",
tt0162677,6,2025-08-06,"Summer of Sam","Summer of Sam",https://www.imdb.com/title/tt0162677,Movie,6.7,142,1999,"Crime, Thriller, Romance, Drama",44580,"2000-01-14","Spike Lee"
tt14230458,7,2025-08-06,"Poor Things","Poor Things",https://www.imdb.com/title/tt14230458,Movie,7.7,141,2023,"Romance, Sci-Fi, Comedy, Drama",424309,"2024-01-26","Yorgos Lanthimos"
tt1602613,6,2025-08-04,"Only God Forgives","Only God Forgives",https://www.imdb.com/title/tt1602613,Movie,5.7,90,2013,"Crime, Drama, Thriller, Action",123982,"2013-05-31","Nicolas Winding Refn"
tt36936684,8,2025-08-04,"The Palme Assassination: The Lost Trail","The Palme Assassination: The Lost Trail",https://www.imdb.com/title/tt36936684,Movie,7.6,,2025,"Documentary",9,"2025-01-02","Marc Pennartz,Peter Isaksson"
tt6296094,7,2025-08-02,"Lastman","Lastman",https://www.imdb.com/title/tt6296094,TV Series,8.4,11,2016,"Animation, Action, Drama, Sport, Fantasy, Thriller, Comedy, Adventure, Horror, Crime",2107,"2016-11-22",
tt1244754,6,2025-08-01,"Conviction","Conviction",https://www.imdb.com/title/tt1244754,Movie,7.2,107,2010,"Biography, Drama, Crime",48507,"2010-11-05","Tony Goldwyn"
tt9777666,5,2025-08-01,"The Tomorrow War","The Tomorrow War",https://www.imdb.com/title/tt9777666,Movie,6.6,138,2021,"Action, Sci-Fi, Adventure, Thriller, Drama",258232,"2021-07-02","Chris McKay"
tt0097742,4,2025-07-31,"Tid för hämnd","Licence to Kill",https://www.imdb.com/title/tt0097742,Movie,6.7,133,1989,"Thriller, Adventure, Action",121959,"1989-07-07","John Glen"
tt0143145,4,2025-07-30,"Världen räcker inte till","The World Is Not Enough",https://www.imdb.com/title/tt0143145,Movie,6.4,128,1999,"Adventure, Thriller, Action",222466,"1999-12-08","Michael Apted"
tt0113189,6,2025-07-30,"GoldenEye","GoldenEye",https://www.imdb.com/title/tt0113189,Movie,7.2,130,1995,"Thriller, Adventure, Action",289130,"1995-12-08","Martin Campbell"
tt0920462,3,2025-07-30,"Lost Girls and Love Hotels","Lost Girls and Love Hotels",https://www.imdb.com/title/tt0920462,Movie,4.8,97,2020,"Drama, Thriller",6450,"2020-09-18","William Olsson"
tt4602066,5,2025-07-26,"The Catcher Was a Spy","The Catcher Was a Spy",https://www.imdb.com/title/tt4602066,Movie,6.3,94,2018,"Drama, Biography, War",13869,"2018-06-22","Ben Lewin"
tt14579510,8,2025-07-26,"Varje morgon likadant","Varje morgon likadant",https://www.imdb.com/title/tt14579510,TV Special,8.1,54,1992,"Documentary",9,"1992-04-07","Ylva Hemstad"
tt0098051,5,2025-07-23,"I sista sekunden","The Package",https://www.imdb.com/title/tt0098051,Movie,6.4,108,1989,"Action, Crime, Drama, Thriller",14586,"1989-10-27","Andrew Davis"
tt0120347,5,2025-07-20,"Tomorrow Never Dies","Tomorrow Never Dies",https://www.imdb.com/title/tt0120347,Movie,6.5,119,1997,"Thriller, Adventure, Action",217955,"1997-12-19","Roger Spottiswoode"
tt0119978,7,2025-07-19,"Regnmakaren","The Rainmaker",https://www.imdb.com/title/tt0119978,Movie,7.2,135,1997,"Thriller, Crime, Drama",93793,"1998-05-08","Francis Ford Coppola"
tt0116905,6,2025-07-18,"Lone Star","Lone Star",https://www.imdb.com/title/tt0116905,Movie,7.4,135,1996,"Western, Drama, Mystery",36346,"1997-03-28","John Sayles"
tt0060660,4,2025-07-18,"Mellan jazz och gryning","A Man Called Adam",https://www.imdb.com/title/tt0060660,Movie,6.6,104,1966,"Music, Drama",879,"1967-03-17","Leo Penn"
tt0071315,9,2025-07-18,"Chinatown","Chinatown",https://www.imdb.com/title/tt0071315,Movie,8.1,130,1974,"Drama, Thriller, Mystery",380745,"1974-12-16","Roman Polanski"
tt0075675,6,2025-07-15,"Den amerikanske vännen","Der amerikanische Freund",https://www.imdb.com/title/tt0075675,Movie,7.4,128,1977,"Drama, Crime, Thriller, Mystery",21590,"1978-01-30","Wim Wenders"
tt3706352,6,2025-07-15,"All the Old Knives","All the Old Knives",https://www.imdb.com/title/tt3706352,Movie,6.2,101,2022,"Thriller, Mystery",32466,"2022-04-08","Janus Metz"
tt11196036,5,2025-07-15,"The Card Counter","The Card Counter",https://www.imdb.com/title/tt11196036,Movie,6.2,111,2021,"Thriller, Drama, Crime",47684,"2021-11-05","Paul Schrader"
tt1924396,7,2025-07-14,"The Best offer","La migliore offerta",https://www.imdb.com/title/tt1924396,Movie,7.7,131,2013,"Drama, Romance, Crime, Mystery, Thriller",138795,"2013-01-01","Giuseppe Tornatore"
tt8342680,8,2025-07-14,"Picture of Lies","The Burnt Orange Heresy",https://www.imdb.com/title/tt8342680,Movie,6.1,99,2019,"Drama, Thriller, Mystery",6867,"2020-03-06","Giuseppe Capotondi"
tt0120255,6,2025-07-14,"Ljuva morgondag","The Sweet Hereafter",https://www.imdb.com/title/tt0120255,Movie,7.4,112,1997,"Drama",37193,"1998-01-23","Atom Egoyan"
tt0119375,7,2025-07-06,"Insomnia","Insomnia",https://www.imdb.com/title/tt0119375,Movie,7.2,96,1997,"Mystery, Crime, Thriller",17793,"1997-03-14","Erik Skjoldbjærg"
tt0100143,6,2025-07-03,"Miami Blues","Miami Blues",https://www.imdb.com/title/tt0100143,Movie,6.4,97,1990,"Crime, Comedy, Drama, Thriller",11829,"1990-04-20","George Armitage"
tt0080408,8,2025-07-03,"Bad Timing","Bad Timing",https://www.imdb.com/title/tt0080408,Movie,6.9,123,1980,"Mystery, Thriller, Drama",10485,"1980-04-10","Nicolas Roeg"
tt16122518,7,2025-07-01,"Royals: Keeping the Crown","Royals: Keeping the Crown",https://www.imdb.com/title/tt16122518,TV Series,7.8,,2021,"Documentary, History",77,"2022-09-15",
tt16826430,7,2025-06-30,"Night Call","La nuit se traîne",https://www.imdb.com/title/tt16826430,Movie,6.7,97,2024,"Thriller, Action",3919,"2025-01-20","Michiel Blanchart"
tt0034659,5,2025-06-30,"Doktor Glas","Doktor Glas",https://www.imdb.com/title/tt0034659,Movie,5.8,89,1942,"Drama",132,"1942-11-30","Rune Carlsten"
tt6675244,8,2025-06-29,"Transit","Transit",https://www.imdb.com/title/tt6675244,Movie,6.9,101,2018,"Drama, Sci-Fi",13071,"2018-11-30","Christian Petzold"
tt31218239,7,2025-06-24,"Blur: To the End","Blur: To the End",https://www.imdb.com/title/tt31218239,Movie,7.1,104,2024,"Documentary, Music, Biography, History",967,"2024-09-06","Toby L."
tt0078152,8,2025-06-23,"Les rendez-vous d'Anna","Les rendez-vous d'Anna",https://www.imdb.com/title/tt0078152,Movie,7.3,128,1978,"Drama",2731,"1978-11-08","Chantal Akerman"
tt1135092,6,2025-06-23,"The Limits of Control","The Limits of Control",https://www.imdb.com/title/tt1135092,Movie,6.2,116,2009,"Drama, Crime, Thriller, Mystery",22056,"2009-09-19","Jim Jarmusch"
tt0061113,5,2025-06-23,"Trans-Europ-Express","Trans-Europ-Express",https://www.imdb.com/title/tt0061113,Movie,7.0,105,1966,"Comedy, Drama, Mystery, Thriller",2364,"1967-08-16","Alain Robbe-Grillet"
tt0118548,5,2025-06-23,"Absolut makt","Absolute Power",https://www.imdb.com/title/tt0118548,Movie,6.7,121,1997,"Crime, Drama, Action, Thriller",65695,"1997-05-30","Clint Eastwood"
tt0488120,6,2025-06-22,"Bristande bevis","Fracture",https://www.imdb.com/title/tt0488120,Movie,7.2,113,2007,"Crime, Drama, Thriller",239078,"2007-08-31","Gregory Hoblit"
tt1139328,8,2025-06-22,"The Ghost Writer","The Ghost Writer",https://www.imdb.com/title/tt1139328,Movie,7.2,128,2010,"Mystery, Thriller, Drama, Crime",177777,"2010-04-16","Roman Polanski"
tt0052561,7,2025-06-11,"Analys av ett mord","Anatomy of a Murder",https://www.imdb.com/title/tt0052561,Movie,8.0,161,1959,"Drama, Mystery",78950,"1959-09-26","Otto Preminger"
tt12299608,7,2025-06-07,"Mickey 17","Mickey 17",https://www.imdb.com/title/tt12299608,Movie,6.7,137,2025,"Sci-Fi, Adventure, Fantasy, Comedy",265902,"2025-03-07","Bong Joon Ho"
tt21815562,7,2025-06-07,"The Alto Knights","The Alto Knights",https://www.imdb.com/title/tt21815562,Movie,5.9,123,2025,"Drama, Biography, Crime, History",22690,"2025-04-11","Barry Levinson"
tt0394558,6,2025-06-02,"Fallen Angels: Red Wind","Fallen Angels: Red Wind",https://www.imdb.com/title/tt0394558,TV Episode,6.0,60,1995,"Crime, Mystery, Thriller, Drama",58,"1995-11-26","Agnieszka Holland"
tt0274711,6,2025-05-30,"People I Know","People I Know",https://www.imdb.com/title/tt0274711,Movie,5.4,100,2002,"Crime, Mystery, Drama",12352,"2002-09-06","Daniel Algrant"
tt0099673,5,2025-05-27,"God afton, herr Wallenberg","God afton, herr Wallenberg",https://www.imdb.com/title/tt0099673,Movie,6.4,118,1990,"Biography, Drama, War",1235,"1990-10-05","Kjell Grede"
tt0425458,8,2025-05-21,"Six Shooter","Six Shooter",https://www.imdb.com/title/tt0425458,Short,7.4,27,2004,"Short, Comedy, Drama",15802,"2005-02","Martin McDonagh"
tt0111149,6,2025-05-21,"Dödsleken","Shallow Grave",https://www.imdb.com/title/tt0111149,Movie,7.2,89,1994,"Crime, Drama, Thriller",71721,"1995-10-20","Danny Boyle"
tt0472043,8,2025-05-18,"Apocalypto","Apocalypto",https://www.imdb.com/title/tt0472043,Movie,7.9,139,2006,"Adventure, Drama, Thriller, Action",365040,"2007-02-23","Mel Gibson"
tt0311519,7,2025-05-18,"Mannen utan minne","Mies vailla menneisyyttä",https://www.imdb.com/title/tt0311519,Movie,7.6,97,2002,"Romance, Drama, Comedy",29333,"2002-08-02","Aki Kaurismäki"
tt1740047,7,2025-05-15,"The Trip","The Trip",https://www.imdb.com/title/tt1740047,Movie,7.0,112,2010,"Comedy, Drama",24317,"2011-08-05","Michael Winterbottom"
tt36910434,8,2025-05-15,"Sverige och kriget","Sverige och kriget",https://www.imdb.com/title/tt36910434,TV Series,8.1,60,2025,"Documentary, History, War",185,"2025-05-11",
tt0098258,7,2025-05-11,"Snacka går ju...","Say Anything...",https://www.imdb.com/title/tt0098258,Movie,7.3,100,1989,"Comedy, Romance, Drama",104252,"1989-08-25","Cameron Crowe"
tt0089370,6,2025-05-11,"Den vilda jakten på juvelen","The Jewel of the Nile",https://www.imdb.com/title/tt0089370,Movie,6.1,106,1985,"Romance, Comedy, Adventure, Action",66883,"1986-03-14","Lewis Teague"
tt0088011,8,2025-05-10,"Den vilda jakten på stenen","Romancing the Stone",https://www.imdb.com/title/tt0088011,Movie,6.9,106,1984,"Romance, Comedy, Adventure, Action",113376,"1984-09-21","Robert Zemeckis"
tt0134273,7,2025-05-10,"Super 8","8MM",https://www.imdb.com/title/tt0134273,Movie,6.6,123,1999,"Crime, Drama, Thriller, Mystery",152911,"1999-02-26","Joel Schumacher"
tt6628394,7,2025-05-10,"Bad Times at the El Royale","Bad Times at the El Royale",https://www.imdb.com/title/tt6628394,Movie,7.1,141,2018,"Thriller, Mystery, Crime, Drama",181085,"2018-10-17","Drew Goddard"
tt11813216,8,2025-05-09,"The Banshees of Inisherin","The Banshees of Inisherin",https://www.imdb.com/title/tt11813216,Movie,7.6,114,2022,"Drama, Comedy",300897,"2023-01-27","Martin McDonagh"
tt6812460,6,2025-05-05,"Rain Catcher","Rain Catcher",https://www.imdb.com/title/tt6812460,Short,6.7,17,2018,"Short, Thriller",1258,"2018-10-07","Michele Fiascaris"
tt21823606,6,2025-05-04,"A Real Pain","A Real Pain",https://www.imdb.com/title/tt21823606,Movie,7.0,90,2024,"Comedy, Drama",166730,"2025-01-24","Jesse Eisenberg"
tt8629592,6,2025-05-01,"Last Call","Last Call",https://www.imdb.com/title/tt8629592,Movie,6.5,77,2019,"Drama, Thriller",664,"2025-04-25","Gavin Michael Booth"
tt26584495,6,2025-04-26,"Companion","Companion",https://www.imdb.com/title/tt26584495,Movie,6.9,97,2025,"Thriller, Sci-Fi",192267,"2025-01-31","Drew Hancock"
tt0491230,5,2025-04-18,"Wallander: Afrikanen","Wallander: Afrikanen",https://www.imdb.com/title/tt0491230,TV Episode,5.8,88,2005,"Crime, Mystery, Drama, Thriller",1089,"2006-12-23","Stephan Apelgren"
tt0266425,7,2025-04-15,"Konspirationen","Conspiracy",https://www.imdb.com/title/tt0266425,TV Movie,7.6,96,2001,"War, History, Biography, Drama",30914,"2006-01-27","Frank Pierson"
tt13984268,6,2025-04-15,"Flott & lagom","Flott & lagom",https://www.imdb.com/title/tt13984268,TV Movie,null,100,1992,"Comedy",0,"1992-03-21","Tomas Ryberger"
tt0094675,6,2025-03-11,"Ariel","Ariel",https://www.imdb.com/title/tt0094675,Movie,7.4,72,1988,"Romance, Crime, Drama, Comedy",10047,"1989-03-03","Aki Kaurismäki"
tt0092149,6,2025-03-10,"Skuggor i paradiset","Varjoja paratiisissa",https://www.imdb.com/title/tt0092149,Movie,7.4,74,1986,"Drama, Music, Romance, Comedy",8877,"1992-01-31","Aki Kaurismäki"
tt0116752,7,2025-03-09,"Moln på drift","Kauas pilvet karkaavat",https://www.imdb.com/title/tt0116752,Movie,7.6,95,1996,"Drama, Comedy",10824,"1996-11-22","Aki Kaurismäki"
tt11563598,9,2025-03-07,"A Complete Unknown","A Complete Unknown",https://www.imdb.com/title/tt11563598,Movie,7.3,141,2024,"Biography, Drama, Music",122822,"2025-02-21","James Mangold"
tt22687790,4,2025-03-06,"Mord i Venedig","A Haunting in Venice",https://www.imdb.com/title/tt22687790,Movie,6.5,103,2023,"Thriller, Crime, Drama, Mystery, Horror",144286,"2023-09-15","Kenneth Branagh"
tt14824600,4,2025-03-06,"Sagan om ringen: Striden vid Rohan","The Lord of the Rings: The War of the Rohirrim",https://www.imdb.com/title/tt14824600,Movie,6.3,134,2024,"Animation, Action, Adventure, Drama, Fantasy, History",42108,"2024-12-13","Kenji Kamiyama"
tt1508675,8,2025-02-22,"Mannen från Le Havre","Le Havre",https://www.imdb.com/title/tt1508675,Movie,7.2,93,2011,"Comedy, Drama",25670,"2011-12-25","Aki Kaurismäki"
tt0069947,6,2025-02-22,"Schakalen","The Day of the Jackal",https://www.imdb.com/title/tt0069947,Movie,7.8,143,1973,"Crime, Drama, Thriller",53788,"1973-09-05","Fred Zinnemann"
tt0091867,6,2025-02-22,"Ett rum med utsikt","A Room with a View",https://www.imdb.com/title/tt0091867,Movie,7.2,117,1986,"Romance, Drama",53258,"1987-04-17","James Ivory"
tt0120906,8,2025-02-17,"Zero Effect","Zero Effect",https://www.imdb.com/title/tt0120906,Movie,6.8,116,1998,"Mystery, Crime, Drama, Romance, Thriller, Comedy",16213,"1998-01-30","Jake Kasdan"
tt27846061,6,2025-02-16,"Ludwig - Pusseldetektiven","Ludwig",https://www.imdb.com/title/tt27846061,TV Series,8.1,,2024,"Comedy, Crime, Drama, Mystery",26046,"2025-02-01",
tt1998372,6,2025-02-16,"Under the Banner of Heaven","Under the Banner of Heaven",https://www.imdb.com/title/tt1998372,TV Mini Series,7.5,67,2022,"Drama, Crime, Mystery, Thriller",43966,"2022-07-27",
tt0041375,5,2025-02-01,"Flickan från tredje raden","Flickan från tredje raden",https://www.imdb.com/title/tt0041375,Movie,7.1,88,1949,"Comedy, Drama",342,"1949-08-29","Hasse Ekman"
tt9577852,6,2025-01-26,"Rolling Thunder Revue: A Bob Dylan Story by Martin Scorsese","Rolling Thunder Revue: A Bob Dylan Story by Martin Scorsese",https://www.imdb.com/title/tt9577852,Movie,7.5,142,2019,"Documentary, Music, Biography, History",8762,"2019-06-12","Martin Scorsese"
tt0227445,5,2025-01-26,"The Score","The Score",https://www.imdb.com/title/tt0227445,Movie,6.8,124,2001,"Drama, Crime, Thriller",145768,"2001-11-02","Frank Oz"
tt34883015,5,2025-01-26,"Truman Capote - En true crime-klassiker skapas","'De sang-froid' de Truman Capote - Six morts dans la nuit",https://www.imdb.com/title/tt34883015,TV Movie,6.7,53,2024,"Documentary",40,"2025-01-12","Frédéric Bas,Julien Gaurichon"
tt27098641,6,2025-01-25,"Getting Lost","Getting Lost",https://www.imdb.com/title/tt27098641,Movie,7.1,120,2024,"Documentary",1042,"2024-10-15","Taylor Morden"
tt0042208,7,2025-01-22,"I asfaltens djungel","The Asphalt Jungle",https://www.imdb.com/title/tt0042208,Movie,7.8,112,1950,"Drama, Thriller, Crime, Film-Noir",33474,"1950-11-13","John Huston"
tt0056264,7,2025-01-20,"Myteriet på Bounty","Mutiny on the Bounty",https://www.imdb.com/title/tt0056264,Movie,7.2,178,1962,"Drama, History, Romance, Adventure",19739,"1962-12-26","Lewis Milestone,Carol Reed,George Seaton"
tt0046031,6,2025-01-19,"Träffpunkt Berlin","The Man Between",https://www.imdb.com/title/tt0046031,Movie,7.0,100,1953,"Crime, Romance, Drama, Thriller",2955,"1953-11-02","Carol Reed"
tt0898266,8,2025-01-19,"The Big Bang Theory","The Big Bang Theory",https://www.imdb.com/title/tt0898266,TV Series,8.1,22,2007,"Comedy, Romance",947729,"2008-04-10",
tt1553644,8,2025-01-19,"The Ricky Gervais Show","The Ricky Gervais Show",https://www.imdb.com/title/tt1553644,TV Series,8.4,30,2010,"Animation, Talk-Show, Comedy",17812,"2021-10-26",
tt1702042,8,2025-01-19,"En idiot på resa","An Idiot Abroad",https://www.imdb.com/title/tt1702042,TV Series,8.3,43,2010,"Documentary, Reality-TV, Comedy, Adventure",35919,"2011-01-18",
tt32759502,5,2025-01-19,"Vägen till ingenstans","Vägen till ingenstans",https://www.imdb.com/title/tt32759502,Movie,6.9,76,2024,"Documentary",135,"2024-10-11","Johan Palmgren"
tt0054821,8,2025-01-19,"Ställd mot väggen","Le Doulos",https://www.imdb.com/title/tt0054821,Movie,7.7,108,1962,"Crime, Thriller",13352,"1963-08-05","Jean-Pierre Melville"
tt0048421,5,2025-01-18,"New York Confidential","New York Confidential",https://www.imdb.com/title/tt0048421,Movie,7.1,88,1955,"Thriller, Film-Noir, Crime, Drama",1739,"1955-03-12","Russell Rouse"
tt0087062,6,2025-01-16,"City Heat","City Heat",https://www.imdb.com/title/tt0087062,Movie,5.5,97,1984,"Crime, Comedy, Action",11961,"1985-03-15","Richard Benjamin"
tt0110478,6,2025-01-12,"Maverick","Maverick",https://www.imdb.com/title/tt0110478,Movie,7.0,127,1994,"Action, Adventure, Comedy, Western",126195,"1994-07-01","Richard Donner"
tt0112681,7,2025-01-12,"Citizen X","Citizen X",https://www.imdb.com/title/tt0112681,TV Movie,7.4,105,1995,"Crime, Drama, Biography, History, Thriller",27161,"1997-11-04","Chris Gerolmo"
tt0286244,8,2025-01-11,"Trion från Belleville","Les triplettes de Belleville",https://www.imdb.com/title/tt0286244,Movie,7.7,80,2003,"Animation, Comedy, Drama, Adventure, Music, Sport",58758,"2004-01-09","Sylvain Chomet"
tt0120591,4,2025-01-11,"Armageddon","Armageddon",https://www.imdb.com/title/tt0120591,Movie,6.7,151,1998,"Adventure, Sci-Fi, Thriller, Action",484488,"1998-07-09","Michael Bay"
tt0096446,6,2025-01-11,"Willow","Willow",https://www.imdb.com/title/tt0096446,Movie,7.2,126,1988,"Romance, Drama, Adventure, Fantasy, Action",139591,"1988-12-16","Ron Howard"
tt0126029,6,2025-01-11,"Shrek","Shrek",https://www.imdb.com/title/tt0126029,Movie,7.9,90,2001,"Animation, Fantasy, Comedy, Family, Adventure, Romance",822946,"2001-09-07","Andrew Adamson,Vicky Jenson"
tt0083946,7,2025-01-11,"Fitzcarraldo","Fitzcarraldo",https://www.imdb.com/title/tt0083946,Movie,7.9,158,1982,"Music, Drama, Adventure",43809,"1982-07-16","Werner Herzog"
tt0120773,5,2025-01-11,"The Odd Couple II","The Odd Couple II",https://www.imdb.com/title/tt0120773,Movie,6.5,97,1998,"Adventure, Comedy",11546,"1998-11-20","Howard Deutch"
tt0076095,6,2025-01-11,"Sa jag adjö när jag kom?","The Goodbye Girl",https://www.imdb.com/title/tt0076095,Movie,7.4,111,1977,"Drama, Romance, Comedy",17894,"1978-04-10","Herbert Ross"
tt0072034,8,2025-01-11,"Snacka om trubbel","The Prisoner of Second Avenue",https://www.imdb.com/title/tt0072034,Movie,6.7,98,1975,"Comedy",4352,"1975-05-05","Melvin Frank"
tt27403986,6,2025-01-11,"Juror #2","Juror #2",https://www.imdb.com/title/tt27403986,Movie,7.0,114,2024,"Thriller, Drama, Crime, Mystery",132010,"2024-12-03","Clint Eastwood"
tt10275534,6,2025-01-11,"To Catch a Killer","To Catch a Killer",https://www.imdb.com/title/tt10275534,Movie,6.6,119,2023,"Drama, Crime, Mystery, Thriller, Action",58207,"2023-12-03","Damián Szifron"
tt23782584,6,2025-01-07,"Nr. 24","Nr. 24",https://www.imdb.com/title/tt23782584,Movie,7.5,111,2024,"War, Biography, Drama",21126,"2025-01-01","John Andreas Andersen"
tt0120338,6,2025-01-06,"Titanic","Titanic",https://www.imdb.com/title/tt0120338,Movie,8.0,194,1997,"Romance, Drama",1415327,"1998-01-16","James Cameron"
tt0108160,6,2025-01-06,"Sömnlös i Seattle","Sleepless in Seattle",https://www.imdb.com/title/tt0108160,Movie,6.8,105,1993,"Romance, Drama, Comedy",210440,"1993-10-15","Nora Ephron"
tt4652650,5,2025-01-06,"Please Stand By","Please Stand By",https://www.imdb.com/title/tt4652650,Movie,6.7,93,2017,"Drama, Comedy",17514,"2021-12-02","Ben Lewin"
tt0417217,6,2025-01-05,"For the Money","Two for the Money",https://www.imdb.com/title/tt0417217,Movie,6.2,122,2005,"Drama, Sport, Crime",55484,"2005-10-07","D.J. Caruso"
tt2172985,7,2025-01-05,"The Art of the Steal","The Art of the Steal",https://www.imdb.com/title/tt2172985,Movie,6.3,90,2013,"Comedy, Crime, Thriller",27427,"2014-06-18","Jonathan Sobol"
tt0233142,5,2025-01-05,"3000 Miles to Graceland","3000 Miles to Graceland",https://www.imdb.com/title/tt0233142,Movie,6.0,125,2001,"Comedy, Crime, Thriller, Action",51519,"2001-10-12","Demian Lichtenstein"
tt0047396,8,2025-01-04,"Fönstret åt gården","Rear Window",https://www.imdb.com/title/tt0047396,Movie,8.4,112,1954,"Drama, Mystery, Thriller",574862,"1955-06-13","Alfred Hitchcock"
tt0443632,6,2025-01-03,"Hotet inifrån","The Sentinel",https://www.imdb.com/title/tt0443632,Movie,6.1,108,2006,"Crime, Thriller, Action",58635,"2006-09-01","Clark Johnson"
tt24871974,5,2025-01-03,"Subservience","Subservience",https://www.imdb.com/title/tt24871974,Movie,5.4,106,2024,"Sci-Fi, Thriller",38183,"2024-09-30","S.K. Dale"
tt21382296,5,2025-01-03,"Carry-On","Carry-On",https://www.imdb.com/title/tt21382296,Movie,6.5,119,2024,"Action, Thriller, Crime",199439,"2024-12-13","Jaume Collet-Serra"
tt0103772,6,2025-01-02,"Basic Instinct - Iskallt begär","Basic Instinct",https://www.imdb.com/title/tt0103772,Movie,7.1,127,1992,"Mystery, Drama, Romance, Thriller",247642,"1992-05-15","Paul Verhoeven"
tt0040427,6,2025-01-02,"Nattmänniskan","He Walked by Night",https://www.imdb.com/title/tt0040427,Movie,7.0,79,1948,"Drama, Crime, Thriller, Film-Noir",7636,"1949-08-09","Alfred L. Werker,Anthony Mann"
tt0120782,6,2025-01-02,"Palmetto","Palmetto",https://www.imdb.com/title/tt0120782,Movie,6.1,114,1998,"Drama, Romance, Crime, Thriller, Mystery",9058,"1998-02-20","Volker Schlöndorff"
tt12747748,6,2025-01-01,"Leave the World Behind","Leave the World Behind",https://www.imdb.com/title/tt12747748,Movie,6.4,138,2023,"Drama, Thriller, Mystery",248051,"2023-12-08","Sam Esmail"
tt0098635,7,2025-01-01,"När Harry träffade Sally...","When Harry Met Sally...",https://www.imdb.com/title/tt0098635,Movie,7.7,95,1989,"Drama, Romance, Comedy",275846,"1989-10-13","Rob Reiner"
tt28642260,4,2024-12-31,"Louis C.K. - Sorry/Not Sorry","Sorry/Not Sorry",https://www.imdb.com/title/tt28642260,Movie,5.3,90,2023,"Documentary",808,"2024-12-19","Cara Mones,Caroline Suh"
tt29633969,6,2024-12-26,"Jönssonligan kommer tillbaka","Jönssonligan kommer tillbaka",https://www.imdb.com/title/tt29633969,Movie,5.8,104,2024,"Comedy, Crime",1970,"2024-12-06","Eddie Åhgren"
tt13391432,7,2024-12-25,"Whiskey on the Rocks","Whiskey on the Rocks",https://www.imdb.com/title/tt13391432,TV Mini Series,7.0,30,2024,"Drama, Biography, Comedy, History, War",3383,"2024-12-25",
tt30454602,8,2024-12-22,"Den sista resan","Den sista resan",https://www.imdb.com/title/tt30454602,Movie,7.8,95,2024,"Documentary",6307,"2024-03-01","Filip Hammar,Fredrik Wikingsson"
tt27995113,6,2024-12-09,"Black Doves","Black Doves",https://www.imdb.com/title/tt27995113,TV Series,7.2,55,2024,"Drama, Thriller, Action, Mystery",76507,"2024-12-05",
tt12004038,6,2024-12-07,"Watcher","Watcher",https://www.imdb.com/title/tt12004038,Movie,6.3,96,2022,"Thriller, Drama, Horror, Mystery",62833,"2023-06-06","Chloe Okuno"
tt27441473,7,2024-12-06,"The Pirate Bay","The Pirate Bay",https://www.imdb.com/title/tt27441473,TV Series,7.1,47,2024,"Drama",1240,"2024-11-08",
tt4226388,7,2024-12-05,"Victoria","Victoria",https://www.imdb.com/title/tt4226388,Movie,7.5,138,2015,"Drama, Crime, Thriller, Romance",68051,"2015-10-23","Sebastian Schipper"
tt0120382,7,2024-12-04,"Truman Show","The Truman Show",https://www.imdb.com/title/tt0120382,Movie,8.2,103,1998,"Comedy, Drama",1410237,"1998-11-06","Peter Weir"
tt0037382,8,2024-12-03,"Att ha och inte ha","To Have and Have Not",https://www.imdb.com/title/tt0037382,Movie,7.8,100,1944,"Romance, Adventure, Comedy, Film-Noir, Drama, War, Thriller",41651,"1945-08-06","Howard Hawks"
tt0045555,8,2024-12-02,"Polishämnaren","The Big Heat",https://www.imdb.com/title/tt0045555,Movie,7.9,89,1953,"Thriller, Crime, Drama, Film-Noir",33309,"1953-12-07","Fritz Lang"
tt0042281,7,2024-12-02,"Illdåd ombord","The Breaking Point",https://www.imdb.com/title/tt0042281,Movie,7.5,97,1950,"Thriller, Film-Noir, Crime, Drama",5348,"1951-03-28","Michael Curtiz"
tt0038360,6,2024-12-02,"Objuden gäst","Black Angel",https://www.imdb.com/title/tt0038360,Movie,6.9,81,1946,"Crime, Thriller, Adventure, Music, Drama, Mystery, Film-Noir",4552,"1946-12-20","Roy William Neill"
tt0800325,7,2024-12-01,"The Dirt","The Dirt",https://www.imdb.com/title/tt0800325,Movie,7.0,107,2019,"Music, Biography, Comedy, Drama",61566,"2019-03-22","Jeff Tremaine"
tt0090329,6,2024-11-30,"Vittne till mord","Witness",https://www.imdb.com/title/tt0090329,Movie,7.3,112,1985,"Crime, Romance, Drama, Thriller",115680,"1985-05-15","Peter Weir"
tt0095174,7,2024-11-29,"Frantic","Frantic",https://www.imdb.com/title/tt0095174,Movie,6.8,120,1988,"Drama, Crime, Thriller, Mystery",62263,"1988-08-26","Roman Polanski"
tt0046414,6,2024-11-28,"Skälmarnas marknad","Beat the Devil",https://www.imdb.com/title/tt0046414,Movie,6.4,89,1953,"Action, Romance, Crime, Drama, Comedy, Adventure",11601,"1955-01-31","John Huston"
tt6433456,6,2024-11-26,"Unga Astrid","Unga Astrid",https://www.imdb.com/title/tt6433456,Movie,7.1,123,2018,"Biography, Drama, History",7896,"2018-09-14","Pernille Fischer Christensen"
tt0139654,7,2024-11-26,"Training Day","Training Day",https://www.imdb.com/title/tt0139654,Movie,7.8,122,2001,"Crime, Drama, Thriller",526732,"2001-11-09","Antoine Fuqua"
tt13833688,6,2024-11-26,"The Whale","The Whale",https://www.imdb.com/title/tt13833688,Movie,7.6,117,2022,"Drama",311110,"2023-03-10","Darren Aronofsky"
tt8399664,7,2024-11-25,"Babyteeth","Babyteeth",https://www.imdb.com/title/tt8399664,Movie,7.2,118,2019,"Comedy, Drama, Romance",20896,"2020-09-18","Shannon Murphy"
tt0149524,7,2024-11-25,"Spicy City","Spicy City",https://www.imdb.com/title/tt0149524,TV Mini Series,6.6,,1997,"Animation, Adventure, Crime, Fantasy, Romance, Thriller, Sci-Fi",1265,"1997-07-11",
tt0087635,5,2024-11-25,"Ensam är pest","The Lonely Guy",https://www.imdb.com/title/tt0087635,Movie,6.2,90,1984,"Romance, Comedy",8265,"1984-06-08","Arthur Hiller"
tt0108399,6,2024-11-25,"True Romance","True Romance",https://www.imdb.com/title/tt0108399,Movie,7.9,119,1993,"Thriller, Drama, Crime, Romance",264485,"1993-12-03","Tony Scott"
tt0062138,6,2024-11-23,"Point Blank","Point Blank",https://www.imdb.com/title/tt0062138,Movie,7.2,92,1967,"Drama, Crime, Thriller",27116,"1968-02-26","John Boorman"
tt0054687,6,2024-11-23,"Blast of Silence","Blast of Silence",https://www.imdb.com/title/tt0054687,Movie,7.4,77,1961,"Drama, Crime, Thriller",6508,"1962-08-17","Allen Baron"
tt0076740,6,2024-11-23,"Fruktans lön","Sorcerer",https://www.imdb.com/title/tt0076740,Movie,7.7,121,1977,"Adventure, Thriller, Drama",37999,"1978-06-05","William Friedkin"
tt0060424,7,2024-11-22,"Storsvindlarna","The Fortune Cookie",https://www.imdb.com/title/tt0060424,Movie,7.2,125,1966,"Romance, Comedy",17528,"1967-04-24","Billy Wilder"
tt0063374,8,2024-11-21,"Omaka par","The Odd Couple",https://www.imdb.com/title/tt0063374,Movie,7.6,105,1968,"Comedy",40441,"1968-10-07","Gene Saks"
tt0087414,7,2024-11-21,"The Hit","The Hit",https://www.imdb.com/title/tt0087414,Movie,7.0,98,1984,"Thriller, Crime, Drama",11629,"1984-09-07","Stephen Frears"
tt0109417,6,2024-11-21,"China Moon","China Moon",https://www.imdb.com/title/tt0109417,Movie,6.3,99,1994,"Romance, Crime, Mystery, Drama, Thriller",9510,"1995-03-10","John Bailey"
tt0048424,5,2024-11-14,"Trasdockan","The Night of the Hunter",https://www.imdb.com/title/tt0048424,Movie,7.9,92,1955,"Crime, Drama, Thriller",109719,"1958-10-30","Charles Laughton"
tt0078269,7,2024-11-14,"Hämndens ögon","The Silent Partner",https://www.imdb.com/title/tt0078269,Movie,7.4,106,1978,"Drama, Comedy, Crime, Thriller",9420,"1978-09-23","Daryl Duke,Curtis Hanson"
tt0042041,6,2024-11-11,"Glödhett","White Heat",https://www.imdb.com/title/tt0042041,Movie,8.1,114,1949,"Film-Noir, Action, Thriller, Crime, Drama",39038,"1963-04-15","Raoul Walsh"
tt0100594,6,2024-11-11,"Den skyddande himlen","The Sheltering Sky",https://www.imdb.com/title/tt0100594,Movie,6.7,138,1990,"Adventure, Drama",14977,"1990-12-21","Bernardo Bertolucci"
tt11460512,6,2024-11-10,"På nära håll","Nahschuss",https://www.imdb.com/title/tt11460512,Movie,6.8,116,2021,"Drama, Biography, History",1754,"2022-09-23","Franziska Stünkel"
tt0090521,6,2024-11-09,"Den sjungande detektiven","The Singing Detective",https://www.imdb.com/title/tt0090521,TV Mini Series,8.5,70,1986,"Musical, Thriller, Drama, Mystery",5155,"1987-09-02",
tt0116778,7,2024-11-08,"Kingpin","Kingpin",https://www.imdb.com/title/tt0116778,Movie,6.9,114,1996,"Sport, Comedy",97603,"1996-10-18","Bobby Farrelly,Peter Farrelly"
tt0031725,8,2024-11-02,"Ninotchka","Ninotchka",https://www.imdb.com/title/tt0031725,Movie,7.8,110,1939,"Romance, Comedy",25175,"1940-03-13","Ernst Lubitsch"
tt0206875,7,2024-10-12,"Laughing Out Loud","Laughing Out Loud",https://www.imdb.com/title/tt0206875,Short,7.7,,1998,"Short",27,,"Richard Sears"
tt0037638,8,2024-10-11,"Farlig omväg","Detour",https://www.imdb.com/title/tt0037638,Movie,7.3,66,1945,"Crime, Drama, Film-Noir",22517,"1946-01-25","Edgar G. Ulmer"
tt5592796,5,2024-10-04,"Driven","Driven",https://www.imdb.com/title/tt5592796,Movie,6.4,113,2018,"Biography, Drama, Comedy, Crime, History",9444,"2024-10-04","Nick Hamm"
tt0042788,8,2024-09-28,"Natten och staden","Night and the City",https://www.imdb.com/title/tt0042788,Movie,7.8,101,1950,"Crime, Sport, Film-Noir, Thriller",16895,"1950-11-27","Jules Dassin"
tt0085640,6,2024-09-28,"Hammett","Hammett",https://www.imdb.com/title/tt0085640,Movie,6.4,97,1982,"Crime, Drama, Mystery",4071,"1983-04-29","Wim Wenders,Francis Ford Coppola"
tt15435876,7,2024-09-24,"The Penguin","The Penguin",https://www.imdb.com/title/tt15435876,TV Mini Series,8.6,60,2024,"Crime, Drama",250798,"2024-09-20",
tt0081687,8,2024-09-21,"Union City","Union City",https://www.imdb.com/title/tt0081687,Movie,5.9,87,1980,"Mystery, Romance, Comedy, Drama",513,"1981-04-19","Marcus Reichert"
tt0040636,5,2024-09-21,"Storstad","The Naked City",https://www.imdb.com/title/tt0040636,Movie,7.5,96,1948,"Drama, Thriller, Crime, Mystery, Film-Noir",17289,"1948-03-11","Jules Dassin"
tt0038991,6,2024-09-21,"Främlingen","The Stranger",https://www.imdb.com/title/tt0038991,Movie,7.3,95,1946,"Thriller, Drama, Mystery, Crime, Film-Noir",31270,"1946-12-26","Orson Welles"
tt0038369,7,2024-09-17,"Blå dahlian","The Blue Dahlia",https://www.imdb.com/title/tt0038369,Movie,7.1,96,1946,"Mystery, Thriller, Crime, Drama, Film-Noir",10726,"1946-12-26","George Marshall"
tt0039217,6,2024-09-16,"Vad hände i 20de våningen","The Brasher Doubloon",https://www.imdb.com/title/tt0039217,Movie,6.5,72,1947,"Film-Noir, Crime, Drama, Mystery",1637,"1947-09-15","John Brahm"
tt0082220,8,2024-09-15,"Cutters väg","Cutter's Way",https://www.imdb.com/title/tt0082220,Movie,6.8,109,1981,"Crime, Mystery, Drama, Thriller",9140,"1982-02-10","Ivan Passer"
tt0091538,5,2024-09-15,"Mona Lisa","Mona Lisa",https://www.imdb.com/title/tt0091538,Movie,7.3,104,1986,"Drama, Crime, Romance, Thriller",19687,"1986-09-19","Neil Jordan"
tt0083190,7,2024-09-15,"Gatans lag","Thief",https://www.imdb.com/title/tt0083190,Movie,7.4,123,1981,"Action, Crime, Drama, Thriller",51764,"1982-02-05","Michael Mann"
tt0049406,7,2024-09-15,"Spelet är förlorat","The Killing",https://www.imdb.com/title/tt0049406,Movie,7.9,84,1956,"Drama, Crime, Thriller, Film-Noir",107514,"1957-01-14","Stanley Kubrick"
tt2222052,6,2024-09-14,"My Salinger Year","My Salinger Year",https://www.imdb.com/title/tt2222052,Movie,6.5,101,2020,"Drama",8223,"2021-03-05","Philippe Falardeau"
tt27195940,7,2024-09-10,"Kafka","Kafka",https://www.imdb.com/title/tt27195940,TV Mini Series,7.2,,2024,"Biography, Drama",736,"2024-09-04",
tt0289944,7,2024-09-10,"Fear X","Fear X",https://www.imdb.com/title/tt0289944,Movie,6.0,91,2003,"Mystery, Thriller",9035,"2003-04-04","Nicolas Winding Refn"
tt0070077,8,2024-09-09,"Eddie Coyles kompisar","The Friends of Eddie Coyle",https://www.imdb.com/title/tt0070077,Movie,7.4,102,1973,"Drama, Crime",14013,"1974-01-07","Peter Yates"
tt0035432,7,2024-09-09,"Inringad!","This Gun for Hire",https://www.imdb.com/title/tt0035432,Movie,7.3,81,1942,"Crime, Thriller, Drama, Film-Noir",11822,"1944-05-22","Frank Tuttle"
tt0051378,7,2024-09-08,"Hiss till galgen","Ascenseur pour l'échafaud",https://www.imdb.com/title/tt0051378,Movie,7.9,91,1958,"Crime, Drama, Thriller",32320,"1959-05-11","Louis Malle"
tt0034716,6,2024-09-07,"The Falcon Takes Over","The Falcon Takes Over",https://www.imdb.com/title/tt0034716,Movie,6.4,65,1942,"Thriller, Comedy, Romance, Crime, Mystery",1402,"1942-05-29","Irving Reis"
tt0103241,6,2024-09-07,"Hur mår Bob?","What About Bob?",https://www.imdb.com/title/tt0103241,Movie,7.0,99,1991,"Comedy",79922,"1991-10-18","Frank Oz"
tt0037865,6,2024-09-07,"Min är hämnden","Leave Her to Heaven",https://www.imdb.com/title/tt0037865,Movie,7.6,110,1945,"Thriller, Romance, Film-Noir, Drama",17331,"1946-09-16","John M. Stahl"
tt0073453,8,2024-09-06,"Dödligt utspel","Night Moves",https://www.imdb.com/title/tt0073453,Movie,7.1,100,1975,"Mystery, Crime, Drama, Thriller",21747,"1975-10-12","Arthur Penn"
tt0063625,5,2024-09-06,"Something for a Lonely Man","Something for a Lonely Man",https://www.imdb.com/title/tt0063625,TV Movie,7.0,120,1968,"Drama, Western",263,"1969-06-15","Don Taylor"
tt0086984,3,2024-09-06,"Body Double","Body Double",https://www.imdb.com/title/tt0086984,Movie,6.8,114,1984,"Thriller, Mystery, Crime, Drama",46260,"1985-05-03","Brian De Palma"
tt0117107,6,2024-09-06,"Mulholland Falls","Mulholland Falls",https://www.imdb.com/title/tt0117107,Movie,6.3,107,1996,"Mystery, Crime, Drama, Thriller",21470,"1996-10-25","Lee Tamahori"
tt0070640,8,2024-09-06,"Save the Tiger","Save the Tiger",https://www.imdb.com/title/tt0070640,Movie,6.9,100,1973,"Drama",6203,"1973-07-21","John G. Avildsen"
tt0080889,6,2024-09-06,"Agenten som pratade för mycket","Hopscotch",https://www.imdb.com/title/tt0080889,Movie,7.1,106,1980,"Adventure, Comedy",10204,"1981-03-16","Ronald Neame"
tt0069865,8,2024-09-06,"Fallgropen","Charley Varrick",https://www.imdb.com/title/tt0069865,Movie,7.5,111,1973,"Drama, Crime, Thriller",16151,"1973-10-19","Don Siegel"
tt0077474,8,2024-09-05,"Driver","The Driver",https://www.imdb.com/title/tt0077474,Movie,7.1,91,1978,"Thriller, Action, Crime",22078,"1978-07-10","Walter Hill"
tt0036342,5,2024-09-05,"Skuggan av ett tvivel","Shadow of a Doubt",https://www.imdb.com/title/tt0036342,Movie,7.7,108,1943,"Film-Noir, Drama, Mystery, Thriller",76211,"1943-08-16","Alfred Hitchcock"
tt0104073,6,2024-09-05,"Deep Cover","Deep Cover",https://www.imdb.com/title/tt0104073,Movie,7.0,107,1992,"Crime, Thriller, Action",16862,"1992-04-15","Bill Duke"
tt0070292,8,2024-09-05,"Den skrattande polisen","The Laughing Policeman",https://www.imdb.com/title/tt0070292,Movie,6.4,112,1973,"Thriller, Crime, Drama",3824,"1974-01-23","Stuart Rosenberg"
tt0051036,8,2024-09-05,"Segerns sötma","Sweet Smell of Success",https://www.imdb.com/title/tt0051036,Movie,8.0,96,1957,"Drama, Film-Noir",40723,"1958-07-03","Alexander Mackendrick"
tt0037884,8,2024-09-04,"Förspillda dagar","The Lost Weekend",https://www.imdb.com/title/tt0037884,Movie,7.8,101,1945,"Film-Noir, Drama",43760,"1946-09-03","Billy Wilder"
tt0037101,8,2024-09-04,"Mord, min älskling!","Murder, My Sweet",https://www.imdb.com/title/tt0037101,Movie,7.5,95,1944,"Mystery, Crime, Drama, Thriller, Film-Noir",16619,"1945-12-10","Edward Dmytryk"
tt0044079,7,2024-09-04,"Främlingar på tåg","Strangers on a Train",https://www.imdb.com/title/tt0044079,Movie,7.9,101,1951,"Crime, Film-Noir, Drama, Thriller",149391,"1951-11-15","Alfred Hitchcock"
tt0387877,7,2024-09-03,"Den svarta dahlian","The Black Dahlia",https://www.imdb.com/title/tt0387877,Movie,5.6,121,2006,"Crime, Drama, Mystery, Thriller",80437,"2006-12-15","Brian De Palma"
tt0104797,7,2024-09-03,"Malcolm X","Malcolm X",https://www.imdb.com/title/tt0104797,Movie,7.7,202,1992,"Biography, History, Drama",112706,"1993-03-12","Spike Lee"
tt0086859,6,2024-09-01,"Mot alla odds","Against All Odds",https://www.imdb.com/title/tt0086859,Movie,6.0,121,1984,"Action, Crime, Romance, Drama, Thriller, Adventure",15854,"1984-05-18","Taylor Hackford"
tt0039689,10,2024-09-01,"Out of the Past","Out of the Past",https://www.imdb.com/title/tt0039689,Movie,7.9,97,1947,"Thriller, Drama, Crime, Romance, Film-Noir",45289,"1948","Jacques Tourneur"
tt0055824,7,2024-09-01,"Farlig främling","Cape Fear",https://www.imdb.com/title/tt0055824,Movie,7.7,106,1962,"Drama, Thriller",36250,"1962-12-26","J. Lee Thompson"
tt0363988,7,2024-08-31,"Secret Window","Secret Window",https://www.imdb.com/title/tt0363988,Movie,6.5,96,2004,"Thriller, Mystery, Drama",223981,"2004-04-08","David Koepp"
tt0292963,8,2024-08-29,"Before the Devil Knows You're Dead","Before the Devil Knows You're Dead",https://www.imdb.com/title/tt0292963,Movie,7.3,117,2007,"Crime, Drama, Thriller",124253,"2008-01-11","Sidney Lumet"
tt0098994,7,2024-08-29,"After Dark, My Sweet","After Dark, My Sweet",https://www.imdb.com/title/tt0098994,Movie,6.5,114,1990,"Thriller, Crime, Drama, Mystery",4888,"1990-08-24","James Foley"
tt0108941,6,2024-08-29,"Pestens tid","The Stand",https://www.imdb.com/title/tt0108941,TV Mini Series,7.1,90,1994,"Adventure, Fantasy, Sci-Fi, Drama, Horror",41681,"1996-06-05",
tt15837600,6,2024-08-28,"Griselda","Griselda",https://www.imdb.com/title/tt15837600,TV Mini Series,7.2,60,2024,"Crime, Drama, Biography",50488,"2024-01-25",
tt0376136,6,2024-08-26,"The Rum Diary","The Rum Diary",https://www.imdb.com/title/tt0376136,Movie,6.1,119,2011,"Drama, Comedy, Romance",110565,"2012-01-13","Bruce Robinson"
tt12037194,7,2024-08-26,"Furiosa: A Mad Max Saga","Furiosa: A Mad Max Saga",https://www.imdb.com/title/tt12037194,Movie,7.4,148,2024,"Action, Adventure, Sci-Fi",328383,"2024-05-22","George Miller"
tt0128853,6,2024-08-25,"Du har mail","You've Got Mail",https://www.imdb.com/title/tt0128853,Movie,6.8,119,1998,"Drama, Romance, Comedy",249033,"1999-02-12","Nora Ephron"
tt0092794,6,2024-08-21,"Crazy Love","Crazy Love",https://www.imdb.com/title/tt0092794,Movie,6.6,83,1987,"Drama",1701,"2026-09-19","Dominique Deruddere"
tt5052448,8,2024-08-18,"Get Out","Get Out",https://www.imdb.com/title/tt5052448,Movie,7.8,104,2017,"Horror, Mystery, Thriller",839933,"2017-04-19","Jordan Peele"
tt15239678,7,2024-08-13,"Dune: Part Two","Dune: Part Two",https://www.imdb.com/title/tt15239678,Movie,8.4,166,2024,"Adventure, Drama, Sci-Fi, Action",796742,"2024-02-28","Denis Villeneuve"
tt0093010,6,2024-08-11,"Farlig förbindelse","Fatal Attraction",https://www.imdb.com/title/tt0093010,Movie,6.9,119,1987,"Drama, Thriller",113177,"1988-01-29","Adrian Lyne"
tt0088286,6,2024-08-10,"Top Secret!","Top Secret!",https://www.imdb.com/title/tt0088286,Movie,7.2,90,1984,"Music, Crime, Comedy",83793,"1984-09-14","Jim Abrahams,David Zucker,Jerry Zucker"
tt0073803,7,2024-08-10,"Three Men in a Boat","Three Men in a Boat",https://www.imdb.com/title/tt0073803,TV Movie,6.9,64,1975,"Drama, Comedy",627,"1975-12-31","Stephen Frears"
tt0039545,6,2024-08-08,"Kvinnan i sjön","Lady in the Lake",https://www.imdb.com/title/tt0039545,Movie,6.5,105,1946,"Mystery, Thriller, Drama, Crime, Film-Noir",7193,"1947-04-14","Robert Montgomery"
tt22768450,6,2024-08-05,"Apolonia - En konstnärs resa","Apolonia, Apolonia",https://www.imdb.com/title/tt22768450,Movie,7.2,116,2022,"Documentary, Biography",1044,"2023-03-23","Lea Glob"
tt0360486,8,2024-08-03,"Constantine","Constantine",https://www.imdb.com/title/tt0360486,Movie,7.0,121,2005,"Fantasy, Horror, Action, Mystery",414027,"2005-03-04","Francis Lawrence"
tt0683201,6,2024-08-03,"I fantasins gränsland: Silent Towns","The Ray Bradbury Theater: Silent Towns",https://www.imdb.com/title/tt0683201,TV Episode,5.7,22,1992,"Drama, Fantasy, Thriller, Horror, Mystery, Sci-Fi",128,"1992-10-10","Lee Tamahori"
tt0983193,7,2024-08-03,"Tintins äventyr: Enhörningens hemlighet","The Adventures of Tintin",https://www.imdb.com/title/tt0983193,Movie,7.3,107,2011,"Animation, Adventure, Family, Mystery, Action",257748,"2011-10-28","Steven Spielberg"
tt0045669,7,2024-08-03,"En man försvinner","Dangerous Crossing",https://www.imdb.com/title/tt0045669,Movie,6.9,75,1953,"Drama, Film-Noir, Thriller, Mystery",3302,"1953-11-06","Joseph M. Newman"
tt0478109,7,2024-08-03,"Brunnen","Brunnen",https://www.imdb.com/title/tt0478109,Movie,7.0,105,2005,"Documentary",103,"2005-03-11","Kristian Petri"
tt26676104,6,2024-07-30,"Hammarskjöld","Hammarskjöld",https://www.imdb.com/title/tt26676104,Movie,6.5,114,2023,"Drama, Thriller, Biography, History, War",3853,"2023-12-25","Per Fly"
tt0093428,7,2024-07-29,"Iskallt uppdrag","The Living Daylights",https://www.imdb.com/title/tt0093428,Movie,6.7,130,1987,"Thriller, Adventure, Action",116054,"1987-07-10","John Glen"
tt4951982,6,2024-07-21,"Kursk","Kursk",https://www.imdb.com/title/tt4951982,Movie,6.6,117,2018,"Drama, Action, History, Thriller, Adventure",24070,"2019-03-01","Thomas Vinterberg"
tt0238237,7,2024-07-19,"Fyren","Fyren",https://www.imdb.com/title/tt0238237,Movie,7.3,100,2000,"Documentary",32,"2000-02-25","Magnus Enquist,Jan Röed,Kristian Petri"
tt0113799,8,2024-07-19,"Memories","Memories",https://www.imdb.com/title/tt0113799,Movie,7.5,113,1995,"Animation, Thriller, Drama, Horror, Sci-Fi",26634,"1995-12-23","Katsuhiro Ōtomo,Kōji Morimoto,Tensai Okamura"
tt0112406,7,2024-07-19,"Atlanten","Atlanten",https://www.imdb.com/title/tt0112406,Movie,7.4,76,1995,"Documentary, History",66,"1995-09-29","Magnus Enquist,Jan Röed,Kristian Petri"
tt7985704,6,2024-07-19,"Operation Fortune: Ruse de guerre","Operation Fortune: Ruse de Guerre",https://www.imdb.com/title/tt7985704,Movie,6.3,114,2023,"Action, Thriller, Comedy, Adventure",113784,"2023-01-06","Guy Ritchie"
tt0058898,7,2024-07-10,"Alphaville - Ett fall för Lemmy Caution","Alphaville, une étrange aventure de Lemmy Caution",https://www.imdb.com/title/tt0058898,Movie,6.9,99,1965,"Comedy, Sci-Fi, Drama, Thriller, Mystery",30439,"1965-11-01","Jean-Luc Godard"
tt0026029,5,2024-07-09,"De 39 stegen","The 39 Steps",https://www.imdb.com/title/tt0026029,Movie,7.6,86,1935,"Crime, Thriller, Mystery",67026,"1936-04-14","Alfred Hitchcock"
tt1906113,7,2024-07-09,"The Adventures of Young Indiana Jones Documentaries: Powder Keg: Europe 1900 to 1914","The Adventures of Young Indiana Jones Documentaries: Powder Keg: Europe 1900 to 1914",https://www.imdb.com/title/tt1906113,TV Episode,7.9,26,2007,"Documentary, History",15,"2007-10-23",
tt10640346,7,2024-07-08,"Babylon","Babylon",https://www.imdb.com/title/tt10640346,Movie,7.1,189,2022,"Drama, Comedy",210486,"2023-01-27","Damien Chazelle"
tt0120616,7,2024-07-07,"Mumien","The Mummy",https://www.imdb.com/title/tt0120616,Movie,7.1,124,1999,"Fantasy, Action, Adventure",509702,"1999-07-09","Stephen Sommers"
tt0114660,8,2024-07-07,"Things to Do in Denver When You're Dead","Things to Do in Denver When You're Dead",https://www.imdb.com/title/tt0114660,Movie,6.7,115,1995,"Thriller, Crime, Drama",32326,"1996-05-03","Gary Fleder"
tt0119468,7,2024-07-05,"Och han älskade dem alla","Kiss the Girls",https://www.imdb.com/title/tt0119468,Movie,6.6,115,1997,"Crime, Drama, Thriller, Mystery",101683,"1998-02-06","Gary Fleder"
tt1041829,7,2024-07-04,"The Proposal","The Proposal",https://www.imdb.com/title/tt1041829,Movie,6.8,108,2009,"Comedy, Romance, Drama",404549,"2009-06-24","Anne Fletcher"
tt13918776,5,2024-06-12,"The Night Agent","The Night Agent",https://www.imdb.com/title/tt13918776,TV Series,7.4,45,2023,"Drama, Thriller, Action",165478,"2023-03-23",
tt3101352,8,2024-06-12,"37 Days","37 Days",https://www.imdb.com/title/tt3101352,TV Mini Series,8.1,60,2014,"History",1695,"2014-03-05",
tt12731980,8,2024-06-12,"Old Henry","Old Henry",https://www.imdb.com/title/tt12731980,Movie,7.3,99,2021,"Action, Drama, Western",49283,"2022-04-15","Potsy Ponciroli"
tt16491324,6,2024-06-12,"Honor Society","Honor Society",https://www.imdb.com/title/tt16491324,Movie,6.5,98,2022,"Comedy, Romance",12389,"2022-07-29","Oran Zegman"
tt0062868,6,2024-06-12,"Fallet Henry Clarke","Deadfall",https://www.imdb.com/title/tt0062868,Movie,5.7,120,1968,"Drama, Thriller, Crime",1442,"1969-01-02","Bryan Forbes"
tt11958610,6,2024-06-10,"Trigger Point","Trigger Point",https://www.imdb.com/title/tt11958610,TV Series,6.8,60,2022,"Drama, Thriller, Action, Crime, Mystery",11761,"2022-03-09",
tt14220870,6,2024-06-10,"En brittisk skandal","A Very British Scandal",https://www.imdb.com/title/tt14220870,TV Mini Series,7.0,59,2021,"Drama, History",8182,"2022-01-15",
tt32308418,6,2024-06-10,"How to Rob a Bank","How to Rob a Bank",https://www.imdb.com/title/tt32308418,Movie,6.6,88,2024,"Documentary, Action, Crime",4675,"2024-06-05","Stephen Robert Morse,Seth Porges"
tt1686313,6,2024-06-10,"I rymden finns inga känslor","I rymden finns inga känslor",https://www.imdb.com/title/tt1686313,Movie,7.0,85,2010,"Drama, Comedy, Romance",10965,"2010-09-03","Andreas Öhman"
tt14909314,6,2024-06-03,"Bränn alla mina brev","Bränn alla mina brev",https://www.imdb.com/title/tt14909314,Movie,6.1,120,2022,"Drama, History, Biography",2034,"2022-09-23","Björn Runge"
tt0106364,6,2024-06-02,"Batman möter mörkrets hämnare","Batman: Mask of the Phantasm",https://www.imdb.com/title/tt0106364,Movie,7.8,76,1993,"Animation, Adventure, Sci-Fi, Mystery, Crime, Family, Action",65189,"2024-10-05","Kevin Altieri,Boyd Kirkland,Frank Paur,Dan Riba,Eric Radomski,Bruce Timm"
tt18163414,5,2024-06-02,"Copa '71 - succén som tystades ner","Copa 71",https://www.imdb.com/title/tt18163414,Movie,7.5,90,2023,"Documentary, Sport, History",795,"2024-05-13","James Erskine,Rachel Ramsay"
tt0070334,9,2024-06-02,"Långt farväl","The Long Goodbye",https://www.imdb.com/title/tt0070334,Movie,7.5,112,1973,"Thriller, Mystery, Comedy, Crime, Drama",45205,"1973-10-12","Robert Altman"
tt1918770,7,2024-06-01,"Den inre hamnen","Den inre hamnen",https://www.imdb.com/title/tt1918770,Short,8.0,30,1990,"Short",31,"1990-11-16","Christoffer von Platen"
tt0118954,7,2024-06-01,"Harry bit för bit","Deconstructing Harry",https://www.imdb.com/title/tt0118954,Movie,7.3,96,1997,"Comedy",50873,"1998-02-20","Woody Allen"
tt0089155,5,2024-05-31,"Fletch","Fletch",https://www.imdb.com/title/tt0089155,Movie,6.9,98,1985,"Crime, Mystery, Comedy",62116,"1985-09-13","Michael Ritchie"
tt0118694,7,2024-05-25,"In the Mood for Love","Fa yeung nin wah",https://www.imdb.com/title/tt0118694,Movie,8.0,98,2000,"Romance, Drama",191982,"2001-12-14","Wong Kar-Wai"
tt0423455,6,2024-05-24,"Hemingway & Gellhorn","Hemingway & Gellhorn",https://www.imdb.com/title/tt0423455,TV Movie,6.3,155,2012,"Drama, Romance, Biography",11375,"2012-05-28","Philip Kaufman"
tt7456310,7,2024-05-23,"Anna","Anna",https://www.imdb.com/title/tt7456310,Movie,6.7,118,2019,"Action, Thriller, Adventure",109837,"2019-06-21","Luc Besson"
tt11640536,6,2024-05-22,"The Middle Man","The Middle Man",https://www.imdb.com/title/tt11640536,Movie,6.0,95,2021,"Drama, Comedy",1202,"2024-05-17","Bent Hamer"
tt0070355,6,2024-05-19,"Magnum Force","Magnum Force",https://www.imdb.com/title/tt0070355,Movie,7.2,124,1973,"Thriller, Mystery, Action, Crime",72540,"1973-12-25","Ted Post"
tt1636826,7,2024-05-16,"Project X - Hemmafesten","Project X",https://www.imdb.com/title/tt1636826,Movie,6.7,88,2012,"Comedy, Thriller",262479,"2012-04-20","Nima Nourizadeh"
tt7144666,7,2024-05-16,"The Black Phone","The Black Phone",https://www.imdb.com/title/tt7144666,Movie,6.9,103,2021,"Horror, Thriller, Mystery",272837,"2022-06-22","Scott Derrickson"
tt12718300,7,2024-05-15,"Confess, Fletch","Confess, Fletch",https://www.imdb.com/title/tt12718300,Movie,6.4,98,2022,"Comedy, Crime, Mystery",27590,"2023-05-15","Greg Mottola"
tt0034583,10,2024-05-10,"Casablanca","Casablanca",https://www.imdb.com/title/tt0034583,Movie,8.5,102,1942,"Romance, War, Drama",662014,"1943-10-11","Michael Curtiz"
tt14914430,5,2024-05-09,"Unfrosted","Unfrosted",https://www.imdb.com/title/tt14914430,Movie,5.5,97,2024,"Comedy, Biography, History",37561,"2024-05-03","Jerry Seinfeld"
tt0063462,6,2024-05-07,"Producenterna","The Producers",https://www.imdb.com/title/tt0063462,Movie,7.5,88,1967,"Music, Comedy",64639,"1970-05-04","Mel Brooks"
tt11016042,7,2024-04-29,"Ripley","Ripley",https://www.imdb.com/title/tt11016042,TV Mini Series,8.1,60,2024,"Crime, Drama, Thriller",70085,"2024-04-04",
tt13649112,8,2024-04-27,"Baby Reindeer","Baby Reindeer",https://www.imdb.com/title/tt13649112,TV Mini Series,7.7,30,2024,"Biography, Drama, Comedy, Thriller",197291,"2024-04-11",
tt8639136,7,2024-04-23,"The East","De Oost",https://www.imdb.com/title/tt8639136,Movie,6.8,137,2020,"Drama, Thriller, War",7810,"2021-11-29","Jim Taihuttu"
tt28912758,6,2024-04-23,"Svanen","The Swan",https://www.imdb.com/title/tt28912758,Short,6.7,17,2023,"Short, Comedy, Drama",25652,"2023-09-28","Wes Anderson"
tt16968450,8,2024-04-23,"Den underbara historien om Henry Sugar","The Wonderful Story of Henry Sugar",https://www.imdb.com/title/tt16968450,Short,7.4,40,2023,"Short, Adventure, Comedy, Drama",90612,"2023-09-27","Wes Anderson"
tt28912885,7,2024-04-23,"Poison","Poison",https://www.imdb.com/title/tt28912885,Short,6.8,17,2023,"Short, Comedy, Thriller, Drama",29211,"2023-09-30","Wes Anderson"
tt28912858,7,2024-04-23,"Råttfångaren","The Rat Catcher",https://www.imdb.com/title/tt28912858,Short,6.5,17,2023,"Short, Comedy",26094,"2023-09-29","Wes Anderson"
tt21279806,5,2024-04-21,"Scoop","Scoop",https://www.imdb.com/title/tt21279806,Movie,6.5,102,2024,"Biography, Drama",22519,"2024-04-05","Philip Martin"
tt21053478,7,2024-04-14,"Creedence Clearwater Revival i Royal Albert Hall","Travelin' Band: Creedence Clearwater Revival at the Royal Albert Hall",https://www.imdb.com/title/tt21053478,Movie,7.5,86,2022,"Documentary, Music",1507,"2022-09-16","Bob Smeaton"
tt31189868,5,2024-04-08,"The Antisocial Network: Memes to Mayhem","The Antisocial Network",https://www.imdb.com/title/tt31189868,Movie,6.4,85,2024,"Documentary",2962,"2024-04-05","Giorgio Angelini,Arthur Jones"
tt0102181,6,2024-04-08,"Kafka","Kafka",https://www.imdb.com/title/tt0102181,Movie,6.8,98,1991,"Sci-Fi, Thriller, Mystery, Drama",11230,"1992-10-09","Steven Soderbergh"
tt6581336,8,2024-04-02,"A Sad Flower in the Sand","A Sad Flower in the Sand",https://www.imdb.com/title/tt6581336,Movie,7.9,64,2001,"Documentary",12,"2001","Jan Louter"
tt8435308,5,2024-03-31,"Spionen","Spionen",https://www.imdb.com/title/tt8435308,Movie,6.2,109,2019,"Thriller, Biography, Drama, History, War",2117,"2019-10-18","Jens Jonsson"
tt9253284,8,2024-03-29,"Andor","Andor",https://www.imdb.com/title/tt9253284,TV Series,8.6,60,2022,"Sci-Fi, Thriller, Adventure, Fantasy, Drama",287530,"2022-09-21",
tt13210838,6,2024-03-28,"The Gentlemen","The Gentlemen",https://www.imdb.com/title/tt13210838,TV Series,8.1,50,2024,"Crime, Drama",204511,"2024-03-07",
tt0421239,6,2024-03-25,"Red Eye","Red Eye",https://www.imdb.com/title/tt0421239,Movie,6.4,85,2005,"Thriller",167815,"2005-09-16","Wes Craven"
tt10850264,8,2024-03-25,"Squaring the Circle (The Story of Hipgnosis)","Squaring the Circle: The Story of Hipgnosis",https://www.imdb.com/title/tt10850264,Movie,7.7,101,2022,"Documentary, History",2215,"2023-12-25","Anton Corbijn"
tt21192142,8,2024-03-23,"All of Us Strangers","All of Us Strangers",https://www.imdb.com/title/tt21192142,Movie,7.6,105,2023,"Drama, Romance",81383,"2024-02-23","Andrew Haigh"
tt14263564,7,2024-03-17,"Justified: City Primeval","Justified: City Primeval",https://www.imdb.com/title/tt14263564,TV Mini Series,7.3,48,2023,"Drama, Crime",22225,"2023-07-18",
tt24082438,7,2024-03-11,"20 dagar i Mariupol","20 Days in Mariupol",https://www.imdb.com/title/tt24082438,Movie,8.6,97,2023,"Documentary, War",65782,"2023-11-26","Mstyslav Chernov"
tt0073580,7,2024-03-10,"Yrke: Reporter","Professione: reporter",https://www.imdb.com/title/tt0073580,Movie,7.4,126,1975,"Thriller, Drama",29307,"1975-08-18","Michelangelo Antonioni"
tt4519554,7,2024-03-06,"Gumball 3000 med Erik och Mackan","Gumball 3000 med Erik och Mackan",https://www.imdb.com/title/tt4519554,TV Series,7.0,,2010,"Reality-TV",36,"2010-08-30",
tt28620776,8,2024-03-04,"In the Drink: Frank Evans","In the Drink: Frank Evans",https://www.imdb.com/title/tt28620776,TV Episode,null,24,2010,"Comedy, Drama, Fantasy",0,"2010-08-01","Richard Sears"
tt2887954,7,2024-02-17,"Tokyo Vice","Tokyo Vice",https://www.imdb.com/title/tt2887954,TV Series,8.1,60,2022,"Drama, Thriller, Crime",56958,"2022-04-07",
tt1879016,5,2024-02-14,"Operation Mincemeat","Operation Mincemeat",https://www.imdb.com/title/tt1879016,Movie,6.6,128,2021,"Drama, War",44906,"2022-05-20","John Madden"
tt29314274,4,2024-02-14,"True Detective: Night Country: Part 3","True Detective: Night Country: Part 3",https://www.imdb.com/title/tt29314274,TV Episode,6.3,58,2024,"Crime, Drama, Mystery, Thriller",13758,"2024-01-28","Issa López"
tt29314270,7,2024-02-14,"True Detective: Night Country: Part 2","True Detective: Night Country: Part 2",https://www.imdb.com/title/tt29314270,TV Episode,6.8,63,2024,"Crime, Drama, Mystery, Thriller",15112,"2024-01-21","Issa López"
tt14849194,7,2024-02-10,"The Holdovers","The Holdovers",https://www.imdb.com/title/tt14849194,Movie,7.9,133,2023,"Comedy, Drama",274562,"2024-01-05","Alexander Payne"
tt0119874,6,2024-02-08,"Fredsmäklaren","The Peacemaker",https://www.imdb.com/title/tt0119874,Movie,6.0,124,1997,"Drama, Crime, Thriller, Action",66901,"1997-11-07","Mimi Leder"
tt0096717,8,2024-02-02,"Tre kärlekar","Tre kärlekar",https://www.imdb.com/title/tt0096717,TV Series,7.7,,1989,"Romance, War, Drama",211,"1989-03-13",
tt1033575,7,2024-01-27,"The Descendants","The Descendants",https://www.imdb.com/title/tt1033575,Movie,7.3,115,2011,"Drama, Comedy",261057,"2012-01-27","Alexander Payne"
tt0156917,5,2024-01-26,"På palmblad och rosor","På palmblad och rosor",https://www.imdb.com/title/tt0156917,TV Movie,6.5,108,1976,"Drama",250,"1976-04-04","Lars Lennart Forsberg"
tt6902332,6,2024-01-24,"The Marksman","The Marksman",https://www.imdb.com/title/tt6902332,Movie,5.7,108,2021,"Drama, Thriller, Action",49821,"2021-02-19","Robert Lorenz"
tt21955290,5,2024-01-23,"Payback","Payback",https://www.imdb.com/title/tt21955290,TV Series,7.3,,2023,"Crime, Thriller, Drama",5343,"2023-10-04",
tt6938856,8,2024-01-22,"En engelsk skandal","A Very English Scandal",https://www.imdb.com/title/tt6938856,TV Mini Series,7.6,56,2018,"Drama, Biography, Crime, Comedy, History",18580,"2018-12-16",
tt1831575,6,2024-01-21,"Appropriate Adult","Appropriate Adult",https://www.imdb.com/title/tt1831575,TV Mini Series,7.3,64,2011,"Drama, Crime, Mystery",5558,"2013-08-11",
tt11649104,6,2024-01-20,"Morden vid kustvägen","The Pembrokeshire Murders",https://www.imdb.com/title/tt11649104,TV Mini Series,7.1,48,2021,"Crime, Drama, History",13218,"2021-05-01",
tt14183410,8,2024-01-20,"The Thief, His Wife and the Canoe","The Thief, His Wife and the Canoe",https://www.imdb.com/title/tt14183410,TV Mini Series,7.2,46,2022,"Crime, Drama, Biography",5558,"2022-08-23",
tt3402236,7,2024-01-20,"Mordet på Orientexpressen","Murder on the Orient Express",https://www.imdb.com/title/tt3402236,Movie,6.5,114,2017,"Drama, Mystery, Crime, Thriller, Comedy",325449,"2017-11-24","Kenneth Branagh"
tt18925452,6,2024-01-15,"True Detective: Night Country: Part 1","True Detective: Night Country: Part 1",https://www.imdb.com/title/tt18925452,TV Episode,7.1,59,2024,"Crime, Drama, Mystery, Thriller",20960,"2024-01-15","Issa López"
tt24229460,7,2024-01-14,"Bonjour Tristesse - En skandalös debut","Bonjour Sagan",https://www.imdb.com/title/tt24229460,Movie,7.0,52,2022,"Documentary",26,"2023-11-19","Priscilla Pizzato"
tt29893042,6,2024-01-14,"Banksy och den stulna Bataclan-målningen","Banksy e la ragazza del Bataclan",https://www.imdb.com/title/tt29893042,Movie,6.3,53,2023,"Documentary",83,"2023-11-06","Edoardo Anselmi"
tt1303743,8,2024-01-13,"In the Drink","In the Drink",https://www.imdb.com/title/tt1303743,TV Series,7.9,,2010,"Comedy, Drama, Fantasy",214,"2010-06-01",
tt0119008,6,2024-01-13,"Donnie Brasco","Donnie Brasco",https://www.imdb.com/title/tt0119008,Movie,7.7,127,1997,"Biography, Crime, Drama",361339,"1997-09-26","Mike Newell"
tt29953956,7,2024-01-12,"Shakespeare: Rise of a Genius","Shakespeare: Rise of a Genius",https://www.imdb.com/title/tt29953956,TV Mini Series,7.4,,2023,"Documentary, Drama, Biography",310,"2023-11-08",
tt0053291,6,2024-01-07,"I hetaste laget","Some Like It Hot",https://www.imdb.com/title/tt0053291,Movie,8.2,121,1959,"Romance, Music, Comedy",307815,"1959-09-28","Billy Wilder"
tt0043338,7,2024-01-07,"Sensationen för dagen","Ace in the Hole",https://www.imdb.com/title/tt0043338,Movie,8.0,111,1951,"Drama, Film-Noir",43215,"1951-11-12","Billy Wilder"
tt0055256,8,2024-01-07,"Ett, två, tre","One, Two, Three",https://www.imdb.com/title/tt0055256,Movie,7.8,104,1961,"Comedy",25055,"1962-03-19","Billy Wilder"
tt9639470,5,2024-01-05,"Last Night in Soho","Last Night in Soho",https://www.imdb.com/title/tt9639470,Movie,7.0,116,2021,"Horror, Thriller, Drama, Mystery",202762,"2021-11-12","Edgar Wright"
tt0138097,6,2024-01-04,"Shakespeare in Love","Shakespeare in Love",https://www.imdb.com/title/tt0138097,Movie,7.1,123,1998,"Drama, History, Romance, Comedy",244551,"1999-03-12","John Madden"
tt0053604,9,2024-01-03,"Ungkarlslyan","The Apartment",https://www.imdb.com/title/tt0053604,Movie,8.3,125,1960,"Romance, Drama, Comedy",223493,"1961-01-16","Billy Wilder"
tt0100828,6,2024-01-02,"The Two Jakes","The Two Jakes",https://www.imdb.com/title/tt0100828,Movie,6.1,137,1990,"Romance, Crime, Drama, Mystery",15874,"1990-08-10","Jack Nicholson"
tt0043014,8,2024-01-02,"Sunset Boulevard","Sunset Boulevard",https://www.imdb.com/title/tt0043014,Movie,8.4,110,1950,"Drama, Film-Noir",264203,"1950-12-20","Billy Wilder"
tt1311071,5,2024-01-02,"Kill Your Darlings","Kill Your Darlings",https://www.imdb.com/title/tt1311071,Movie,6.4,104,2013,"Thriller, Drama, Romance, Biography",43711,"2014-03-18","John Krokidas"
tt1462411,7,2024-01-02,"Big Sur","Big Sur",https://www.imdb.com/title/tt1462411,Movie,5.7,81,2013,"Drama, Romance",2223,"2013-11-01","Michael Polish"
tt0079116,7,2023-12-30,"Flykten från Alcatraz","Escape from Alcatraz",https://www.imdb.com/title/tt0079116,Movie,7.5,112,1979,"Crime, Drama, Biography, Thriller",167116,"1979-09-10","Don Siegel"
tt12304420,7,2023-12-30,"Clark","Clark",https://www.imdb.com/title/tt12304420,TV Mini Series,7.3,60,2022,"Crime, Action, Drama, Mystery, Thriller, Comedy",16804,"2022-05-05",
tt0077321,7,2023-12-29,"Snacka om deckare, alltså!","The Cheap Detective",https://www.imdb.com/title/tt0077321,Movie,6.4,92,1978,"Romance, Crime, Thriller, Mystery, Comedy",6557,"1978-10-29","Robert Moore"
tt1726576,6,2023-12-29,"Whites","Whites",https://www.imdb.com/title/tt1726576,TV Series,7.3,,2010,"Comedy",2962,"2012-11-23",
tt1745960,5,2023-12-29,"Top Gun: Maverick","Top Gun: Maverick",https://www.imdb.com/title/tt1745960,Movie,8.2,130,2022,"Action, Drama",907831,"2022-05-25","Joseph Kosinski"
tt3180090,7,2023-12-28,"Daniel","Daniel",https://www.imdb.com/title/tt3180090,Movie,7.6,72,2023,"Documentary, Adventure, Biography",857,"2023-12-20","Daniel Northcott"
tt0082096,8,2023-12-28,"Ubåten","Das Boot",https://www.imdb.com/title/tt0082096,Movie,8.3,149,1981,"Drama, War",290916,"1982-02-26","Wolfgang Petersen"
tt0083891,6,2023-12-28,"Enigma","Enigma",https://www.imdb.com/title/tt0083891,Movie,5.9,102,1982,"Drama, Thriller",1927,"1984-06-08","Jeannot Szwarc"
tt0111807,7,2023-12-24,"Yrrol - En kolossalt genomtänkt film","Yrrol - En kolossalt genomtänkt film",https://www.imdb.com/title/tt0111807,Movie,6.8,88,1994,"Comedy",4544,"1994-10-28","Peter Dalle"
tt5078852,5,2023-12-19,"Lansky","Lansky",https://www.imdb.com/title/tt5078852,Movie,6.2,119,2021,"Biography, Crime, Drama, Thriller, History",11429,"2021-06-25","Eytan Rockaway"
tt0963178,7,2023-12-18,"The International","The International",https://www.imdb.com/title/tt0963178,Movie,6.5,118,2009,"Thriller, Crime, Mystery, Action, Drama",104796,"2009-02-20","Tom Tykwer"
tt0201265,7,2023-12-18,"Tomten är far till alla barnen","Tomten är far till alla barnen",https://www.imdb.com/title/tt0201265,Movie,6.9,95,1999,"Comedy",9873,"1999-11-26","Kjell Sundvall"
tt0091605,6,2023-12-18,"Rosens namn","The Name of the Rose",https://www.imdb.com/title/tt0091605,Movie,7.7,130,1986,"Drama, Thriller, Mystery",128885,"1986-12-25","Jean-Jacques Annaud"
tt0457939,5,2023-12-17,"The Holiday","The Holiday",https://www.imdb.com/title/tt0457939,Movie,7.0,136,2006,"Comedy, Romance",371594,"2006-12-15","Nancy Meyers"
tt0120769,6,2023-12-17,"The Newton Boys","The Newton Boys",https://www.imdb.com/title/tt0120769,Movie,6.1,122,1998,"History, Crime, Drama, Western, Action",13323,"1998-03-27","Richard Linklater"
tt9603212,6,2023-12-15,"Mission: Impossible - Dead Reckoning Part One","Mission: Impossible - Dead Reckoning Part One",https://www.imdb.com/title/tt9603212,Movie,7.6,163,2023,"Action, Adventure, Thriller",333579,"2023-07-12","Christopher McQuarrie"
tt1517268,5,2023-12-15,"Barbie","Barbie",https://www.imdb.com/title/tt1517268,Movie,6.8,114,2023,"Comedy, Adventure, Fantasy",707319,"2023-07-21","Greta Gerwig"
tt0093634,7,2023-12-14,"Nionde kompaniet","Nionde kompaniet",https://www.imdb.com/title/tt0093634,Movie,5.9,109,1987,"Comedy",1109,"1987-11-13","Colin Nutley"
tt28756878,7,2023-12-10,"Andra världskriget: Kampen vid fronten","World War II: From the Frontlines",https://www.imdb.com/title/tt28756878,TV Mini Series,8.2,50,2023,"Documentary, History, War",7367,"2023-12-07",
tt15398776,8,2023-12-05,"Oppenheimer","Oppenheimer",https://www.imdb.com/title/tt15398776,Movie,8.2,180,2023,"Biography, Drama, History",1102028,"2023-07-21","Christopher Nolan"
tt4244994,6,2023-11-20,"The Last Duel","The Last Duel",https://www.imdb.com/title/tt4244994,Movie,7.3,152,2021,"Drama, History, Thriller",210974,"2021-10-15","Ridley Scott"
tt0044357,5,2023-11-20,"Planerat illdåd","Angel Face",https://www.imdb.com/title/tt0044357,Movie,7.2,91,1952,"Crime, Thriller, Film-Noir, Romance, Drama",10310,"1953-08-17","Otto Preminger"
tt0113101,5,2023-11-18,"Four Rooms","Four Rooms",https://www.imdb.com/title/tt0113101,Movie,6.7,98,1995,"Comedy",117718,"1996-09-20","Allison Anders,Alexandre Rockwell,Robert Rodriguez,Quentin Tarantino"
tt0068699,7,2023-11-18,"Mannen med oxpiskan","High Plains Drifter",https://www.imdb.com/title/tt0068699,Movie,7.4,105,1973,"Drama, Western",74383,"1973-07-16","Clint Eastwood"
tt0086993,8,2023-11-16,"Bounty","The Bounty",https://www.imdb.com/title/tt0086993,Movie,7.1,132,1984,"Adventure, History, Drama, Romance",35466,"1984-06-29","Roger Donaldson"
tt0106489,6,2023-11-13,"I skuggan av Bronx","A Bronx Tale",https://www.imdb.com/title/tt0106489,Movie,7.8,121,1993,"Crime, Drama",190866,"1995-01-13","Robert De Niro"
tt0106950,6,2023-11-12,"Fortress","Fortress",https://www.imdb.com/title/tt0106950,Movie,5.9,95,1992,"Thriller, Crime, Sci-Fi, Action",32445,"1993-12-03","Stuart Gordon"
tt0100685,7,2023-11-12,"State of Grace","State of Grace",https://www.imdb.com/title/tt0100685,Movie,7.1,134,1990,"Action, Romance, Crime, Drama, Thriller",30120,"1991-05-17","Phil Joanou"
tt0159382,8,2023-11-12,"Croupier","Croupier",https://www.imdb.com/title/tt0159382,Movie,7.0,94,1998,"Thriller, Crime, Drama",25034,"1999-06-03","Mike Hodges"
tt0038854,5,2023-11-12,"Vilse","The Postman Always Rings Twice",https://www.imdb.com/title/tt0038854,Movie,7.4,113,1946,"Crime, Thriller, Mystery, Romance, Film-Noir, Drama",25210,"1946-10-14","Tay Garnett"
tt6722802,6,2023-11-12,"Marlowe","Marlowe",https://www.imdb.com/title/tt6722802,Movie,5.4,109,2022,"Thriller, Crime, Mystery, Drama",15181,"2023-02-15","Neil Jordan"
tt0114214,6,2023-11-12,"Snabbare än döden","The Quick and the Dead",https://www.imdb.com/title/tt0114214,Movie,6.5,108,1995,"Action, Thriller, Romance, Drama, Western",115095,"1995-06-16","Sam Raimi"
tt0090022,7,2023-11-11,"Silverado","Silverado",https://www.imdb.com/title/tt0090022,Movie,7.2,133,1985,"Drama, Western, Action",54887,"1985-12-25","Lawrence Kasdan"
tt15320362,5,2023-11-11,"Ljuset vi inte ser","All the Light We Cannot See",https://www.imdb.com/title/tt15320362,TV Mini Series,7.5,60,2023,"Drama, History, War",54270,"2023-11-02",
tt18347622,5,2023-11-11,"Bodies","Bodies",https://www.imdb.com/title/tt18347622,TV Mini Series,7.3,60,2023,"Crime, Thriller, Drama, Mystery, Sci-Fi",70097,"2023-10-19",
tt1136617,6,2023-11-11,"The Killer","The Killer",https://www.imdb.com/title/tt1136617,Movie,6.7,118,2023,"Action, Thriller, Crime, Drama, Adventure",228210,"2023-10-27","David Fincher"
tt0108146,6,2023-11-10,"Sista dansen","Sista dansen",https://www.imdb.com/title/tt0108146,Movie,5.1,113,1993,"Drama, Thriller",881,"1993-12-25","Colin Nutley"
tt0342150,8,2023-11-09,"Bukowski: Born into This","Bukowski: Born into This",https://www.imdb.com/title/tt0342150,Movie,7.8,130,2003,"Documentary, Biography",3802,"2004-04-30","John Dullaghan"
tt0103874,6,2023-10-22,"Dracula","Bram Stoker's Dracula",https://www.imdb.com/title/tt0103874,Movie,7.4,128,1992,"Fantasy, Romance, Horror",271397,"1993-02-05","Francis Ford Coppola"
tt6921996,6,2023-10-21,"Johnny English Strikes Again","Johnny English Strikes Again",https://www.imdb.com/title/tt6921996,Movie,6.2,89,2018,"Action, Adventure, Comedy",92023,"2018-09-28","David Kerr"
tt1634122,6,2023-10-20,"Johnny English Reborn","Johnny English Reborn",https://www.imdb.com/title/tt1634122,Movie,6.3,101,2011,"Comedy, Adventure, Action",150785,"2011-10-07","Oliver Parker"
tt0274166,6,2023-10-20,"Johnny English","Johnny English",https://www.imdb.com/title/tt0274166,Movie,6.3,89,2003,"Action, Adventure, Comedy",187323,"2003-04-11","Peter Howitt"
tt0109040,7,2023-10-20,"Den galopperande detektiven","Ace Ventura: Pet Detective",https://www.imdb.com/title/tt0109040,Movie,6.9,86,1994,"Comedy",358705,"1994-05-20","Tom Shadyac"
tt5665452,5,2023-09-30,"Sun Dogs","Sun Dogs",https://www.imdb.com/title/tt5665452,Movie,6.3,94,2017,"Comedy, Drama",2749,"2018-04-07","Jennifer Morrison"
tt13274016,7,2023-09-29,"Reptile","Reptile",https://www.imdb.com/title/tt13274016,Movie,6.8,134,2023,"Thriller, Crime, Drama, Mystery",112430,"2023-09-29","Grant Singer"
tt0118554,6,2023-09-29,"Adam & Eva","Adam & Eva",https://www.imdb.com/title/tt0118554,Movie,6.1,100,1997,"Romance, Drama, Comedy",3573,"1997-02-14","Måns Herngren,Hannes Holm"
tt1570728,7,2023-09-23,"Crazy, Stupid, Love.","Crazy, Stupid, Love.",https://www.imdb.com/title/tt1570728,Movie,7.4,118,2011,"Comedy, Romance, Drama",630683,"2011-09-23","Glenn Ficarra,John Requa"
tt0113537,8,2023-09-22,"Kicking and Screaming","Kicking and Screaming",https://www.imdb.com/title/tt0113537,Movie,6.6,96,1995,"Romance, Drama, Comedy",16167,"2017-09-06","Noah Baumbach"
tt0156934,6,2023-09-22,"Stulen lycka","Random Hearts",https://www.imdb.com/title/tt0156934,Movie,5.4,133,1999,"Mystery, Romance, Drama",25546,"1999-11-05","Sydney Pollack"
tt0096933,5,2023-09-18,"Black Rain","Black Rain",https://www.imdb.com/title/tt0096933,Movie,6.6,125,1989,"Thriller, Drama, Crime, Action",65705,"1990-01-26","Ridley Scott"
tt2183014,5,2023-09-18,"Den statistiska sannolikheten för kärlek vid första ögonkastet","Love at First Sight",https://www.imdb.com/title/tt2183014,Movie,6.8,91,2023,"Drama, Romance",44224,"2023-09-15","Vanessa Caswill"
tt2058617,8,2023-09-17,"Gentlemen","Gentlemen",https://www.imdb.com/title/tt2058617,Movie,6.2,141,2014,"Drama, Romance, Thriller",1031,"2014-12-05","Mikael Marcimain"
tt0443543,6,2023-09-15,"Illusionisten","The Illusionist",https://www.imdb.com/title/tt0443543,Movie,7.5,110,2006,"Drama, Romance, Mystery, Thriller, Fantasy",407271,"2007-04-27","Neil Burger"
tt0082089,8,2023-09-15,"Het puls","Body Heat",https://www.imdb.com/title/tt0082089,Movie,7.4,113,1981,"Crime, Drama, Romance, Thriller",44916,"1982-01-29","Lawrence Kasdan"
tt1603904,6,2023-09-12,"Pappas lilla tjockis","Pappas lilla tjockis",https://www.imdb.com/title/tt1603904,TV Movie,7.2,59,2005,"Drama",89,"2005-02-21","Tomas Alfredson"
tt1292598,6,2023-09-12,"Ben & Gunnar - En liten film om manlig vänskap","Ben & Gunnar - En liten film om manlig vänskap",https://www.imdb.com/title/tt1292598,TV Movie,7.1,58,1999,"Comedy, Drama",704,"1999-04-08","Tomas Alfredson"
tt1290732,6,2023-09-12,"På sista versen - En liten film om döden","På sista versen - En liten film om döden",https://www.imdb.com/title/tt1290732,TV Movie,6.2,55,1999,"Comedy, Drama",291,"1999-04-15","Tomas Alfredson"
tt0311926,8,2023-09-12,"Torsk på Tallinn - En liten film om ensamhet","Torsk på Tallinn - En liten film om ensamhet",https://www.imdb.com/title/tt0311926,TV Movie,7.8,59,1999,"Comedy, Drama",6131,"1999-04-22","Tomas Alfredson"
tt2196017,6,2023-09-02,"Mig äger ingen","Mig äger ingen",https://www.imdb.com/title/tt2196017,Movie,6.8,104,2013,"Drama",2683,"2013-11-08","Kjell-Åke Andersson"
tt6889032,5,2023-09-02,"Tårtgeneralen","Tårtgeneralen",https://www.imdb.com/title/tt6889032,Movie,6.7,101,2018,"Comedy, Drama",5430,"2018-03-07","Filip Hammar,Fredrik Wikingsson"
tt0067309,8,2023-08-29,"Klute - En smart snut","Klute",https://www.imdb.com/title/tt0067309,Movie,7.1,114,1971,"Crime, Thriller, Mystery",34455,"1971-11-15","Alan J. Pakula"
tt0042593,7,2023-08-27,"Nakna nerver","In a Lonely Place",https://www.imdb.com/title/tt0042593,Movie,7.9,94,1950,"Romance, Thriller, Drama, Mystery, Film-Noir",39903,"1950-08-28","Nicholas Ray"
tt0095963,6,2023-08-27,"Red Heat","Red Heat",https://www.imdb.com/title/tt0095963,Movie,6.2,104,1988,"Comedy, Crime, Thriller, Action",82339,"1988-12-23","Walter Hill"
tt0119081,6,2023-08-27,"Event Horizon","Event Horizon",https://www.imdb.com/title/tt0119081,Movie,6.6,96,1997,"Sci-Fi, Thriller, Horror",218061,"1997-08-15","Paul W.S. Anderson"
tt2883512,6,2023-08-26,"Chef","Chef",https://www.imdb.com/title/tt2883512,Movie,7.3,114,2014,"Comedy, Drama, Adventure",254374,"2014-10-31","Jon Favreau"
tt0096244,5,2023-08-26,"Tequila Sunrise","Tequila Sunrise",https://www.imdb.com/title/tt0096244,Movie,6.1,115,1988,"Crime, Drama, Romance, Thriller",36733,"1989-03-03","Robert Towne"
tt0139239,7,2023-08-26,"Go","Go",https://www.imdb.com/title/tt0139239,Movie,7.2,102,1999,"Crime, Comedy",81086,"1999-09-10","Doug Liman"
tt0105151,6,2023-08-21,"Spelaren","The Player",https://www.imdb.com/title/tt0105151,Movie,7.5,124,1992,"Crime, Thriller, Drama, Comedy",73200,"1992-08-14","Robert Altman"
tt0097662,5,2023-08-21,"Döda mig igen","Kill Me Again",https://www.imdb.com/title/tt0097662,Movie,6.3,94,1989,"Crime, Drama, Action, Thriller",6975,"1989-10-27","John Dahl"
tt0086410,6,2023-08-21,"Smutstvätt","Storie di ordinaria follia",https://www.imdb.com/title/tt0086410,Movie,6.6,101,1981,"Drama",3385,"1981-09-11","Marco Ferreri"
tt0092618,7,2023-08-20,"Barfly","Barfly",https://www.imdb.com/title/tt0092618,Movie,7.1,100,1987,"Romance, Drama, Comedy",23787,"1988-02-12","Barbet Schroeder"
tt0827729,3,2023-08-18,"Nina Frisk","Nina Frisk",https://www.imdb.com/title/tt0827729,Movie,5.1,83,2007,"Comedy",1030,"2007-03-09","Maria Blom"
tt1890373,7,2023-08-18,"Krigaren","Kriegerin",https://www.imdb.com/title/tt1890373,Movie,6.7,107,2011,"Drama",6081,"2012-01-19","David Wnendt"
tt0056216,6,2023-08-18,"Mannen som dog 3 gånger","The Man Who Finally Died",https://www.imdb.com/title/tt0056216,Movie,6.1,100,1963,"Mystery, Crime, Drama, Thriller",745,"1964-07-20","Quentin Lawrence"
tt0079360,5,2023-08-18,"Jag är med barn","Jag är med barn",https://www.imdb.com/title/tt0079360,Movie,5.4,107,1979,"Comedy",407,"1979-12-01","Lasse Hallström"
tt0104105,5,2023-08-18,"Slaget om Indokina","Diên Biên Phú",https://www.imdb.com/title/tt0104105,Movie,6.2,140,1992,"History, Drama, War",1347,"1992-03-04","Pierre Schoendoerffer"
tt7475578,7,2023-08-17,"München - På randen till krig","Munich: The Edge of War",https://www.imdb.com/title/tt7475578,Movie,6.8,130,2021,"Drama, Biography, History, Thriller",40326,"2022-01-21","Christian Schwochow"
tt1797469,7,2023-08-17,"Page 8","Page Eight",https://www.imdb.com/title/tt1797469,TV Movie,6.8,99,2011,"Mystery, Drama, Thriller",22770,"2011-08-28","David Hare"
tt13064634,8,2023-08-16,"Glória","Glória",https://www.imdb.com/title/tt13064634,TV Series,7.8,40,2021,"Drama, History, Thriller",5576,"2021-11-05",
tt15135104,5,2023-08-15,"Kleo","Kleo",https://www.imdb.com/title/tt15135104,TV Series,7.5,44,2022,"Thriller, Crime, Drama, Action, Mystery",18482,"2022-08-19",
tt4299774,6,2023-08-15,"Strangeways Here We Come","Strangeways Here We Come",https://www.imdb.com/title/tt4299774,Movie,5.4,86,2018,"Comedy, Crime",650,"2022-10-21","Chris Green"
tt1880399,8,2023-08-13,"Kodachrome","Kodachrome",https://www.imdb.com/title/tt1880399,Movie,6.9,105,2017,"Drama",21950,"2018-04-21","Mark Raso"
tt2241557,5,2023-08-11,"Shoplifters of the World","Shoplifters of the World",https://www.imdb.com/title/tt2241557,Movie,5.5,90,2021,"Comedy, Drama",1174,"2021-03-26","Stephen Kijak"
tt5752346,6,2023-08-10,"John Belushi - En komikers uppgång och fall","Belushi",https://www.imdb.com/title/tt5752346,Movie,7.2,108,2020,"Documentary, Biography",3028,"2020-11-22","R.J. Cutler"
tt13824324,6,2023-08-08,"The Devil's Confession: The Lost Eichmann Tapes","The Devil's Confession: The Lost Eichmann Tapes",https://www.imdb.com/title/tt13824324,TV Series,7.3,174,2022,"Documentary, Drama",320,"2022-06-07",
tt4912910,7,2023-08-07,"Mission: Impossible - Fallout","Mission: Impossible - Fallout",https://www.imdb.com/title/tt4912910,Movie,7.7,147,2018,"Action, Adventure, Thriller",425465,"2018-08-03","Christopher McQuarrie"
tt0120755,5,2023-08-04,"M:I-2","Mission: Impossible II",https://www.imdb.com/title/tt0120755,Movie,6.1,123,2000,"Adventure, Thriller, Action",418933,"2000-07-12","John Woo"
tt0117060,8,2023-08-03,"Mission: Impossible","Mission: Impossible",https://www.imdb.com/title/tt0117060,Movie,7.2,110,1996,"Thriller, Adventure, Action",524177,"1996-09-13","Brian De Palma"
tt2291540,6,2023-08-03,"My Friend Dahmer","My Friend Dahmer",https://www.imdb.com/title/tt2291540,Movie,6.2,107,2017,"Drama, Biography, Horror, Crime, Thriller",26058,"2018-03-02","Marc Meyers"
tt0038787,6,2023-08-01,"Notorious!","Notorious",https://www.imdb.com/title/tt0038787,Movie,7.9,102,1946,"Film-Noir, Mystery, Romance, Thriller, Drama",113691,"1947-01-21","Alfred Hitchcock"
tt0323998,7,2023-08-01,"Smala Sussie","Smala Sussie",https://www.imdb.com/title/tt0323998,Movie,6.9,97,2003,"Comedy, Crime, Mystery",11085,"2003-10-03","Ulf Malmros"
tt0083922,6,2023-08-01,"Fanny och Alexander","Fanny och Alexander",https://www.imdb.com/title/tt0083922,Movie,8.1,322,1982,"Drama",71928,"1982-12-17","Ingmar Bergman"
tt0061418,7,2023-07-30,"Bonnie och Clyde","Bonnie and Clyde",https://www.imdb.com/title/tt0061418,Movie,7.7,111,1967,"Biography, Action, Crime, Drama",127938,"1967-11-22","Arthur Penn"
tt19113292,6,2023-07-30,"Missing: The Lucie Blackman Case","Keishichô sôsaikka rûshî burakku man jiken",https://www.imdb.com/title/tt19113292,Movie,6.4,83,2023,"Documentary, Crime",4539,"2023-07-26","Hyoe Yamamoto"
tt0105752,6,2023-07-30,"Vieille canaille","Vieille canaille",https://www.imdb.com/title/tt0105752,Movie,6.1,100,1992,"Crime, Thriller, Comedy",399,"2023-08-18","Gérard Jourd'hui"
tt0052357,5,2023-07-27,"Studie i brott","Vertigo",https://www.imdb.com/title/tt0052357,Movie,8.2,128,1958,"Romance, Thriller, Mystery",463547,"1958-12-26","Alfred Hitchcock"
tt0120863,8,2023-07-27,"Den tunna röda linjen","The Thin Red Line",https://www.imdb.com/title/tt0120863,Movie,7.6,170,1998,"History, Drama, War",214120,"1999-02-19","Terrence Malick"
tt0088847,6,2023-07-26,"Breakfast Club","The Breakfast Club",https://www.imdb.com/title/tt0088847,Movie,7.8,97,1985,"Comedy, Drama",477991,"1985-07-05","John Hughes"
tt0103074,8,2023-07-26,"Thelma & Louise","Thelma & Louise",https://www.imdb.com/title/tt0103074,Movie,7.6,130,1991,"Drama, Adventure, Crime",197208,"1991-11-15","Ridley Scott"
tt8852430,5,2023-07-23,"Lantisar","Lantisar",https://www.imdb.com/title/tt8852430,Movie,4.4,84,2019,"Drama, Comedy",769,"2020-03-23","Malin Dahl"
tt0134119,8,2023-07-22,"The Talented Mr. Ripley","The Talented Mr. Ripley",https://www.imdb.com/title/tt0134119,Movie,7.4,139,1999,"Crime, Drama, Thriller",276384,"2000-02-25","Anthony Minghella"
tt1355683,5,2023-07-22,"Black Mass","Black Mass",https://www.imdb.com/title/tt1355683,Movie,6.8,123,2015,"Drama, Crime, Biography",204296,"2015-09-25","Scott Cooper"
tt16450274,6,2023-07-22,"Treason","Treason",https://www.imdb.com/title/tt16450274,TV Mini Series,6.4,41,2022,"Drama, Action, Thriller",26479,"2022-12-26",
tt27837467,5,2023-07-22,"Unknown: Cave of Bones","Unknown: Cave of Bones",https://www.imdb.com/title/tt27837467,Movie,6.7,93,2023,"Documentary",2906,"2023-07-17","Mark Mannucci"
tt1291566,6,2023-07-22,"Sidney Hall","Sidney Hall",https://www.imdb.com/title/tt1291566,Movie,6.8,119,2017,"Drama, Mystery, Romance",13627,"2018-03-02","Shawn Christensen"
tt0066999,6,2023-07-22,"Dirty Harry","Dirty Harry",https://www.imdb.com/title/tt0066999,Movie,7.7,102,1971,"Action, Crime, Thriller",183032,"1972-02-06","Don Siegel,Clint Eastwood"
tt0900387,7,2023-07-21,"Suite Française","Suite Française",https://www.imdb.com/title/tt0900387,Movie,7.0,107,2014,"Drama, Romance, War, Thriller, History",30876,"2015-03-13","Saul Dibb"
tt1120985,7,2023-07-21,"Blue Valentine","Blue Valentine",https://www.imdb.com/title/tt1120985,Movie,7.3,112,2010,"Romance, Drama",228750,"2011-04-01","Derek Cianfrance"
tt0082783,7,2023-07-20,"Min middag med André","My Dinner with Andre",https://www.imdb.com/title/tt0082783,Movie,7.6,110,1981,"Drama, Comedy",31324,"1984-05-04","Louis Malle"
tt0120663,8,2023-07-20,"Eyes Wide Shut","Eyes Wide Shut",https://www.imdb.com/title/tt0120663,Movie,7.5,159,1999,"Mystery, Drama, Thriller",440267,"1999-09-17","Stanley Kubrick"
tt14929878,6,2023-07-18,"Jakten på Röd Oktober","The Real Hunt for Red October",https://www.imdb.com/title/tt14929878,TV Special,6.6,85,2021,"Documentary, Drama, History",161,"2021-06-24","Gary Lang"
tt0119396,8,2023-07-18,"Jackie Brown","Jackie Brown",https://www.imdb.com/title/tt0119396,Movie,7.5,154,1997,"Drama, Crime, Thriller",408800,"1998-03-27","Quentin Tarantino"
tt0062229,7,2023-07-18,"Samuraj Killer","Le Samouraï",https://www.imdb.com/title/tt0062229,Movie,8.0,105,1967,"Crime, Drama, Thriller",67405,"1968-02-08","Jean-Pierre Melville"
tt7740496,6,2023-07-17,"Nightmare Alley","Nightmare Alley",https://www.imdb.com/title/tt7740496,Movie,7.0,150,2021,"Drama, Thriller, Crime",184952,"2022-01-28","Guillermo del Toro"
tt0094226,6,2023-07-17,"De omutbara","The Untouchables",https://www.imdb.com/title/tt0094226,Movie,7.8,119,1987,"Thriller, Drama, Crime",357547,"1987-10-30","Brian De Palma"
tt1726669,6,2023-07-17,"Killer Joe","Killer Joe",https://www.imdb.com/title/tt1726669,Movie,6.7,102,2011,"Thriller, Drama, Crime",89649,"2012-06-29","William Friedkin"
tt0092563,8,2023-07-17,"Angel Heart","Angel Heart",https://www.imdb.com/title/tt0092563,Movie,7.2,113,1987,"Horror, Thriller, Mystery",105797,"1987-08-07","Alan Parker"
tt0056923,7,2023-07-16,"Charade","Charade",https://www.imdb.com/title/tt0056923,Movie,7.8,113,1963,"Romance, Thriller, Mystery, Comedy",94935,"1963-12-26","Stanley Donen"
tt8000096,6,2023-07-16,"The Man on the Other Side","The Man on the Other Side",https://www.imdb.com/title/tt8000096,Movie,4.7,85,2019,"Thriller, Drama",372,"2023-01-12","Marcus Lim"
tt2095649,5,2023-07-16,"Grace of Monaco","Grace of Monaco",https://www.imdb.com/title/tt2095649,Movie,5.7,103,2014,"Biography, Drama, Romance",22392,"2014-05-23","Olivier Dahan"
tt14586350,8,2023-07-14,"Love & Death","Love & Death",https://www.imdb.com/title/tt14586350,TV Mini Series,7.5,60,2023,"Crime, Biography, Drama, Mystery, Thriller",55797,"2023-04-27",
tt0477348,8,2023-07-14,"No Country for Old Men","No Country for Old Men",https://www.imdb.com/title/tt0477348,Movie,8.2,122,2007,"Thriller, Crime, Drama",1216285,"2008-02-29","Ethan Coen,Joel Coen"
tt15671028,6,2023-07-14,"No Hard Feelings","No Hard Feelings",https://www.imdb.com/title/tt15671028,Movie,6.3,103,2023,"Comedy, Romance",222856,"2023-06-30","Gene Stupnitsky"
tt2965842,6,2023-07-13,"Hallonbåtsflyktingen","Vadelmavenepakolainen",https://www.imdb.com/title/tt2965842,Movie,6.0,94,2014,"Comedy, Romance",1805,"2014-10-10","Leif Lindblom"
tt27906298,5,2023-07-13,"Eldorado: allt nazisterna hatar","Eldorado - Alles, was die Nazis hassen",https://www.imdb.com/title/tt27906298,Movie,7.5,92,2023,"Documentary, Drama, History",1862,"2023-06-28","Benjamin Cantu"
tt6710474,6,2023-07-09,"Everything Everywhere All at Once","Everything Everywhere All at Once",https://www.imdb.com/title/tt6710474,Movie,7.7,139,2022,"Sci-Fi, Adventure, Comedy, Fantasy, Action, Drama",662794,"2022-05-20","Daniel Kwan,Daniel Scheinert"
tt0118972,7,2023-07-07,"En fiende ibland oss","The Devil's Own",https://www.imdb.com/title/tt0118972,Movie,6.2,111,1997,"Crime, Action, Drama, Thriller",79019,"1997-03-28","Alan J. Pakula"
tt0477437,7,2023-07-04,"Gyllene Tider - Parkliv","Gyllene Tider - Parkliv",https://www.imdb.com/title/tt0477437,Movie,6.5,50,1981,"Documentary, Music",85,"1981","Lasse Hallström"
tt8718158,4,2023-07-03,"The Hating Game","The Hating Game",https://www.imdb.com/title/tt8718158,Movie,6.2,102,2021,"Comedy, Romance",36692,"2022-08-25","Peter Hutchings"
tt8923480,4,2023-07-03,"Body parts - Nakenscener i Hollywood","Body Parts",https://www.imdb.com/title/tt8923480,Movie,6.2,86,2022,"Documentary, History",465,"2023-07-02","Kristy Guevara-Flanagan"
tt22751880,4,2023-07-03,"Vardy v Rooney: A Courtroom Drama","Vardy v Rooney: A Courtroom Drama",https://www.imdb.com/title/tt22751880,TV Series,6.1,47,2022,"Drama, Biography",523,"2022-12-21",
tt2935510,6,2023-07-03,"Ad Astra","Ad Astra",https://www.imdb.com/title/tt2935510,Movie,6.5,123,2019,"Sci-Fi, Thriller, Adventure, Drama, Mystery",284803,"2019-09-20","James Gray"
tt0358273,7,2023-06-28,"Walk the Line","Walk the Line",https://www.imdb.com/title/tt0358273,Movie,7.8,136,2005,"Drama, Music, Biography, Romance",282899,"2006-02-03","James Mangold"
tt1462764,6,2023-06-28,"Indiana Jones and the Dial of Destiny","Indiana Jones and the Dial of Destiny",https://www.imdb.com/title/tt1462764,Movie,6.5,154,2023,"Action, Adventure, Sci-Fi",237344,"2023-06-28","James Mangold"
tt0469494,7,2023-06-27,"There Will Be Blood","There Will Be Blood",https://www.imdb.com/title/tt0469494,Movie,8.2,158,2007,"Drama",720646,"2008-02-22","Paul Thomas Anderson"
tt1395136,7,2023-06-26,"Paris 1919: Un traité pour la paix","Paris 1919: Un traité pour la paix",https://www.imdb.com/title/tt1395136,TV Movie,7.4,90,2009,"Documentary, Drama, History",189,"2009-04-01","Paul Cowan"
tt0094799,7,2023-06-25,"Neon - Bright Lights, Big City","Bright Lights, Big City",https://www.imdb.com/title/tt0094799,Movie,5.7,107,1988,"Drama",9844,"1988-08-24","James Bridges"
tt0038057,7,2023-06-25,"Kvinna i rött","Scarlet Street",https://www.imdb.com/title/tt0038057,Movie,7.7,102,1945,"Drama, Thriller, Crime, Film-Noir",21707,"1946-02-13","Fritz Lang"
tt0077413,6,2023-06-25,"Döden på Nilen","Death on the Nile",https://www.imdb.com/title/tt0077413,Movie,7.3,140,1978,"Crime, Drama, Mystery",45276,"1978-10-30","John Guillermin"
tt0089124,7,2023-06-24,"Falsk som vatten","Falsk som vatten",https://www.imdb.com/title/tt0089124,Movie,6.0,102,1985,"Thriller, Drama",916,"1985-11-08","Hans Alfredson"
tt0078084,8,2023-06-22,"Picassos äventyr","Picassos äventyr",https://www.imdb.com/title/tt0078084,Movie,7.3,115,1978,"Biography, Comedy",4285,"1978-05-20","Tage Danielsson"
tt0051207,6,2023-06-17,"Fel man","The Wrong Man",https://www.imdb.com/title/tt0051207,Movie,7.4,105,1956,"Drama, Film-Noir",35272,"1957-04-29","Alfred Hitchcock"
tt0037008,6,2023-06-17,"Laura","Laura",https://www.imdb.com/title/tt0037008,Movie,7.9,88,1944,"Drama, Mystery, Film-Noir",56858,"1945-03-31","Otto Preminger,Rouben Mamoulian"
tt0053125,8,2023-06-17,"I sista minuten","North by Northwest",https://www.imdb.com/title/tt0053125,Movie,8.2,136,1959,"Mystery, Adventure, Drama, Thriller",372159,"1959-10-19","Alfred Hitchcock"
tt3748512,8,2023-06-17,"Hitchcock/Truffaut","Hitchcock/Truffaut",https://www.imdb.com/title/tt3748512,Movie,7.3,79,2015,"Documentary",7681,"2016-03-31","Kent Jones"
tt9850488,7,2023-06-16,"Tigrar","Tigrar",https://www.imdb.com/title/tt9850488,Movie,6.8,116,2020,"Drama, Sport, Biography",1798,"2021-08-27","Ronnie Sandahl"
tt0102006,4,2023-06-16,"'Harry Lund' lägger näsan i blöt!","'Harry Lund' lägger näsan i blöt!",https://www.imdb.com/title/tt0102006,Movie,4.4,105,1991,"Thriller, Comedy",212,"1991-08-02","Mats Arehn"
tt2209418,7,2023-06-15,"Before Midnight","Before Midnight",https://www.imdb.com/title/tt2209418,Movie,7.9,109,2013,"Drama, Romance",188637,"2013-09-20","Richard Linklater"
tt0381681,8,2023-06-15,"Bara en dag","Before Sunset",https://www.imdb.com/title/tt0381681,Movie,8.1,80,2004,"Drama, Romance",320261,"2004-10-15","Richard Linklater"
tt0112471,7,2023-06-14,"Bara en natt","Before Sunrise",https://www.imdb.com/title/tt0112471,Movie,8.1,101,1995,"Comedy, Romance, Drama",385003,"1995-03-31","Richard Linklater"
tt0072169,6,2023-06-11,"Det sista äventyret","Det sista äventyret",https://www.imdb.com/title/tt0072169,Movie,5.6,115,1974,"Drama",246,"1974-10-24","Jan Halldoff"
tt0099142,6,2023-06-07,"BlackJack","BlackJack",https://www.imdb.com/title/tt0099142,Movie,5.8,111,1990,"Music, Drama",2089,"1990-10-07","Colin Nutley"
tt9731386,5,2023-06-07,"Rogue Agent","Rogue Agent",https://www.imdb.com/title/tt9731386,Movie,6.5,115,2022,"Thriller, Drama, Action, Adventure, Mystery",17080,"2023-04-06","Declan Lawn,Adam Patterson"
tt15239466,7,2023-06-06,"Loving Highsmith","Loving Highsmith",https://www.imdb.com/title/tt15239466,Movie,6.8,83,2022,"Documentary, Biography, History",714,"2022-11-04","Eva Vitija"
tt13156698,6,2023-06-06,"Shangri-La - paradiset på jorden?","Shangri-La, Paradise under Construction",https://www.imdb.com/title/tt13156698,Movie,5.9,94,2022,"Documentary",33,"2023-01-12","Mirka Duijn,Nina Spiering"
tt0102592,8,2023-06-06,"One False Move","One False Move",https://www.imdb.com/title/tt0102592,Movie,7.1,105,1991,"Crime, Drama, Thriller",17065,"1992-10-30","Carl Franklin"
tt0252503,6,2023-06-06,"Heist - Sista stöten","Heist",https://www.imdb.com/title/tt0252503,Movie,6.5,109,2001,"Action, Crime, Drama, Thriller",41659,"2002-02-01","David Mamet"
tt0093223,6,2023-06-06,"En bricka i spelet","House of Games",https://www.imdb.com/title/tt0093223,Movie,7.2,102,1987,"Drama, Crime, Thriller",26195,"1988-05-27","David Mamet"
tt0112857,7,2023-06-06,"Djävul i en blå klänning","Devil in a Blue Dress",https://www.imdb.com/title/tt0112857,Movie,6.8,102,1995,"Drama, Crime, Thriller, Mystery",28044,"1995-12-01","Carl Franklin"
tt21929228,5,2023-06-05,"Älskade Samir","Älskade Samir",https://www.imdb.com/title/tt21929228,TV Series,6.8,,2023,"Comedy, Drama",42,"2023-05-26",
tt0429086,7,2023-06-05,"Shadowing the Third Man","Shadowing the Third Man",https://www.imdb.com/title/tt0429086,TV Movie,6.9,89,2004,"Documentary",292,"2004-10-11","Frederick Baker"
tt22325698,7,2023-06-04,"Spy/Master","Spy/Master",https://www.imdb.com/title/tt22325698,TV Series,7.5,50,2023,"Drama, Action, Thriller",5000,"2023-05-19",
tt18073328,7,2023-05-31,"Blood & Gold","Blood & Gold",https://www.imdb.com/title/tt18073328,Movie,6.5,98,2023,"Drama, Action, War",20658,"2023-05-26","Peter Thorwarth"
tt15411160,4,2023-05-30,"Året jag slutade prestera och började onanera","Året jag slutade prestera och började onanera",https://www.imdb.com/title/tt15411160,Movie,5.2,98,2022,"Comedy, Drama",4445,"2022-10-21","Erika Wasserman"
tt0102579,7,2023-05-24,"Den ofrivillige golfaren","Den ofrivillige golfaren",https://www.imdb.com/title/tt0102579,Movie,5.7,107,1991,"Sport, Comedy",5432,"1991-12-25","Lasse Åberg"
tt0166653,4,2023-05-23,"Hälsoresan","Hälsoresan",https://www.imdb.com/title/tt0166653,Movie,4.4,105,1999,"Comedy",4093,"1999-12-25","Lasse Åberg"
tt9860664,4,2023-05-22,"Pjäsen som går fel","The Goes Wrong Show",https://www.imdb.com/title/tt9860664,TV Series,8.6,29,2019,"Documentary, Comedy",3991,"2021-12-25",
tt15255876,7,2023-05-21,"Emily the Criminal","Emily the Criminal",https://www.imdb.com/title/tt15255876,Movie,6.7,97,2022,"Drama, Crime, Thriller",68217,"2022-11-07","John Patton Ford"
tt11655202,8,2023-05-21,"Rättfärdighetens ryttare","Retfærdighedens ryttere",https://www.imdb.com/title/tt11655202,Movie,7.5,116,2020,"Comedy, Action, Drama, Thriller",77954,"2021-05-14","Anders Thomas Jensen"
tt1320253,6,2023-05-16,"The Expendables","The Expendables",https://www.imdb.com/title/tt1320253,Movie,6.4,103,2010,"Thriller, Action, Adventure",383348,"2010-08-13","Sylvester Stallone"
tt4082744,8,2023-05-11,"Detectorists","Detectorists",https://www.imdb.com/title/tt4082744,TV Series,8.6,30,2014,"Comedy",27168,"2014-02-10",
tt0096548,8,2023-05-09,"Svarte Orm","Blackadder Goes Forth",https://www.imdb.com/title/tt0096548,TV Series,8.8,30,1989,"War, Comedy",65787,"1989-09-28",
tt14807352,8,2023-05-06,"Svaga kvinnor","Svaga kvinnor",https://www.imdb.com/title/tt14807352,Short,4.9,14,2019,"Short, Drama",20,"2019-10-24","My Sandström"
tt2053463,6,2023-05-06,"Side Effects","Side Effects",https://www.imdb.com/title/tt2053463,Movie,7.0,106,2013,"Thriller, Crime, Drama, Mystery",207067,"2013-04-19","Steven Soderbergh"
tt14509130,8,2023-04-30,"Florida Man","Florida Man",https://www.imdb.com/title/tt14509130,TV Mini Series,6.7,51,2023,"Drama, Crime, Mystery, Thriller",13435,"2023-04-13",
tt2741602,6,2023-04-30,"The Blacklist","The Blacklist",https://www.imdb.com/title/tt2741602,TV Series,7.9,43,2013,"Crime, Mystery, Drama, Thriller",304562,"2013-10-17",
tt13406094,8,2023-04-30,"The White Lotus","The White Lotus",https://www.imdb.com/title/tt13406094,TV Series,8.0,60,2021,"Comedy, Drama, Mystery",335717,"2021-07-12",
tt9827854,5,2023-04-30,"Hollywood","Hollywood",https://www.imdb.com/title/tt9827854,TV Mini Series,7.5,50,2020,"Drama, Comedy",44373,"2020-05-01",
tt1489428,8,2023-04-24,"Justified","Justified",https://www.imdb.com/title/tt1489428,TV Series,8.6,45,2010,"Drama, Crime, Action, Thriller, Mystery, Western",132868,"2012-06-29",
tt0092005,9,2023-04-22,"Stand by Me","Stand by Me",https://www.imdb.com/title/tt0092005,Movie,8.1,89,1986,"Drama, Adventure",495991,"1987-03-27","Rob Reiner"
tt4301160,6,2023-04-22,"Black Bird","Black Bird",https://www.imdb.com/title/tt4301160,TV Mini Series,8.1,58,2022,"Crime, Drama, Thriller, Mystery, Biography",148882,"2022-07-08",
tt15677150,6,2023-04-22,"Shrinking","Shrinking",https://www.imdb.com/title/tt15677150,TV Series,8.2,33,2023,"Comedy, Drama",131988,"2023-01-27",
tt11280740,6,2023-04-22,"Severance","Severance",https://www.imdb.com/title/tt11280740,TV Series,8.6,50,2022,"Drama, Thriller, Mystery, Sci-Fi",409699,"2022-02-18",
tt10971064,5,2023-04-22,"Mr. Corman","Mr. Corman",https://www.imdb.com/title/tt10971064,TV Series,6.5,,2021,"Comedy, Drama",6844,"2021-08-06",
tt3768572,7,2023-04-21,"Aquarius","Aquarius",https://www.imdb.com/title/tt3768572,TV Series,7.0,42,2015,"Crime, Drama, Thriller, Biography, Mystery",14233,"2015-08-21",
tt15441266,7,2023-04-20,"Transatlantic","Transatlantic",https://www.imdb.com/title/tt15441266,TV Mini Series,6.6,50,2023,"Drama, History",6562,"2023-04-07",
tt0484018,6,2023-04-17,"Stereo","Stereo",https://www.imdb.com/title/tt0484018,TV Series,7.0,30,1996,"Talk-Show, Comedy",54,"1996-10-31",
tt2509850,5,2023-04-14,"The Rewrite","The Rewrite",https://www.imdb.com/title/tt2509850,Movie,6.3,107,2014,"Comedy, Romance",24014,"2015-02-13","Marc Lawrence"
tt2402927,6,2023-04-11,"Carol","Carol",https://www.imdb.com/title/tt2402927,Movie,7.3,118,2015,"Drama, Romance",155204,"2015-12-25","Todd Haynes"
tt4976512,6,2023-04-02,"Secret City","Secret City",https://www.imdb.com/title/tt4976512,TV Series,7.4,49,2016,"Thriller, Mystery",11038,"2021-03-04",
tt6820256,6,2023-04-02,"Arctic","Arctic",https://www.imdb.com/title/tt6820256,Movie,6.8,98,2018,"Drama, Adventure",64230,"2019-04-19","Joe Penna"
tt18070200,6,2023-03-31,"Jacques Tati - En mästares uppgång och fall","Jacques Tati, tombé de la lune",https://www.imdb.com/title/tt18070200,Movie,7.1,60,2021,"Documentary",87,"2022-02-04","Jean-Baptiste Péretié"
tt26746100,6,2023-03-22,"Havsfilosofen","Philosopher of the Sea",https://www.imdb.com/title/tt26746100,Movie,6.9,78,2023,"Documentary",162,"2023-03-17","Andreas Eidhagen"
tt26739535,5,2023-03-21,"MH370: Flygplanet som försvann","MH370: The Plane That Disappeared",https://www.imdb.com/title/tt26739535,TV Mini Series,6.1,60,2023,"Documentary",16113,"2023-03-08",
tt2303687,7,2023-03-12,"Line of Duty","Line of Duty",https://www.imdb.com/title/tt2303687,TV Series,8.7,60,2012,"Thriller, Drama, Crime, Mystery",82619,"2012-09-02",
tt0086173,5,2023-03-12,"Raskenstam","Raskenstam",https://www.imdb.com/title/tt0086173,Movie,5.4,109,1983,"Romance, War, Comedy",333,"1983-08-19","Gunnar Hellström"
tt7469828,4,2023-03-05,"Paradise Highway","Paradise Highway",https://www.imdb.com/title/tt7469828,Movie,5.7,115,2022,"Thriller, Drama, Crime",8161,"2023-03-01","Anna Gutto"
tt0075314,7,2023-03-05,"Taxi Driver","Taxi Driver",https://www.imdb.com/title/tt0075314,Movie,8.2,114,1976,"Crime, Drama",1044161,"1977-03-12","Martin Scorsese"
tt6474040,5,2023-02-26,"Stockholm","Stockholm",https://www.imdb.com/title/tt6474040,Movie,6.1,92,2018,"Crime, Drama, Comedy, History, Biography",16096,"2019-07-05","Robert Budreau"
tt12593682,5,2023-02-26,"Bullet Train","Bullet Train",https://www.imdb.com/title/tt12593682,Movie,7.3,127,2022,"Action, Thriller, Comedy",549086,"2022-08-05","David Leitch"
tt8739752,5,2023-02-26,"Fallet Collini","Der Fall Collini",https://www.imdb.com/title/tt8739752,Movie,7.3,123,2019,"Drama, Thriller, Crime, War",15791,"2019-04-18","Marco Kreuzpaintner"
tt0705272,10,2023-02-25,"The Sopranos: Pine Barrens","The Sopranos: Pine Barrens",https://www.imdb.com/title/tt0705272,TV Episode,9.7,60,2001,"Crime, Drama",23477,"2001-05-06","Steve Buscemi"
tt0141842,8,2023-02-16,"The Sopranos","The Sopranos",https://www.imdb.com/title/tt0141842,TV Series,9.2,55,1999,"Crime, Drama",599505,"2000-10-06",
tt1780967,5,2023-02-13,"Seberg","Seberg",https://www.imdb.com/title/tt1780967,Movie,6.0,102,2019,"Thriller, Biography, Drama, History",11357,"2020-03-30","Benedict Andrews"
tt4092422,4,2023-02-12,"Love Is Thicker Than Water","Love Is Thicker Than Water",https://www.imdb.com/title/tt4092422,Movie,5.9,105,2016,"Romance, Comedy, Drama",506,"2023-02-10","Ate de Jong,Emily Harris"
tt0110912,8,2023-02-12,"Pulp Fiction","Pulp Fiction",https://www.imdb.com/title/tt0110912,Movie,8.8,154,1994,"Crime, Drama",2472326,"1994-11-25","Quentin Tarantino"
tt0417658,7,2023-02-11,"Factotum","Factotum",https://www.imdb.com/title/tt0417658,Movie,6.6,94,2005,"Comedy, Romance, Drama",15753,"2005-04-29","Bent Hamer"
tt8129794,4,2023-02-11,"100 saker","100 Dinge",https://www.imdb.com/title/tt8129794,Movie,6.3,111,2018,"Comedy, Drama",7832,"2023-02-10","Florian David Fitz"
tt0107206,6,2023-02-11,"I skottlinjen","In the Line of Fire",https://www.imdb.com/title/tt0107206,Movie,7.2,128,1993,"Action, Drama, Crime, Thriller",124731,"1993-10-08","Wolfgang Petersen"
tt2315596,6,2023-02-06,"Galveston","Galveston",https://www.imdb.com/title/tt2315596,Movie,6.2,93,2018,"Drama, Thriller, Action, Crime",17508,"2018-10-19","Mélanie Laurent"
tt15565872,8,2023-02-04,"En spion bland vänner","A Spy Among Friends",https://www.imdb.com/title/tt15565872,TV Mini Series,7.2,60,2022,"Drama, Thriller",8588,"2022-12-24",
tt9731682,6,2023-02-03,"Crisis","Crisis",https://www.imdb.com/title/tt9731682,Movie,6.2,118,2021,"Thriller, Drama",15664,"2021-02-26","Nicholas Jarecki"
tt14500888,9,2023-02-02,"The Last of Us: Long, Long Time","The Last of Us: Long, Long Time",https://www.imdb.com/title/tt14500888,TV Episode,8.1,76,2023,"Adventure, Horror, Drama, Thriller, Sci-Fi, Action",242132,"2023-01-29","Peter Hoar"
tt3581920,7,2023-02-02,"The Last of Us","The Last of Us",https://www.imdb.com/title/tt3581920,TV Series,8.4,50,2023,"Adventure, Horror, Drama, Thriller, Sci-Fi, Action",752140,"2023-01-16",
tt0457433,4,2023-01-30,"Perfect Stranger","Perfect Stranger",https://www.imdb.com/title/tt0457433,Movie,5.7,109,2007,"Thriller, Mystery, Crime",54394,"2007-04-27","James Foley"
tt9737876,5,2023-01-30,"Narvik","Kampen om Narvik",https://www.imdb.com/title/tt9737876,Movie,6.6,108,2022,"Drama, History, War",21275,"2023-01-23","Erik Skjoldbjærg"
tt0077928,6,2023-01-30,"Midnight Express","Midnight Express",https://www.imdb.com/title/tt0077928,Movie,7.5,121,1978,"Thriller, Biography, Crime, Drama",95919,"1978-09-16","Alan Parker"
tt0067116,6,2023-01-30,"French Connection - Lagens våldsamma män","The French Connection",https://www.imdb.com/title/tt0067116,Movie,7.6,104,1971,"Crime, Drama, Thriller, Action",152770,"1972-08-28","William Friedkin"
tt0054953,7,2023-01-30,"Kanonerna på Navarone","The Guns of Navarone",https://www.imdb.com/title/tt0054953,Movie,7.5,156,1961,"Adventure, Drama, War, Action",61143,"1961-10-23","J. Lee Thompson"
tt0099850,5,2023-01-29,"Misstänkta förbindelser","Internal Affairs",https://www.imdb.com/title/tt0099850,Movie,6.5,115,1990,"Drama, Thriller, Crime",25112,"1990-05-04","Mike Figgis"
tt1016150,8,2023-01-29,"På västfronten intet nytt","Im Westen nichts Neues",https://www.imdb.com/title/tt1016150,Movie,7.8,148,2022,"Drama, History, War",347403,"2022-10-28","Edward Berger"
tt14138650,7,2023-01-29,"The Pale Blue Eye","The Pale Blue Eye",https://www.imdb.com/title/tt14138650,Movie,6.6,128,2022,"Crime, Mystery, Horror, Thriller",143823,"2023-01-06","Scott Cooper"
tt7322224,7,2023-01-29,"Triangle of Sadness","Triangle of Sadness",https://www.imdb.com/title/tt7322224,Movie,7.2,147,2022,"Drama, Comedy",220825,"2022-10-07","Ruben Östlund"
tt0117665,8,2023-01-28,"Sleepers","Sleepers",https://www.imdb.com/title/tt0117665,Movie,7.5,147,1996,"Thriller, Crime, Drama",258742,"1997-01-10","Barry Levinson"
tt21155384,6,2023-01-28,"Stammisar","Stammisar",https://www.imdb.com/title/tt21155384,Movie,4.9,83,2022,"Drama, Romance",246,"2022-09-02","Måns Nyman"
tt13640696,7,2023-01-28,"See How They Run","See How They Run",https://www.imdb.com/title/tt13640696,Movie,6.5,98,2022,"Mystery, Comedy, Crime",75253,"2022-09-30","Tom George"
tt15290226,6,2023-01-20,"Everything I Know About Love","Everything I Know About Love",https://www.imdb.com/title/tt15290226,TV Series,7.5,44,2022,"Drama, Romance, Comedy",3341,"2022-06-07",
tt6160448,6,2023-01-16,"Vitt brus","White Noise",https://www.imdb.com/title/tt6160448,Movie,5.7,136,2022,"Mystery, Drama, Comedy, Horror",48233,"2022-12-09","Noah Baumbach"
tt4131496,8,2023-01-15,"The Vanishing","The Vanishing",https://www.imdb.com/title/tt4131496,Movie,5.9,107,2018,"Thriller, Mystery, Drama",23023,"2019-03-15","Kristoffer Nyholm"
tt0071877,6,2023-01-14,"Mordet på Orientexpressen","Murder on the Orient Express",https://www.imdb.com/title/tt0071877,Movie,7.2,128,1974,"Crime, Drama, Thriller, Mystery",75602,"1974-12-28","Sidney Lumet"
tt7582346,6,2023-01-08,"Den döende detektiven","Den döende detektiven",https://www.imdb.com/title/tt7582346,TV Mini Series,7.1,,2018,"Crime, Drama, Mystery",1092,"2018-01-03",
tt3127022,6,2023-01-08,"The Bookshop","The Bookshop",https://www.imdb.com/title/tt3127022,Movie,6.5,113,2017,"Drama",19099,"2018-12-14","Isabel Coixet"
tt5153288,6,2023-01-07,"Backstabbing for Beginners","Backstabbing for Beginners",https://www.imdb.com/title/tt5153288,Movie,6.3,108,2018,"Thriller, Drama, History, Romance, Mystery",7050,"2018-01-18","Per Fly"
tt0475290,6,2023-01-07,"Hail, Caesar!","Hail, Caesar!",https://www.imdb.com/title/tt0475290,Movie,6.3,106,2016,"Comedy, Mystery, Drama",151125,"2016-02-19","Ethan Coen,Joel Coen"
tt5616294,7,2023-01-07,"Spinning Man","Spinning Man",https://www.imdb.com/title/tt5616294,Movie,5.7,100,2018,"Thriller, Drama, Mystery",14748,"2022-03-12","Simon Kaijser"
tt4218572,7,2023-01-07,"Widows","Widows",https://www.imdb.com/title/tt4218572,Movie,6.8,129,2018,"Crime, Drama, Thriller",109901,"2018-11-16","Steve McQueen"
tt0102015,8,2023-01-05,"En filmares vånda: Coppola's Apocalypse","Hearts of Darkness: A Filmmaker's Apocalypse",https://www.imdb.com/title/tt0102015,Movie,8.1,96,1991,"Documentary",26155,"1991-12-06","Fax Bahr,George Hickenlooper,Eleanor Coppola"
tt15452062,8,2023-01-05,"Boy from Heaven","Walad min al-Janna",https://www.imdb.com/title/tt15452062,Movie,6.9,126,2022,"Drama, Thriller",9869,"2022-11-18","Tarik Saleh"
tt1272878,6,2022-12-30,"2 Guns","2 Guns",https://www.imdb.com/title/tt1272878,Movie,6.7,109,2013,"Action, Thriller, Comedy, Crime",239541,"2013-10-11","Baltasar Kormákur"
tt0454848,8,2022-12-30,"Inside Man","Inside Man",https://www.imdb.com/title/tt0454848,Movie,7.6,129,2006,"Crime, Drama, Thriller, Mystery",430083,"2006-03-31","Spike Lee"
tt0582421,9,2022-12-18,"Frasier: Ham Radio","Frasier: Ham Radio",https://www.imdb.com/title/tt0582421,TV Episode,9.4,23,1997,"Comedy",2403,"1997-04-22","David Lee"
tt0106004,7,2022-12-15,"Frasier","Frasier",https://www.imdb.com/title/tt0106004,TV Series,8.2,22,1993,"Comedy",104287,"1998-05-25",
tt3864056,9,2022-12-11,"The Goldfinch","The Goldfinch",https://www.imdb.com/title/tt3864056,Movie,6.4,149,2019,"Drama, Crime, Mystery",30521,"2020-06-18","John Crowley"
tt0049845,7,2022-12-11,"Den långa armen","The Long Arm",https://www.imdb.com/title/tt0049845,Movie,7.0,96,1956,"Crime, Thriller, Drama, Mystery",1695,"1956-10-08","Charles Frend"
tt0098241,4,2022-12-11,"s/y Glädjen","s/y Glädjen",https://www.imdb.com/title/tt0098241,Movie,5.2,93,1989,"Drama",330,"1989-08-21","Göran du Rées"
tt16988956,5,2022-12-11,"Ulysses 100 år - en film om James Joyce. Ulysses 100 år - en film om James Joyce","100 Years of Ulysses",https://www.imdb.com/title/tt16988956,TV Movie,7.3,109,2022,"Documentary",74,"2022-02-03","Ruán Magan"
tt0114576,6,2022-11-27,"Sudden Death","Sudden Death",https://www.imdb.com/title/tt0114576,Movie,5.9,111,1995,"Thriller, Crime, Action",40154,"1996-05-17","Peter Hyams"
tt0112099,8,2022-11-21,"NileCity 105.6","NileCity 105.6",https://www.imdb.com/title/tt0112099,TV Mini Series,8.5,30,1995,"Comedy",3765,"1995-01-18",
tt8002676,8,2022-11-21,"Bäst i test","Bäst i test",https://www.imdb.com/title/tt8002676,TV Series,8.1,90,2017,"Game-Show, Comedy",971,"2017-03-10",
tt0102982,4,2022-11-21,"Stinsen brinner ...filmen alltså","Stinsen brinner ...filmen alltså",https://www.imdb.com/title/tt0102982,Movie,6.7,104,1991,"Musical, Comedy",768,"1991-09-06","Claes Eriksson,Anders Eriksson"
tt0100083,6,2022-11-20,"Macken - Roy's & Roger's Bilservice","Macken - Roy's & Roger's Bilservice",https://www.imdb.com/title/tt0100083,Movie,6.0,92,1990,"Music, Comedy",1289,"1990-12-23","Claes Eriksson"
tt5613484,7,2022-11-20,"Mid90s","Mid90s",https://www.imdb.com/title/tt5613484,Movie,7.4,85,2018,"Comedy, Drama",89933,"2019-04-12","Jonah Hill"
tt5724948,5,2022-11-20,"Old Boys","Old Boys",https://www.imdb.com/title/tt5724948,Movie,6.1,96,2018,"Comedy",1554,"2022-11-04","Toby MacDonald"
tt0145681,5,2022-11-20,"I samlarens spår","The Bone Collector",https://www.imdb.com/title/tt0145681,Movie,6.7,118,1999,"Crime, Drama, Thriller, Mystery",203011,"2000-02-11","Phillip Noyce"
tt0065839,5,2022-11-20,"Hoffman","Hoffman",https://www.imdb.com/title/tt0065839,Movie,6.8,113,1970,"Drama",1948,"2022-03-04","Alvin Rakoff"
tt0093640,6,2022-11-20,"Ingen utväg","No Way Out",https://www.imdb.com/title/tt0093640,Movie,7.1,114,1987,"Mystery, Action, Romance, Crime, Drama, Thriller",56808,"1987-12-11","Roger Donaldson"
tt1788391,5,2022-11-19,"Kill List","Kill List",https://www.imdb.com/title/tt1788391,Movie,6.3,95,2011,"Horror, Thriller, Crime, Mystery, Drama",50754,"2011-09-02","Ben Wheatley"
tt2763296,7,2022-11-19,"Det stora tågrånet","The Great Train Robbery",https://www.imdb.com/title/tt2763296,TV Mini Series,7.3,90,2013,"Biography, Drama, Crime, History, Thriller",5587,"2016-08-27",
tt0108904,6,2022-11-19,"Rena rama Rolf","Rena rama Rolf",https://www.imdb.com/title/tt0108904,TV Series,6.4,30,1994,"Comedy",665,"1994-09-03",
tt9319668,6,2022-11-19,"1899","1899",https://www.imdb.com/title/tt9319668,TV Series,7.3,60,2022,"Drama, Adventure, Thriller",125764,"2022-11-17",
tt0436319,7,2022-11-19,"Fjorton suger","Fjorton suger",https://www.imdb.com/title/tt0436319,Movie,4.7,83,2004,"Drama, Romance",1404,"2004-10-29","Filippa Freijd,Martin Jern,Emil Larsson,Henrik Norrthon"
tt0099959,6,2022-11-19,"Kurt Olsson - Filmen om mitt liv som mej själv","Kurt Olsson - Filmen om mitt liv som mej själv",https://www.imdb.com/title/tt0099959,Movie,4.8,88,1990,"Comedy",707,"1990-02-09","Håkan Wennberg"
tt20246948,7,2022-11-15,"Once Upon a Time in Londongrad","Once Upon a Time in Londongrad",https://www.imdb.com/title/tt20246948,TV Series,7.0,,2022,"Documentary, Crime",256,"2022-10-20",
tt6828390,8,2022-11-13,"Mr. Jones","Mr. Jones",https://www.imdb.com/title/tt6828390,Movie,6.9,119,2019,"Biography, Drama, Thriller",18820,"2020-03-27","Agnieszka Holland"
tt0064665,7,2022-11-13,"Midnight Cowboy","Midnight Cowboy",https://www.imdb.com/title/tt0064665,Movie,7.8,113,1969,"Drama",133018,"1969-10-08","John Schlesinger"
tt0089006,6,2022-11-13,"En handelsresandes död","Death of a Salesman",https://www.imdb.com/title/tt0089006,TV Movie,7.2,136,1985,"Drama",12573,"1985-09-15","Volker Schlöndorff"
tt0106697,5,2022-11-13,"Demolition Man","Demolition Man",https://www.imdb.com/title/tt0106697,Movie,6.7,115,1993,"Thriller, Sci-Fi, Action",211577,"1994-01-14","Marco Brambilla"
tt3704428,6,2022-11-13,"Elvis","Elvis",https://www.imdb.com/title/tt3704428,Movie,7.3,159,2022,"Biography, Drama, Music",265180,"2022-06-29","Baz Luhrmann"
tt0081748,7,2022-11-06,"Where the Buffalo Roam","Where the Buffalo Roam",https://www.imdb.com/title/tt0081748,Movie,6.5,99,1980,"Biography, Comedy",13380,"1980-04-25","Art Linson"
tt2101383,5,2022-11-06,"Knight of Cups","Knight of Cups",https://www.imdb.com/title/tt2101383,Movie,5.6,118,2015,"Drama, Romance, Fantasy",32200,"2016-04-01","Terrence Malick"
tt0090180,6,2022-11-06,"Änglarnas stad - Los Angeles","To Live and Die in L.A.",https://www.imdb.com/title/tt0090180,Movie,7.3,116,1985,"Crime, Drama, Thriller, Action",50736,"1986-04-18","William Friedkin"
tt3165612,5,2022-11-05,"Sleeping with Other People","Sleeping with Other People",https://www.imdb.com/title/tt3165612,Movie,6.5,101,2015,"Comedy, Drama, Romance",52236,"2015-08-12","Leslye Headland"
tt0268126,8,2022-11-05,"Adaptation.","Adaptation.",https://www.imdb.com/title/tt0268126,Movie,7.6,115,2002,"Comedy, Drama",214867,"2003-04-16","Spike Jonze"
tt0107362,7,2022-11-05,"Siste actionhjälten","Last Action Hero",https://www.imdb.com/title/tt0107362,Movie,6.5,130,1993,"Fantasy, Comedy, Adventure, Action",175339,"1993-09-24","John McTiernan"
tt0383216,4,2022-11-04,"Rosa Pantern","The Pink Panther",https://www.imdb.com/title/tt0383216,Movie,5.7,93,2006,"Comedy, Mystery, Crime, Adventure",100497,"2006-03-03","Shawn Levy"
tt11394296,5,2022-10-08,"Into the Deep","Into the Deep",https://www.imdb.com/title/tt11394296,Movie,6.5,90,2020,"Documentary, Biography, Crime, Mystery",5055,"2022-09-30","Emma Sullivan"
tt4803766,7,2022-09-07,"Alone","Alone",https://www.imdb.com/title/tt4803766,TV Series,8.4,44,2015,"Documentary, Game-Show, Reality-TV",9490,"2015-06-18",
tt7660850,7,2022-08-17,"Succession","Succession",https://www.imdb.com/title/tt7660850,TV Series,8.8,60,2018,"Drama, Comedy",369205,"2018-06-04",
tt13694628,6,2022-08-10,"Nitram","Nitram",https://www.imdb.com/title/tt13694628,Movie,7.1,112,2021,"Thriller, Drama, Crime",13347,"2022-08-05","Justin Kurzel"
tt3638584,9,2022-08-09,"Världens undergång - Första världskriget","Apocalypse la 1ère Guerre mondiale",https://www.imdb.com/title/tt3638584,TV Mini Series,8.8,52,2014,"Documentary, History, War",3432,"2015-11-02",
tt3713222,9,2022-08-08,"Den långa vägen till krig","The Long Road to War",https://www.imdb.com/title/tt3713222,Movie,7.7,117,2018,"Documentary",1994,"2022-06-25","Milos Skundric"
tt21098728,6,2022-08-08,"Internets mest hatade man","The Most Hated Man on the Internet",https://www.imdb.com/title/tt21098728,TV Mini Series,6.8,60,2022,"Documentary, Crime",8903,"2022-07-27",
tt13668894,6,2022-08-06,"The Book of Boba Fett","The Book of Boba Fett",https://www.imdb.com/title/tt13668894,TV Mini Series,7.1,50,2021,"Action, Adventure, Sci-Fi",213663,"2021-12-29",
tt8466564,5,2022-08-05,"Obi-Wan Kenobi","Obi-Wan Kenobi",https://www.imdb.com/title/tt8466564,TV Mini Series,7.0,45,2022,"Sci-Fi, Action, Adventure",267574,"2022-05-27",
tt0080684,8,2022-08-04,"Rymdimperiet slår tillbaka","Star Wars: Episode V - The Empire Strikes Back",https://www.imdb.com/title/tt0080684,Movie,8.7,124,1980,"Fantasy, Sci-Fi, Adventure",1526635,"1980-08-15","Irvin Kershner"
tt0367882,6,2022-08-03,"Indiana Jones och kristalldödskallens rike","Indiana Jones and the Kingdom of the Crystal Skull",https://www.imdb.com/title/tt0367882,Movie,6.2,122,2008,"Action, Adventure",518435,"2008-05-22","Steven Spielberg"
tt0087980,6,2022-08-02,"Den vassa eggen","The Razor's Edge",https://www.imdb.com/title/tt0087980,Movie,6.4,128,1984,"Romance, War, Drama",6384,"1985-04-26","John Byrum"
tt4513678,6,2022-08-02,"Ghostbusters: Afterlife","Ghostbusters: Afterlife",https://www.imdb.com/title/tt4513678,Movie,7.0,124,2021,"Comedy, Fantasy, Adventure, Sci-Fi",243787,"2021-11-19","Jason Reitman"
tt7137380,7,2022-08-01,"Destroyer","Destroyer",https://www.imdb.com/title/tt7137380,Movie,6.2,121,2018,"Thriller, Action, Crime, Drama, Mystery",34161,"2019-02-01","Karyn Kusama"
tt0190138,5,2022-07-31,"Oss torpeder emellan","The Whole Nine Yards",https://www.imdb.com/title/tt0190138,Movie,6.7,98,2000,"Crime, Comedy",136744,"2000-06-30","Jonathan Lynn"
tt1649418,5,2022-07-31,"The Gray Man","The Gray Man",https://www.imdb.com/title/tt1649418,Movie,6.5,122,2022,"Thriller, Mystery, Action",279360,"2022-07-22","Joe Russo,Anthony Russo"
tt14512538,6,2022-07-14,"Roadrunner: A Film About Anthony Bourdain","Roadrunner: A Film About Anthony Bourdain",https://www.imdb.com/title/tt14512538,Movie,7.7,119,2021,"Documentary",11636,"2023-01-03","Morgan Neville"
tt0378947,5,2022-07-02,"Melinda & Melinda","Melinda and Melinda",https://www.imdb.com/title/tt0378947,Movie,6.4,99,2004,"Comedy, Drama, Romance",34278,"2004-12-17","Woody Allen"
tt0107659,7,2022-07-02,"Laddat vapen 1","National Lampoon's: Loaded Weapon 1",https://www.imdb.com/title/tt0107659,Movie,6.2,84,1993,"Crime, Action, Comedy",53799,"1993-06-27","Gene Quintano"
tt1615147,7,2022-06-22,"Margin Call","Margin Call",https://www.imdb.com/title/tt1615147,Movie,7.1,107,2011,"Thriller, Drama",165362,"2012-03-16","J.C. Chandor"
tt1124035,8,2022-06-20,"Maktens män","The Ides of March",https://www.imdb.com/title/tt1124035,Movie,7.1,101,2011,"Drama, Thriller",240929,"2011-11-04","George Clooney"
tt2119532,7,2022-06-20,"Hacksaw Ridge","Hacksaw Ridge",https://www.imdb.com/title/tt2119532,Movie,8.1,139,2016,"Drama, War, History, Biography",698683,"2016-11-04","Mel Gibson"
tt0381849,6,2022-06-19,"3:10 to Yuma","3:10 to Yuma",https://www.imdb.com/title/tt0381849,Movie,7.6,122,2007,"Western, Drama, Crime, Action",354231,"2008-03-07","James Mangold"
tt8143990,6,2022-06-19,"Kajillionaire","Kajillionaire",https://www.imdb.com/title/tt8143990,Movie,6.4,104,2020,"Drama, Crime, Comedy",24304,"2020-09-25","Miranda July"
tt0914863,5,2022-06-19,"Unthinkable","Unthinkable",https://www.imdb.com/title/tt0914863,Movie,7.0,97,2010,"Drama, Thriller, Crime",101467,"2010-05-26","Gregor Jordan"
tt0780571,8,2022-06-18,"Mr. Brooks","Mr. Brooks",https://www.imdb.com/title/tt0780571,Movie,7.2,120,2007,"Drama, Thriller, Crime, Mystery",164582,"2007-06-24","Bruce A. Evans"
tt8368512,6,2022-06-18,"The Courier","The Courier",https://www.imdb.com/title/tt8368512,Movie,7.2,112,2020,"Thriller, Drama, History, Mystery",82915,"2021-08-06","Dominic Cooke"
tt4494718,6,2022-06-18,"Final Portrait","Final Portrait",https://www.imdb.com/title/tt4494718,Movie,6.3,90,2017,"Biography, Drama, Comedy",6445,"2017-08-18","Stanley Tucci"
tt5093026,7,2022-06-11,"Papillon","Papillon",https://www.imdb.com/title/tt5093026,Movie,7.2,133,2017,"Drama, Crime, Adventure, Biography",97491,"2018-09-21","Michael Noer"
tt6866224,6,2022-06-11,"The Hummingbird Project","The Hummingbird Project",https://www.imdb.com/title/tt6866224,Movie,6.2,111,2018,"Thriller, Drama",18278,"2019-07-18","Kim Nguyen"
tt0325980,9,2022-06-08,"Pirates of the Caribbean: Svarta Pärlans förbannelse","Pirates of the Caribbean: The Curse of the Black Pearl",https://www.imdb.com/title/tt0325980,Movie,8.1,143,2003,"Fantasy, Action, Adventure",1348015,"2003-08-27","Gore Verbinski"
tt5932728,7,2022-05-25,"The Professor and the Madman","The Professor and the Madman",https://www.imdb.com/title/tt5932728,Movie,7.2,124,2019,"Drama, Biography, History",55679,"2019-03-15","Farhad Safinia"
tt0113845,6,2022-05-14,"Money Train","Money Train",https://www.imdb.com/title/tt0113845,Movie,5.7,110,1995,"Crime, Thriller, Drama, Comedy, Action",45751,"1996-01-05","Joseph Ruben"
tt7282468,6,2022-05-06,"Bränd","Beoning",https://www.imdb.com/title/tt7282468,Movie,7.4,148,2018,"Drama, Mystery, Thriller, Crime",87668,"2019-01-18","Lee Chang-dong"
tt0112913,9,2022-05-04,"Helgon i neon","Do lok tin si",https://www.imdb.com/title/tt0112913,Movie,7.5,99,1995,"Crime, Romance, Comedy, Drama",61431,"1997-03-21","Wong Kar-Wai"
tt0118845,9,2022-05-04,"Happy Together","Chun gwong ja sit",https://www.imdb.com/title/tt0118845,Movie,7.6,96,1997,"Romance, Drama",38989,"2004-08-13","Wong Kar-Wai"
tt11271038,7,2022-05-03,"Licorice Pizza","Licorice Pizza",https://www.imdb.com/title/tt11271038,Movie,7.1,133,2021,"Drama, Comedy, Romance",164021,"2022-03-18","Paul Thomas Anderson"
tt7888964,5,2022-05-01,"Nobody","Nobody",https://www.imdb.com/title/tt7888964,Movie,7.4,92,2021,"Action, Crime, Thriller, Drama",406102,"2021-06-04","Ilya Naishuller"
tt1877830,8,2022-04-24,"The Batman","The Batman",https://www.imdb.com/title/tt1877830,Movie,7.8,176,2022,"Crime, Mystery, Action",951660,"2022-03-02","Matt Reeves"
tt10483598,7,2022-03-15,"Lena","Lena",https://www.imdb.com/title/tt10483598,Movie,7.1,102,2021,"Documentary, Biography",273,"2021-09-17","Isabel Andersson"
tt9059760,7,2022-02-19,"Normala människor","Normal People",https://www.imdb.com/title/tt9059760,TV Mini Series,8.4,28,2020,"Drama, Romance",119402,"2020-05-07",
tt1464335,6,2022-02-18,"Uncharted","Uncharted",https://www.imdb.com/title/tt1464335,Movie,6.3,116,2022,"Action, Adventure",308647,"2022-02-16","Ruben Fleischer"
tt7342838,7,2022-02-13,"Leto","Leto",https://www.imdb.com/title/tt7342838,Movie,7.2,126,2018,"Music, Romance, History, Drama, Biography",8629,"2019-02-08","Kirill Serebrennikov"
tt16267740,6,2022-01-22,"Katastrofen Costa Concordia","The Costa Concordia: Why She Sank",https://www.imdb.com/title/tt16267740,TV Mini Series,6.5,58,2021,"Documentary",92,"2021-12-07",
tt5191110,6,2022-01-16,"Berlin Station","Berlin Station",https://www.imdb.com/title/tt5191110,TV Series,7.6,60,2016,"Thriller, Drama, Action, Mystery",12008,"2021-10-26",
tt10050772,6,2022-01-13,"I Think You Should Leave with Tim Robinson","I Think You Should Leave with Tim Robinson",https://www.imdb.com/title/tt10050772,TV Series,8.1,16,2019,"Comedy",27459,"2019-04-23",
tt8847712,7,2022-01-07,"The French Dispatch","The French Dispatch of the Liberty, Kansas Evening Sun",https://www.imdb.com/title/tt8847712,Movie,7.1,107,2021,"Comedy, Drama, Romance",170824,"2021-10-22","Wes Anderson"
tt12680684,7,2022-01-06,"The Hand of God","È stata la mano di Dio",https://www.imdb.com/title/tt12680684,Movie,7.3,130,2021,"Drama",55227,"2021-12-15","Paolo Sorrentino"
tt13175494,8,2022-01-06,"Estonia - Fyndet som ändrar allt","Estonia - funnet som endrer alt",https://www.imdb.com/title/tt13175494,TV Series,8.5,42,2020,"Documentary, History",1874,"2020-09-28",
tt11907884,8,2022-01-06,"Scandinavian Star","Scandinavian Star",https://www.imdb.com/title/tt11907884,TV Series,7.8,58,2020,"Documentary, Crime, Mystery",468,"2020-03-08",
tt16375946,2,2022-01-05,"Hemligt hav","Hemligt hav",https://www.imdb.com/title/tt16375946,TV Mini Series,6.1,44,2021,"Documentary, History",161,"2021-01-25",
tt6217926,5,2022-01-05,"Annette","Annette",https://www.imdb.com/title/tt6217926,Movie,6.3,141,2021,"Musical, Drama, Romance",24530,"2021-12-17","Leos Carax"
tt11815682,7,2022-01-02,"Hacks","Hacks",https://www.imdb.com/title/tt11815682,TV Series,8.2,30,2021,"Comedy, Drama",70629,"2021-12-15",
tt4729430,7,2022-01-02,"Klaus","Klaus",https://www.imdb.com/title/tt4729430,Movie,8.2,96,2019,"Animation, Adventure, Comedy, Family, Fantasy",243181,"2019-11-15","Sergio Pablos,Carlos Martínez López"
tt15292806,5,2022-01-02,"Attack of the Hollywood Cliches!","Attack of the Hollywood Clichés!",https://www.imdb.com/title/tt15292806,TV Special,6.1,58,2021,"Documentary, Comedy",4779,"2021-09-28","Sean Doherty,Ricky Kelehar,Alice Mathias"
tt8879894,7,2022-01-01,"The Defeated","Shadowplay",https://www.imdb.com/title/tt8879894,TV Series,7.1,45,2020,"Drama, Thriller, History",9304,"2021-01-09",
tt0438488,8,2022-01-01,"Terminator Salvation","Terminator Salvation",https://www.imdb.com/title/tt0438488,Movie,6.5,115,2009,"Sci-Fi, Action, Adventure",395754,"2009-06-03","McG"
tt0091555,5,2022-01-01,"Morrhår & ärtor","Morrhår & ärtor",https://www.imdb.com/title/tt0091555,Movie,6.0,101,1986,"Comedy",1657,"1986-02-07","Gösta Ekman"
tt5715874,7,2021-12-30,"The Killing of a Sacred Deer","The Killing of a Sacred Deer",https://www.imdb.com/title/tt5715874,Movie,7.0,121,2017,"Drama, Mystery, Thriller, Horror",219221,"2017-11-10","Yorgos Lanthimos"
tt5742374,6,2021-12-30,"You Were Never Really Here","You Were Never Really Here",https://www.imdb.com/title/tt5742374,Movie,6.7,89,2017,"Drama, Crime, Thriller",136662,"2018-04-27","Lynne Ramsay"
tt10288566,9,2021-12-30,"En runda till","Druk",https://www.imdb.com/title/tt10288566,Movie,7.7,117,2020,"Drama, Comedy",231372,"2021-04-09","Thomas Vinterberg"
tt3526078,8,2021-12-29,"Schitt's Creek","Schitt$ Creek",https://www.imdb.com/title/tt3526078,TV Series,8.5,22,2015,"Comedy",177527,"2020-09-11",
tt3416536,8,2021-12-28,"Hot Summer Nights","Hot Summer Nights",https://www.imdb.com/title/tt3416536,Movie,6.4,107,2017,"Drama, Crime, Romance",28877,"2021-11-04","Elijah Bynum"
tt0071970,6,2021-12-28,"Sista vittnet","The Parallax View",https://www.imdb.com/title/tt0071970,Movie,7.1,102,1974,"Drama, Mystery, Thriller",25191,"1974-09-30","Alan J. Pakula"
tt0082490,5,2021-12-28,"Göta kanal eller Vem drog ur proppen?","Göta kanal eller Vem drog ur proppen?",https://www.imdb.com/title/tt0082490,Movie,5.8,99,1981,"Comedy",4880,"1981-12-18","Hans Iveberg"
tt0054698,6,2021-12-27,"Frukost på Tiffany's","Breakfast at Tiffany's",https://www.imdb.com/title/tt0054698,Movie,7.5,115,1961,"Drama, Comedy, Romance",206667,"1961-12-26","Blake Edwards"
tt10016180,7,2021-12-27,"The Little Things","The Little Things",https://www.imdb.com/title/tt10016180,Movie,6.3,128,2021,"Thriller, Crime, Mystery",147362,"2021-01-29","John Lee Hancock"
tt11525644,8,2021-12-27,"No Sudden Move","No Sudden Move",https://www.imdb.com/title/tt11525644,Movie,6.4,115,2021,"Crime, Drama, Thriller, Mystery",46342,"2021-10-26","Steven Soderbergh"
tt1160419,7,2021-12-27,"Dune","Dune: Part One",https://www.imdb.com/title/tt1160419,Movie,8.0,155,2021,"Sci-Fi, Adventure, Drama, Action",1093487,"2021-09-15","Denis Villeneuve"
tt11173544,8,2021-12-26,"JFK Revisited: Through the Looking Glass","JFK Revisited: Through the Looking Glass",https://www.imdb.com/title/tt11173544,Movie,7.5,118,2021,"Documentary, History",4974,"2021-12-10","Oliver Stone"
tt11083552,5,2021-12-26,"Wrath of Man","Wrath of Man",https://www.imdb.com/title/tt11083552,Movie,7.1,119,2021,"Action, Thriller, Crime",243693,"2021-06-30","Guy Ritchie"
tt0119114,5,2021-12-26,"Fever Pitch - En i laget","Fever Pitch",https://www.imdb.com/title/tt0119114,Movie,6.6,102,1997,"Sport, Drama, Romance, Comedy",12711,"1997-09-05","David Evans"
tt11286314,6,2021-12-26,"Don't Look Up","Don't Look Up",https://www.imdb.com/title/tt11286314,Movie,7.1,138,2021,"Comedy, Drama, Sci-Fi",682472,"2021-12-10","Adam McKay"
tt16146342,4,2021-12-21,"Russell Howard: Lubricant","Russell Howard: Lubricant",https://www.imdb.com/title/tt16146342,TV Mini Series,7.2,125,2021,"Comedy",1083,"2021-12-14",
tt1318517,5,2021-12-17,"The Man Who Killed Don Quixote","The Man Who Killed Don Quixote",https://www.imdb.com/title/tt1318517,Movie,6.3,132,2018,"Adventure, Comedy, Fantasy, Drama",24107,"2019-04-26","Terry Gilliam"
tt0038777,6,2021-12-17,"En natt i Casablanca","A Night in Casablanca",https://www.imdb.com/title/tt0038777,Movie,6.9,85,1946,"Family, Comedy",8178,"1946-10-12","Archie Mayo"
tt9071322,8,2021-12-14,"Dark Waters","Dark Waters",https://www.imdb.com/title/tt9071322,Movie,7.6,126,2019,"Drama, Biography, History, Thriller",123682,"2020-03-06","Todd Haynes"
tt1504320,8,2021-12-05,"The King's Speech","The King's Speech",https://www.imdb.com/title/tt1504320,Movie,8.0,118,2010,"Drama, Biography, History",737461,"2011-02-04","Tom Hooper"
tt0100263,6,2021-12-05,"Nikita","Nikita",https://www.imdb.com/title/tt0100263,Movie,7.2,117,1990,"Action, Crime, Drama, Thriller",82505,"1990-08-03","Luc Besson"
tt7588790,5,2021-12-05,"Voyeur","Voyeur",https://www.imdb.com/title/tt7588790,Movie,6.1,95,2017,"Documentary, Crime",7204,"2017-12-01","Myles Kane,Josh Koury"
tt0095953,7,2021-12-05,"Rain Man","Rain Man",https://www.imdb.com/title/tt0095953,Movie,8.0,133,1988,"Drama",590915,"1989-03-17","Barry Levinson"
tt0114814,7,2021-12-05,"De misstänkta","The Usual Suspects",https://www.imdb.com/title/tt0114814,Movie,8.5,106,1995,"Drama, Crime, Mystery, Thriller",1256595,"1995-11-03","Bryan Singer"
tt0106918,6,2021-12-04,"Firman","The Firm",https://www.imdb.com/title/tt0106918,Movie,6.9,154,1993,"Thriller, Mystery, Crime, Drama",164912,"1993-10-29","Sydney Pollack"
tt1289403,6,2021-12-04,"Guernseys litteratur- och potatisskalspajssällskap","The Guernsey Literary & Potato Peel Pie Society",https://www.imdb.com/title/tt1289403,Movie,7.3,124,2018,"Drama, Romance, War",58690,"2018-05-04","Mike Newell"
tt1677720,5,2021-12-04,"Ready Player One","Ready Player One",https://www.imdb.com/title/tt1677720,Movie,7.4,140,2018,"Sci-Fi, Action, Adventure",552395,"2018-03-28","Steven Spielberg"
tt15771888,6,2021-12-01,"Dig Deeper - Das Verschwinden von Birgit Meier","Dig Deeper - Das Verschwinden von Birgit Meier",https://www.imdb.com/title/tt15771888,TV Mini Series,7.2,60,2021,"Documentary, Crime",2946,"2021-11-26",
tt11904786,8,2021-11-29,"Love on the Spectrum","Love on the Spectrum",https://www.imdb.com/title/tt11904786,TV Series,8.5,45,2019,"Documentary, Reality-TV, Romance",8706,"2020-07-22",
tt9103932,8,2021-11-29,"Andra världskrigets största händelser i färg","Greatest Events of WWII in Colour",https://www.imdb.com/title/tt9103932,TV Mini Series,8.6,50,2019,"Documentary, History, War",14039,"2019-11-08",
tt11394276,6,2021-11-28,"Lönnmördarna","Assassins",https://www.imdb.com/title/tt11394276,Movie,7.5,104,2020,"Documentary, Biography",3144,"2021-04-25","Ryan White"
tt4721124,7,2021-11-27,"The Exception","The Exception",https://www.imdb.com/title/tt4721124,Movie,6.8,107,2016,"Drama, Romance, War, History",17197,"2017-06-02","David Leveaux"
tt3393786,5,2021-11-27,"Jack Reacher: Never Go Back","Jack Reacher: Never Go Back",https://www.imdb.com/title/tt3393786,Movie,6.2,118,2016,"Action, Thriller",195948,"2016-10-21","Edward Zwick"
tt0790724,6,2021-11-27,"Jack Reacher","Jack Reacher",https://www.imdb.com/title/tt0790724,Movie,7.0,130,2012,"Action, Thriller",396046,"2013-01-04","Christopher McQuarrie"
tt4986134,6,2021-11-22,"Rebel in the Rye","Rebel in the Rye",https://www.imdb.com/title/tt4986134,Movie,6.7,106,2017,"Biography, Drama, Romance, War",11712,"2021-11-14","Danny Strong"
tt7985576,6,2021-11-20,"The Serpent","The Serpent",https://www.imdb.com/title/tt7985576,TV Mini Series,7.6,60,2021,"Crime, Thriller, Drama",55466,"2021-04-02",
tt10380768,6,2021-11-16,"Love Life","Love Life",https://www.imdb.com/title/tt10380768,TV Series,7.4,35,2020,"Romance, Comedy",19067,"2020-06-22",
tt13667622,4,2021-11-09,"Agatha Christies Hjerson","Agatha Christies Hjerson",https://www.imdb.com/title/tt13667622,TV Series,6.3,44,2021,"Crime, Drama, Mystery",1378,"2021-08-16",
tt13735930,7,2021-11-05,"Den osannolika mördaren","Den osannolika mördaren",https://www.imdb.com/title/tt13735930,TV Mini Series,7.0,46,2021,"Crime, Drama",5670,"2021-11-05",
tt11434028,9,2021-11-02,"Bald and Bankrupt","Bald and Bankrupt",https://www.imdb.com/title/tt11434028,TV Series,9.0,,2018,"Documentary, Adventure",143,"2018-06-12",
tt2989524,8,2021-10-31,"Carrie Pilby","Carrie Pilby",https://www.imdb.com/title/tt2989524,Movie,6.7,98,2016,"Comedy, Drama",14397,"2017-09-05","Susan Johnson"
tt13024674,5,2021-10-30,"Army of Thieves","Army of Thieves",https://www.imdb.com/title/tt13024674,Movie,6.4,127,2021,"Action, Crime, Thriller, Comedy",99327,"2021-10-29","Matthias Schweighöfer"
tt1055238,9,2021-10-17,"Would I Lie to You?","Would I Lie to You?",https://www.imdb.com/title/tt1055238,TV Series,8.3,30,2007,"Game-Show, Comedy, Drama",11288,"2007-06-16",
tt4975722,7,2021-10-16,"Moonlight","Moonlight",https://www.imdb.com/title/tt4975722,Movie,7.4,111,2016,"Drama",356424,"2017-02-10","Barry Jenkins"
tt0264464,8,2021-10-16,"Catch Me If You Can","Catch Me If You Can",https://www.imdb.com/title/tt0264464,Movie,8.1,141,2002,"Drama, Biography, Crime",1267692,"2003-03-07","Steven Spielberg"
tt5397194,6,2021-10-16,"Anon","Anon",https://www.imdb.com/title/tt5397194,Movie,6.1,100,2018,"Sci-Fi, Thriller, Crime, Mystery",52513,"2018-05-04","Andrew Niccol"
tt10919420,7,2021-10-08,"Squid Game","Ojing-eo geim",https://www.imdb.com/title/tt10919420,TV Series,7.9,60,2021,"Mystery, Thriller, Drama, Action, Crime",778751,"2021-09-17",
tt1196204,5,2021-10-06,"Cemetery Junction","Cemetery Junction",https://www.imdb.com/title/tt1196204,Movie,6.8,95,2010,"Comedy, Drama",24779,"2010-04-14","Ricky Gervais,Stephen Merchant"
tt2382320,7,2021-10-03,"No Time to Die","No Time to Die",https://www.imdb.com/title/tt2382320,Movie,7.3,163,2021,"Action, Thriller, Adventure",495302,"2021-09-30","Cary Joji Fukunaga"
tt13502736,4,2021-10-03,"Suedi","Suedi",https://www.imdb.com/title/tt13502736,Movie,5.9,89,2021,"Comedy, Drama",6764,"2021-09-24","Manuel Concha"
tt9421570,6,2021-10-02,"The Guilty","The Guilty",https://www.imdb.com/title/tt9421570,Movie,6.3,90,2021,"Drama, Thriller, Crime",181106,"2021-10-01","Antoine Fuqua"
tt1255919,4,2021-10-02,"Holmes & Watson","Holmes & Watson",https://www.imdb.com/title/tt1255919,Movie,4.0,90,2018,"Comedy, Mystery, Crime",42991,"2019-01-02","Etan Cohen"
tt9257258,4,2021-10-02,"Kevin Can F**k Himself","Kevin Can F**k Himself",https://www.imdb.com/title/tt9257258,TV Series,7.2,45,2021,"Comedy, Drama",17201,"2021-08-27",
tt8370368,8,2021-09-29,"29","29",https://www.imdb.com/title/tt8370368,TV Series,8.3,,2018,"Comedy, Drama",1009,"2021-08-03",
tt0089068,7,2021-09-28,"Dödspolare","Dödspolare",https://www.imdb.com/title/tt0089068,Movie,5.3,85,1985,"Comedy, Thriller",240,"1985-03-22","Mats Arehn,Rolf Börjlind,Gösta Ekman,Sten Ljunggren"
tt0092925,5,2021-09-28,"Dragnet","Dragnet",https://www.imdb.com/title/tt0092925,Movie,6.0,106,1987,"Mystery, Crime, Comedy",40469,"1988-05-06","Tom Mankiewicz"
tt15262600,6,2021-09-27,"Fever Pitch: The Rise of the Premier League","Fever Pitch: The Rise of the Premier League",https://www.imdb.com/title/tt15262600,TV Series,7.6,59,2021,"Documentary, History, Sport",951,"2021-09-06",
tt6910006,6,2021-09-25,"End of Sentence","End of Sentence",https://www.imdb.com/title/tt6910006,Movie,6.6,96,2019,"Drama, Adventure",5061,"2019-09-26","Elfar Adalsteins"
tt2183641,8,2021-09-21,"Ripper Street","Ripper Street",https://www.imdb.com/title/tt2183641,TV Series,8.1,59,2012,"Mystery, Crime, Drama, Thriller",24522,"2013-05-14",
tt0164184,6,2021-09-11,"The Sum of All Fears","The Sum of All Fears",https://www.imdb.com/title/tt0164184,Movie,6.5,124,2002,"War, Drama, Thriller, Action",135570,"2002-09-20","Phil Alden Robinson"
tt8852066,7,2021-09-09,"Deg","Deg",https://www.imdb.com/title/tt8852066,TV Series,6.7,,2021,"Crime, Drama, Thriller",915,"2021-08-30",
tt0120828,4,2021-09-05,"Sex dagar, sju nätter","Six Days Seven Nights",https://www.imdb.com/title/tt0120828,Movie,5.9,102,1998,"Action, Comedy, Romance, Adventure",88843,"1998-10-02","Ivan Reitman"
tt15260794,7,2021-09-05,"Vändpunkten: 11 september och kriget mot terrorismen","Turning Point: 9/11 and the War on Terror",https://www.imdb.com/title/tt15260794,TV Mini Series,7.9,60,2021,"Documentary, History, War",13563,"2021-09-01",
tt11394170,5,2021-09-01,"Coded Bias","Coded Bias",https://www.imdb.com/title/tt11394170,Movie,6.8,86,2020,"Documentary",2939,"2020-11-11","Shalini Kantayya"
tt8332438,7,2021-08-29,"ZeroZeroZero","ZeroZeroZero",https://www.imdb.com/title/tt8332438,TV Mini Series,8.1,60,2019,"Drama, Crime, Thriller",33531,"2020-03-11",
tt0427969,6,2021-08-29,"Hollywoodland","Hollywoodland",https://www.imdb.com/title/tt0427969,Movie,6.5,126,2006,"Drama, Mystery, Thriller, History, Crime, Biography, Romance",37291,"2007-02-16","Allen Coulter"
tt6799160,7,2021-08-29,"Uppehåll i myrlandet","Uppehåll i myrlandet",https://www.imdb.com/title/tt6799160,Short,7.0,30,1965,"Short, Drama",181,"1965-02-22","Jan Troell"
tt11834150,5,2021-08-28,"The Chair","The Chair",https://www.imdb.com/title/tt11834150,TV Mini Series,7.2,30,2021,"Comedy, Drama",20075,"2021-08-20",
tt7134194,8,2021-08-27,"The Truth About the Harry Quebert Affair","The Truth About the Harry Quebert Affair",https://www.imdb.com/title/tt7134194,TV Mini Series,7.4,55,2018,"Drama, Crime, Mystery",8738,"2019-02-05",
tt0118880,6,2021-08-22,"Con Air","Con Air",https://www.imdb.com/title/tt0118880,Movie,6.9,115,1997,"Crime, Thriller, Action",343179,"1997-06-25","Simon West"
tt9073940,6,2021-08-19,"Hit and Run","Hit and Run",https://www.imdb.com/title/tt9073940,TV Series,7.0,60,2021,"Drama, Action, Mystery, Thriller, Crime",12382,"2021-08-06",
tt8951058,7,2021-08-14,"The Panama Papers","The Panama Papers",https://www.imdb.com/title/tt8951058,Movie,7.1,96,2018,"Documentary",1875,"2018-10-06","Alex Winter"
tt5348176,7,2021-08-13,"Barry","Barry",https://www.imdb.com/title/tt5348176,TV Series,8.3,30,2018,"Comedy, Crime, Drama, Action",146248,"2018-03-26",
tt7297578,8,2021-08-08,"Papers, Please: The Short Film","Papers, Please: The Short Film",https://www.imdb.com/title/tt7297578,Short,7.4,11,2018,"Short, Drama, Thriller",1674,"2018-02-24","Nikita Ordynskiy"
tt2821314,7,2021-08-08,"The Rise and Rise of Bitcoin","The Rise and Rise of Bitcoin",https://www.imdb.com/title/tt2821314,Movie,7.1,96,2014,"Documentary, News, History",1962,"2014-10-10","Nicholas Mross"
tt7016936,7,2021-08-02,"Killing Eve","Killing Eve",https://www.imdb.com/title/tt7016936,TV Series,8.0,42,2018,"Thriller, Drama, Action, Adventure",156170,"2018-04-09",
tt7569576,6,2021-08-01,"The Flight Attendant","The Flight Attendant",https://www.imdb.com/title/tt7569576,TV Series,7.0,,2020,"Thriller, Drama, Mystery, Comedy",67776,"2020-11-26",
tt10155688,8,2021-07-31,"Mare of Easttown","Mare of Easttown",https://www.imdb.com/title/tt10155688,TV Mini Series,8.4,60,2021,"Drama, Crime, Mystery",228290,"2021-10-26",
tt8594028,6,2021-07-31,"Reprisal","Reprisal",https://www.imdb.com/title/tt8594028,TV Series,7.4,51,2019,"Drama, Crime, Thriller, Action",5065,"2021-07-20",
tt11817212,6,2021-07-25,"Frontline: Amazon Empire: The Rise and Reign of Jeff Bezos","Frontline: Amazon Empire: The Rise and Reign of Jeff Bezos",https://www.imdb.com/title/tt11817212,TV Episode,7.5,115,2020,"Documentary, News",444,"2020-02-18","James Jacoby"
tt0110622,6,2021-07-20,"Nakna pistolen 33 1/3 - Den slutgiltiga förolämpningen","Naked Gun 33 1/3: The Final Insult",https://www.imdb.com/title/tt0110622,Movie,6.5,83,1994,"Crime, Comedy",129974,"1994-07-22","Peter Segal"
tt0102510,7,2021-07-20,"Den nakna pistolen 2 ½. Doften av rädsla","The Naked Gun 2½: The Smell of Fear",https://www.imdb.com/title/tt0102510,Movie,6.9,85,1991,"Crime, Comedy",143392,"1991-08-16","David Zucker"
tt0095705,7,2021-07-20,"Den nakna pistolen","The Naked Gun: From the Files of Police Squad!",https://www.imdb.com/title/tt0095705,Movie,7.6,85,1988,"Crime, Comedy",226031,"1989-03-31","David Zucker"
tt0112641,7,2021-07-16,"Casino","Casino",https://www.imdb.com/title/tt0112641,Movie,8.2,178,1995,"Crime, Drama",629146,"1996-03-08","Martin Scorsese"
tt14865290,6,2021-07-15,"Heist","Heist",https://www.imdb.com/title/tt14865290,TV Series,6.8,41,2021,"Documentary, Crime, Mystery",2258,"2021-07-14",
tt2404435,6,2021-07-15,"The Magnificent Seven","The Magnificent Seven",https://www.imdb.com/title/tt2404435,Movie,6.9,132,2016,"Action, Western, Adventure, Drama",249674,"2016-09-23","Antoine Fuqua"
tt7336470,7,2021-07-14,"Buñuel i labyrinten av sköldpaddor","Buñuel en el laberinto de las tortugas",https://www.imdb.com/title/tt7336470,Movie,7.1,80,2018,"Animation, Drama, Biography, History",2659,"2019-04-18","Salvador Simó"
tt0101605,7,2021-07-03,"The Commitments","The Commitments",https://www.imdb.com/title/tt0101605,Movie,7.6,118,1991,"Music, Drama, Comedy",43869,"1991-10-18","Alan Parker"
tt2967006,4,2021-07-03,"The Trip to Italy","The Trip to Italy",https://www.imdb.com/title/tt2967006,Movie,6.6,108,2014,"Comedy, Drama",16574,"2014-08-15","Michael Winterbottom"
tt1619029,6,2021-05-26,"Jackie","Jackie",https://www.imdb.com/title/tt1619029,Movie,6.6,100,2016,"Drama, Biography",87601,"2017-02-03","Pablo Larraín"
tt0373926,7,2021-05-26,"Tolken","The Interpreter",https://www.imdb.com/title/tt0373926,Movie,6.4,128,2005,"Thriller, Mystery, Crime",116809,"2005-04-15","Sydney Pollack"
tt3569230,5,2021-05-24,"Legend","Legend",https://www.imdb.com/title/tt3569230,Movie,6.9,132,2015,"Thriller, Biography, Crime, Drama",227305,"2015-11-27","Brian Helgeland"
tt0317740,5,2021-05-24,"The Italian Job","The Italian Job",https://www.imdb.com/title/tt0317740,Movie,7.0,111,2003,"Thriller, Crime, Action",411026,"2003-09-19","F. Gary Gray"
tt1212450,7,2021-05-23,"Lawless","Lawless",https://www.imdb.com/title/tt1212450,Movie,7.2,116,2012,"Drama, Crime, Biography, Thriller",264448,"2012-09-14","John Hillcoat"
tt5439796,7,2021-05-23,"Logan Lucky","Logan Lucky",https://www.imdb.com/title/tt5439796,Movie,7.0,118,2017,"Comedy, Crime, Drama, Action",178697,"2017-08-25","Steven Soderbergh"
tt5294550,6,2021-05-23,"All the Money in the World","All the Money in the World",https://www.imdb.com/title/tt5294550,Movie,6.8,132,2017,"Crime, Mystery, Thriller, Drama, History, Biography",97384,"2018-01-26","Ridley Scott"
tt6315640,8,2021-05-22,"Atypical","Atypical",https://www.imdb.com/title/tt6315640,TV Series,8.2,30,2017,"Comedy, Drama",115325,"2017-08-11",
tt1210166,7,2021-05-13,"Moneyball","Moneyball",https://www.imdb.com/title/tt1210166,Movie,7.6,133,2011,"Drama, Sport, Biography",518089,"2011-12-09","Bennett Miller"
tt0087182,6,2021-05-13,"Dune","Dune",https://www.imdb.com/title/tt0087182,Movie,6.2,137,1984,"Sci-Fi, Adventure, Action",194359,"1985-02-22","David Lynch"
tt2140571,5,2021-05-12,"The Broken Hearts Gallery","The Broken Hearts Gallery",https://www.imdb.com/title/tt2140571,Movie,6.4,109,2020,"Romance, Comedy",11333,"2020-09-11","Natalie Krinsky"
tt2140507,7,2021-05-08,"The Current War","The Current War",https://www.imdb.com/title/tt2140507,Movie,6.5,108,2017,"Drama, Biography, History",33673,"2019-10-11","Alfonso Gomez-Rejon"
tt2449638,4,2021-05-08,"Deep Burial","Deep Burial",https://www.imdb.com/title/tt2449638,Movie,4.2,81,2017,"Thriller, Sci-Fi",2466,"2017-03-17","Dagen Merrill"
tt0089421,5,2021-05-02,"Kung Salomos sk(r)att","King Solomon's Mines",https://www.imdb.com/title/tt0089421,Movie,5.2,100,1985,"Comedy, Action, Romance, Adventure",16960,"1986-02-21","J. Lee Thompson"
tt1411238,5,2021-05-01,"No Strings Attached","No Strings Attached",https://www.imdb.com/title/tt1411238,Movie,6.2,108,2011,"Comedy, Romance",257129,"2011-04-01","Ivan Reitman"
tt9203694,4,2021-05-01,"Stowaway","Stowaway",https://www.imdb.com/title/tt9203694,Movie,5.7,116,2021,"Adventure, Sci-Fi, Thriller",57672,"2021-04-22","Joe Penna"
tt1833116,6,2021-05-01,"Tre sekunder","The Informer",https://www.imdb.com/title/tt1833116,Movie,6.6,113,2019,"Crime, Drama, Thriller, Action",46923,"2019-09-27","Andrea Di Stefano"
tt6333064,6,2021-05-01,"Nobody Speak: Trials of the Free Press","Nobody Speak: Trials of the Free Press",https://www.imdb.com/title/tt6333064,Movie,6.4,95,2017,"Documentary",4528,"2017-06-23","Brian Knappenberger"
tt2080374,7,2021-05-01,"Steve Jobs","Steve Jobs",https://www.imdb.com/title/tt2080374,Movie,7.2,122,2015,"Biography, Drama",188649,"2016-01-22","Danny Boyle"
tt8695030,6,2021-04-29,"The Dead Don't Die","The Dead Don't Die",https://www.imdb.com/title/tt8695030,Movie,5.4,104,2019,"Comedy, Horror, Fantasy, Sci-Fi, Action, Crime, Drama, Mystery, Thriller",103905,"2019-08-30","Jim Jarmusch"
tt14318430,5,2021-04-18,"Why Did You Kill Me?","Why Did You Kill Me?",https://www.imdb.com/title/tt14318430,Movie,5.6,83,2021,"Documentary, Crime",5259,"2021-04-14","Fredrick Munk"
tt14223858,7,2021-04-10,"This Is a Robbery: Världens största konstkupp","This Is a Robbery: The World's Biggest Art Heist",https://www.imdb.com/title/tt14223858,TV Mini Series,6.5,53,2021,"Documentary, Crime, History, Mystery",5199,"2021-04-07",
tt6546810,6,2021-04-10,"Avhoppet","Suolis",https://www.imdb.com/title/tt6546810,Movie,8.3,84,2020,"Documentary, History",1162,"2020-06-22","Giedre Zickyte"
tt1826940,8,2021-04-03,"New Girl","New Girl",https://www.imdb.com/title/tt1826940,TV Series,7.8,22,2011,"Comedy, Romance",266429,"2012-04-13",
tt9316022,7,2021-03-27,"Struggle: The Life and Lost Art of Szukalski","Struggle: The Life and Lost Art of Szukalski",https://www.imdb.com/title/tt9316022,Movie,7.9,115,2018,"Documentary, Biography",4859,"2018-12-21","Ireneusz Dobrowolski"
tt0338751,7,2021-03-21,"The Aviator","The Aviator",https://www.imdb.com/title/tt0338751,Movie,7.5,170,2004,"Biography, Drama",413649,"2005-01-21","Martin Scorsese"
tt7253506,6,2021-03-21,"Joan Didion","Joan Didion: The Center Will Not Hold",https://www.imdb.com/title/tt7253506,Movie,7.5,94,2017,"Documentary, Biography",3421,"2017-10-27","Griffin Dunne"
tt13660958,6,2021-03-21,"Pretend It's a City","Pretend It's a City",https://www.imdb.com/title/tt13660958,TV Mini Series,8.0,30,2021,"Documentary, Biography, Comedy",9258,"2021-01-08",
tt7215388,6,2021-03-20,"The China Hustle","The China Hustle",https://www.imdb.com/title/tt7215388,Movie,7.1,82,2017,"Documentary",4132,"2018-03-23","Jed Rothstein"
tt11994750,7,2021-03-20,"Made You Look: En sann historia om förfalskad konst","Made You Look: A True Story About Fake Art",https://www.imdb.com/title/tt11994750,Movie,7.0,94,2020,"Documentary, Crime",5183,"2021-02-23","Barry Avrich"
tt7897330,2,2021-03-20,"Deadly Illusions","Deadly Illusions",https://www.imdb.com/title/tt7897330,Movie,3.8,114,2021,"Drama, Thriller, Crime, Mystery",14454,"2021-03-18","Anna Elizabeth James"
tt14111734,6,2021-03-20,"Mutskandalen på USA:s elitskolor","Operation Varsity Blues: The College Admissions Scandal",https://www.imdb.com/title/tt14111734,Movie,6.9,100,2021,"Documentary, Crime, Drama",9452,"2021-03-17","Chris Smith"
tt0118583,7,2021-03-15,"Alien: Återuppstår","Alien: Resurrection",https://www.imdb.com/title/tt0118583,Movie,6.2,109,1997,"Sci-Fi, Horror, Action",294921,"1997-11-28","Jean-Pierre Jeunet"
tt6878760,6,2021-03-14,"Alien: Covenant - Prologue: The Crossing","Alien: Covenant - Prologue: The Crossing",https://www.imdb.com/title/tt6878760,Video,7.0,3,2017,"Short, Horror, Sci-Fi",6346,"2017-04-22","Ridley Scott"
tt1767372,7,2021-03-11,"She's Funny That Way","She's Funny That Way",https://www.imdb.com/title/tt1767372,Movie,6.2,93,2014,"Comedy, Drama",31004,"2015-06-20","Peter Bogdanovich"
tt11622272,5,2021-03-11,"Spring Uje spring","Spring Uje spring",https://www.imdb.com/title/tt11622272,Movie,6.9,77,2020,"Comedy, Drama, Music",2124,"2020-12-18","Henrik Schyffert"
tt4698584,8,2021-03-11,"Neruda","Neruda",https://www.imdb.com/title/tt4698584,Movie,6.8,107,2016,"Biography, Drama, Crime, History, Thriller",11561,"2017-09-22","Pablo Larraín"
tt8580274,5,2021-03-03,"Eurovision Song Contest: The Story of Fire Saga","Eurovision Song Contest: The Story of Fire Saga",https://www.imdb.com/title/tt8580274,Movie,6.5,123,2020,"Comedy, Music",110767,"2020-06-26","David Dobkin"
tt5562056,6,2021-02-27,"Easy","Easy",https://www.imdb.com/title/tt5562056,TV Series,6.9,30,2016,"Comedy, Drama",16348,"2019-05-10",
tt2265398,7,2021-02-27,"Drinking Buddies","Drinking Buddies",https://www.imdb.com/title/tt2265398,Movie,6.1,90,2013,"Drama, Romance, Comedy",62828,"2013-07-25","Joe Swanberg"
tt3704416,6,2021-02-27,"Digging for Fire","Digging for Fire",https://www.imdb.com/title/tt3704416,Movie,5.8,85,2015,"Drama, Comedy",7224,"2015-08-21","Joe Swanberg"
tt6110504,7,2021-02-26,"Becoming Bond","Becoming Bond",https://www.imdb.com/title/tt6110504,Movie,7.5,95,2017,"Documentary, Biography, Comedy, History, Romance",3569,"2017-05-20","Josh Greenbaum"
tt0312172,6,2021-02-25,"Monk","Monk",https://www.imdb.com/title/tt0312172,TV Series,8.1,44,2002,"Comedy, Mystery, Crime, Drama",103110,"2003-04-08",
tt3062096,6,2021-02-22,"Inferno","Inferno",https://www.imdb.com/title/tt3062096,Movie,6.2,121,2016,"Thriller, Mystery, Action, Crime, Drama, Adventure",204740,"2016-10-14","Ron Howard"
tt0808151,5,2021-02-21,"Änglar och demoner","Angels & Demons",https://www.imdb.com/title/tt0808151,Movie,6.7,138,2009,"Mystery, Thriller",328829,"2009-05-13","Ron Howard"
tt3606888,5,2021-02-21,"Gatukatten Bob","A Street Cat Named Bob",https://www.imdb.com/title/tt3606888,Movie,7.3,103,2016,"Drama, Family, Biography",37504,"2016-11-04","Roger Spottiswoode"
tt0120907,7,2021-02-21,"eXistenZ","eXistenZ",https://www.imdb.com/title/tt0120907,Movie,6.8,97,1999,"Mystery, Thriller, Horror, Sci-Fi",114875,"1999-08-27","David Cronenberg"
tt0100404,6,2021-02-20,"Misstänkt för mord","Presumed Innocent",https://www.imdb.com/title/tt0100404,Movie,6.9,127,1990,"Mystery, Thriller",53693,"1990-10-26","Alan J. Pakula"
tt4080728,5,2021-02-20,"En man som heter Ove","En man som heter Ove",https://www.imdb.com/title/tt4080728,Movie,7.7,116,2015,"Drama, Comedy, Romance",75794,"2015-12-25","Hannes Holm"
tt0382625,6,2021-02-20,"Da Vinci-koden","The Da Vinci Code",https://www.imdb.com/title/tt0382625,Movie,6.7,149,2006,"Thriller, Mystery",490833,"2006-05-19","Ron Howard"
tt0099141,4,2021-02-19,"Lovligt byte","Bird on a Wire",https://www.imdb.com/title/tt0099141,Movie,6.0,110,1990,"Comedy, Action, Crime",51465,"1990-09-14","John Badham"
tt0083131,5,2021-02-17,"Lumparkompisar","Stripes",https://www.imdb.com/title/tt0083131,Movie,6.8,106,1981,"War, Comedy",86952,"1981-12-25","Ivan Reitman"
tt0370263,5,2021-02-16,"Alien vs. Predator","AVP: Alien vs. Predator",https://www.imdb.com/title/tt0370263,Movie,5.7,101,2004,"Action, Horror, Sci-Fi, Thriller, Adventure",235482,"2004-11-05","Paul W.S. Anderson"
tt0093773,6,2021-02-15,"Rovdjuret","Predator",https://www.imdb.com/title/tt0093773,Movie,7.8,107,1987,"Horror, Adventure, Sci-Fi, Action",507322,"1987-10-23","John McTiernan"
tt2140479,7,2021-02-15,"The Accountant","The Accountant",https://www.imdb.com/title/tt2140479,Movie,7.3,128,2016,"Thriller, Action, Crime, Drama",403827,"2016-11-04","Gavin O'Connor"
tt0113161,7,2021-02-15,"Get Shorty","Get Shorty",https://www.imdb.com/title/tt0113161,Movie,6.9,105,1995,"Crime, Thriller, Comedy",97190,"1996-03-29","Barry Sonnenfeld"
tt4595882,7,2021-02-14,"Can You Ever Forgive Me?","Can You Ever Forgive Me?",https://www.imdb.com/title/tt4595882,Movie,7.1,106,2018,"Drama, Biography, Comedy, Crime",59179,"2019-07-08","Marielle Heller"
tt0095647,8,2021-02-14,"Mississippi brinner","Mississippi Burning",https://www.imdb.com/title/tt0095647,Movie,7.8,128,1988,"Thriller, Mystery, Crime, Drama",129099,"1989-03-10","Alan Parker"
tt0105435,6,2021-02-14,"Sneakers","Sneakers",https://www.imdb.com/title/tt0105435,Movie,7.1,126,1992,"Mystery, Drama, Comedy, Crime, Thriller",68242,"1993-02-12","Phil Alden Robinson"
tt0113972,6,2021-02-14,"I sista sekunden","Nick of Time",https://www.imdb.com/title/tt0113972,Movie,6.3,89,1995,"Drama, Crime, Action, Thriller",48013,"1996-07-05","John Badham"
tt8980602,6,2021-02-11,"The Kid Detective","The Kid Detective",https://www.imdb.com/title/tt8980602,Movie,6.9,100,2020,"Comedy, Drama, Mystery, Crime",27390,"2020-10-16","Evan Morgan"
tt4172430,6,2021-02-07,"13 Hours: The Secret Soldiers of Benghazi","13 Hours: The Secret Soldiers of Benghazi",https://www.imdb.com/title/tt4172430,Movie,7.3,144,2016,"Drama, Action, War, Thriller, History",182764,"2016-02-17","Michael Bay"
tt0108333,6,2021-02-06,"De tre musketörerna","The Three Musketeers",https://www.imdb.com/title/tt0108333,Movie,6.4,105,1993,"Romance, Adventure, Action",65237,"1993-12-17","Stephen Herek"
tt0100135,7,2021-02-06,"Sopåkarna","Men at Work",https://www.imdb.com/title/tt0100135,Movie,5.9,98,1990,"Crime, Action, Comedy",29999,"1990-11-23","Emilio Estevez"
tt0115369,6,2021-01-21,"Spin City","Spin City",https://www.imdb.com/title/tt0115369,TV Series,7.3,30,1996,"Comedy",33112,"1997-01-27",
tt2172061,5,2021-01-21,"Små citroner gula","Små citroner gula",https://www.imdb.com/title/tt2172061,Movie,6.0,99,2013,"Romance, Comedy",2232,"2013-02-20","Teresa Fabik"
tt1878870,9,2021-01-16,"The Edge of Seventeen","The Edge of Seventeen",https://www.imdb.com/title/tt1878870,Movie,7.3,104,2016,"Comedy, Drama, Romance",153437,"2016-11-18","Kelly Fremon Craig"
tt1659337,9,2021-01-16,"The Perks of Being a Wallflower","The Perks of Being a Wallflower",https://www.imdb.com/title/tt1659337,Movie,7.9,103,2012,"Drama",607279,"2012-10-12","Stephen Chbosky"
tt0074937,5,2021-01-16,"Släpp deckarna loss, det är mord","Murder by Death",https://www.imdb.com/title/tt0074937,Movie,7.2,95,1976,"Crime, Thriller, Mystery, Comedy",46277,"1976-12-04","Robert Moore"
tt1839492,6,2021-01-16,"Ruby Sparks","Ruby Sparks",https://www.imdb.com/title/tt1839492,Movie,7.2,104,2012,"Comedy, Romance, Fantasy, Drama",109924,"2012-09-06","Jonathan Dayton,Valerie Faris"
tt0765429,7,2021-01-10,"American Gangster","American Gangster",https://www.imdb.com/title/tt0765429,Movie,7.8,157,2007,"Drama, Crime, Biography",494590,"2007-11-23","Ridley Scott"
tt1615065,5,2021-01-10,"Savages","Savages",https://www.imdb.com/title/tt1615065,Movie,6.4,131,2012,"Crime, Thriller, Drama",139458,"2012-10-12","Oliver Stone"
tt2217458,7,2021-01-09,"Reaching for the Moon","Flores Raras",https://www.imdb.com/title/tt2217458,Movie,7.0,118,2013,"Drama, Biography, Romance, History",3871,"2013-08-16","Bruno Barreto"
tt4934214,8,2021-01-09,"Bäst i test England","Taskmaster",https://www.imdb.com/title/tt4934214,TV Series,9.0,45,2015,"Game-Show, Comedy",32628,"2020-12-13",
tt11656892,6,2021-01-02,"Des","Des",https://www.imdb.com/title/tt11656892,TV Mini Series,7.6,48,2020,"Crime, Drama, History, Thriller, Biography",25527,"2020-11-09",
tt1571234,5,2021-01-02,"Mortal Engines","Mortal Engines",https://www.imdb.com/title/tt1571234,Movie,6.1,128,2018,"Sci-Fi, Fantasy, Action, Thriller, Adventure",155063,"2018-12-07","Christian Rivers"
tt3758172,6,2021-01-01,"Jungle","Jungle",https://www.imdb.com/title/tt3758172,Movie,6.7,115,2017,"Drama, Thriller, Biography, Adventure",73795,"2017-10-20","Greg McLean"
tt7984734,6,2021-01-01,"The Lighthouse","The Lighthouse",https://www.imdb.com/title/tt7984734,Movie,7.3,109,2019,"Drama, Fantasy, Mystery, Thriller, Horror",310761,"2019-11-22","Robert Eggers"
tt0180748,6,2021-01-01,"I Kina käkar dom hundar","I Kina spiser de hunde",https://www.imdb.com/title/tt0180748,Movie,7.3,91,1999,"Crime, Comedy, Action",24791,"1999-09-10","Lasse Spang Olsen"
tt3513548,7,2020-12-31,"Richard Jewell","Richard Jewell",https://www.imdb.com/title/tt3513548,Movie,7.5,131,2019,"Drama, Crime, Biography",108820,"2020-02-28","Clint Eastwood"
tt1189340,7,2020-12-30,"The Lincoln Lawyer","The Lincoln Lawyer",https://www.imdb.com/title/tt1189340,Movie,7.3,118,2011,"Drama, Crime, Thriller, Mystery",273193,"2011-05-06","Brad Furman"
tt8880922,1,2020-12-30,"Se upp för Jönssonligan","Se upp för Jönssonligan",https://www.imdb.com/title/tt8880922,Movie,4.0,116,2020,"Comedy, Crime",4244,"2020-12-25","Tomas Alfredson"
tt0084034,4,2020-12-29,"Gräsänklingar","Gräsänklingar",https://www.imdb.com/title/tt0084034,Movie,5.4,99,1982,"Comedy",890,"1982-12-16","Hans Iveberg"
tt9499182,7,2020-12-28,"Dips","Dips",https://www.imdb.com/title/tt9499182,TV Series,7.9,,2018,"Comedy",1385,"2018-12-24",
tt1935179,8,2020-12-28,"Mud","Mud",https://www.imdb.com/title/tt1935179,Movie,7.3,130,2012,"Drama, Adventure",201942,"2013-11-15","Jeff Nichols"
tt3810760,6,2020-12-06,"Minimalism: A Documentary About the Important Things","Minimalism: A Documentary About the Important Things",https://www.imdb.com/title/tt3810760,Movie,6.6,78,2015,"Documentary",17122,"2016-12-15","Matt D'Avella"
tt1478338,5,2020-12-05,"Bridesmaids","Bridesmaids",https://www.imdb.com/title/tt1478338,Movie,6.8,125,2011,"Comedy",328774,"2011-07-22","Paul Feig"
tt10618286,6,2020-12-05,"Mank","Mank",https://www.imdb.com/title/tt10618286,Movie,6.8,131,2020,"Biography, Drama",105878,"2020-11-20","David Fincher"
tt5433114,7,2020-11-30,"Diego Maradona","Diego Maradona",https://www.imdb.com/title/tt5433114,Movie,7.7,130,2019,"Documentary, Sport, Biography",19635,"2019-07-05","Asif Kapadia"
tt0043132,7,2020-11-29,"Nattens vargar","Where the Sidewalk Ends",https://www.imdb.com/title/tt0043132,Movie,7.5,95,1950,"Crime, Drama, Film-Noir",11304,"1950-09-15","Otto Preminger"
tt0093181,8,2020-11-28,"Hero: The Official Film of XIII World Cup","Hero: The Official Film of XIII World Cup",https://www.imdb.com/title/tt0093181,Movie,8.0,86,1986,"Documentary, Sport",733,"1986-12-25","Tony Maylam"
tt4786824,8,2020-11-17,"The Crown","The Crown",https://www.imdb.com/title/tt4786824,TV Series,8.6,60,2016,"Drama, History, Biography",285348,"2016-11-04",
tt8111088,8,2020-11-17,"The Mandalorian","The Mandalorian",https://www.imdb.com/title/tt8111088,TV Series,8.6,40,2019,"Sci-Fi, Adventure, Fantasy, Action",667293,"2020-09-15",
tt0074857,6,2020-11-17,"Mannen på taket","Mannen på taket",https://www.imdb.com/title/tt0074857,Movie,7.2,112,1976,"Drama, Thriller, Crime, Action",5821,"1976-10-01","Bo Widerberg"
tt4995790,7,2020-11-14,"The Square","The Square",https://www.imdb.com/title/tt4995790,Movie,7.1,151,2017,"Drama, Comedy",83690,"2017-08-25","Ruben Östlund"
tt2235695,5,2020-11-07,"Rebecca","Rebecca",https://www.imdb.com/title/tt2235695,Movie,6.1,123,2020,"Drama, Mystery, Romance, Thriller",51126,"2020-10-21","Ben Wheatley"
tt4846232,6,2020-11-07,"Good Time","Good Time",https://www.imdb.com/title/tt4846232,Movie,7.3,102,2017,"Crime, Drama, Thriller",159862,"2017-09-08","Benny Safdie,Josh Safdie"
tt0338013,7,2020-11-06,"Eternal Sunshine of the Spotless Mind","Eternal Sunshine of the Spotless Mind",https://www.imdb.com/title/tt0338013,Movie,8.3,108,2004,"Drama, Sci-Fi, Romance",1198233,"2004-08-20","Michel Gondry"
tt11905466,7,2020-11-06,"Mysteriet med Banksy","Banksy Most Wanted",https://www.imdb.com/title/tt11905466,Movie,7.0,82,2020,"Documentary",563,"2021-04-01","Seamus Haley,Laurent Richard,Aurélia Rouvier"
tt8946378,5,2020-11-01,"Knives Out","Knives Out",https://www.imdb.com/title/tt8946378,Movie,7.9,130,2019,"Crime, Mystery, Thriller, Drama, Comedy",892703,"2019-11-29","Rian Johnson"
tt0385887,6,2020-11-01,"Motherless Brooklyn","Motherless Brooklyn",https://www.imdb.com/title/tt0385887,Movie,6.8,144,2019,"Crime, Drama, Mystery",66869,"2019-11-01","Edward Norton"
tt3385524,7,2020-11-01,"Helan & Halvan","Stan & Ollie",https://www.imdb.com/title/tt3385524,Movie,7.2,98,2018,"Biography, Comedy, Drama, History, Family",41979,"2019-03-22","Jon S. Baird"
tt10048342,8,2020-10-31,"The Queen's Gambit","The Queen's Gambit",https://www.imdb.com/title/tt10048342,TV Mini Series,8.5,60,2020,"Drama",680316,"2020-10-23",
tt5056196,8,2020-10-31,"Catch-22","Catch-22",https://www.imdb.com/title/tt5056196,TV Mini Series,7.7,45,2019,"Comedy, Drama, War, Action, Thriller",24250,"2019-05-17",
tt0036914,6,2020-10-31,"Hets","Hets",https://www.imdb.com/title/tt0036914,Movie,7.2,101,1944,"Romance, Drama",4189,"1944-10-02","Alf Sjöberg"
tt3553976,6,2020-10-31,"Captain Fantastic","Captain Fantastic",https://www.imdb.com/title/tt3553976,Movie,7.8,118,2016,"Drama, Comedy, Adventure",253724,"2016-08-05","Matt Ross"
tt2427502,5,2020-10-31,"Snabba cash - Livet deluxe","Snabba cash - Livet deluxe",https://www.imdb.com/title/tt2427502,Movie,6.2,127,2013,"Crime, Drama, Thriller",6621,"2013-08-30","Jens Jonsson"
tt1588342,7,2020-10-30,"Snabba cash II","Snabba cash II",https://www.imdb.com/title/tt1588342,Movie,6.3,99,2012,"Action, Crime, Drama, Thriller",9399,"2012-08-17","Babak Najafi,Phillip Argeadson"
tt1291652,7,2020-10-30,"Snabba cash","Snabba cash",https://www.imdb.com/title/tt1291652,Movie,6.7,124,2010,"Thriller, Drama, Crime, Action",20946,"2010-01-15","Daniel Espinosa"
tt13243898,6,2020-10-24,"Mullvaden - Undercover i Nordkorea","The Mole: Undercover in North Korea",https://www.imdb.com/title/tt13243898,Movie,8.2,123,2020,"Documentary, Thriller",6377,"2020-10-11","Mads Brügger"
tt1070874,6,2020-10-24,"The Trial of the Chicago 7","The Trial of the Chicago 7",https://www.imdb.com/title/tt1070874,Movie,7.7,129,2020,"Drama, Thriller, History",207484,"2020-10-02","Aaron Sorkin"
tt6966692,7,2020-10-12,"Green Book","Green Book",https://www.imdb.com/title/tt6966692,Movie,8.2,130,2018,"Drama, Biography, Comedy, Music",706207,"2018-12-21","Peter Farrelly"
tt5952332,5,2020-10-11,"Amanda Knox","Amanda Knox",https://www.imdb.com/title/tt5952332,Movie,6.9,92,2016,"Documentary, Crime",27730,"2016-09-30","Rod Blackhurst,Brian McGinn"
tt12987894,6,2020-10-11,"American Murder: The Family Next Door","American Murder: The Family Next Door",https://www.imdb.com/title/tt12987894,Movie,7.2,83,2020,"Documentary, Crime",38615,"2020-09-30","Jenny Popplewell"
tt1130884,9,2020-10-11,"Shutter Island","Shutter Island",https://www.imdb.com/title/tt1130884,Movie,8.2,138,2010,"Thriller, Mystery",1688271,"2010-02-19","Martin Scorsese"
tt0420223,8,2020-10-11,"Stranger Than Fiction","Stranger Than Fiction",https://www.imdb.com/title/tt0420223,Movie,7.5,113,2006,"Fantasy, Drama, Romance, Comedy",247076,"2006-12-25","Marc Forster"
tt5088790,8,2020-09-23,"The Great Detectives: The Simple Art of Philip Marlowe","The Great Detectives: The Simple Art of Philip Marlowe",https://www.imdb.com/title/tt5088790,TV Episode,7.4,49,1999,"Documentary",8,"1999-05-30","Elizabeth Levy,Randall Wright"
tt0047878,6,2020-09-22,"Hämndens skugga","The Big Combo",https://www.imdb.com/title/tt0047878,Movie,7.3,87,1955,"Crime, Drama, Thriller, Film-Noir",10184,"1956-01-16","Joseph H. Lewis"
tt0072973,8,2020-09-21,"Kör hårt, Marlowe","Farewell, My Lovely",https://www.imdb.com/title/tt0072973,Movie,7.0,95,1975,"Mystery, Crime, Drama, Thriller",11162,"1976-02-09","Dick Richards"
tt9211804,5,2020-09-20,"Quick","Quick",https://www.imdb.com/title/tt9211804,Movie,6.7,132,2019,"Thriller, Crime, Drama",5117,"2019-09-20","Mikael Håfström"
tt7983844,5,2020-09-19,"Take Your Pills","Take Your Pills",https://www.imdb.com/title/tt7983844,Movie,6.3,87,2018,"Documentary",5899,"2018-03-16","Alison Klayman"
tt11464826,8,2020-09-12,"The Social Dilemma","The Social Dilemma",https://www.imdb.com/title/tt11464826,Movie,7.6,94,2020,"Documentary, Drama",95245,"2020-09-09","Jeff Orlowski-Yang"
tt0037691,6,2020-09-09,"Fallen ängel","Fallen Angel",https://www.imdb.com/title/tt0037691,Movie,7.0,98,1945,"Crime, Romance, Mystery, Film-Noir",7381,"1946-11-04","Otto Preminger"
tt0103939,7,2020-09-06,"Chaplin","Chaplin",https://www.imdb.com/title/tt0103939,Movie,7.5,143,1992,"Biography, Comedy, Drama",66198,"1993-02-19","Richard Attenborough"
tt5173032,7,2020-09-06,"Buster's Mal Heart","Buster's Mal Heart",https://www.imdb.com/title/tt5173032,Movie,6.1,96,2016,"Drama, Mystery, Thriller, Crime",12199,"2017-08-26","Sarah Adina Smith"
tt0048261,6,2020-09-03,"Natt utan nåd","Kiss Me Deadly",https://www.imdb.com/title/tt0048261,Movie,7.5,106,1955,"Drama, Mystery, Crime, Thriller, Film-Noir",24006,"1955-11-21","Robert Aldrich"
tt0038559,6,2020-09-03,"Gilda","Gilda",https://www.imdb.com/title/tt0038559,Movie,7.6,110,1946,"Thriller, Romance, Drama, Film-Noir",37881,"1946-11-25","Charles Vidor"
tt6723592,7,2020-09-01,"Tenet","Tenet",https://www.imdb.com/title/tt6723592,Movie,7.3,150,2020,"Action, Sci-Fi, Thriller",712364,"2020-08-26","Christopher Nolan"
tt0049552,6,2020-08-31,"Misstänkt för rån","Nightfall",https://www.imdb.com/title/tt0049552,Movie,7.1,78,1956,"Romance, Thriller, Crime, Drama, Film-Noir",5816,"1957-05-13","Jacques Tourneur"
tt0041959,9,2020-08-30,"Den tredje mannen","The Third Man",https://www.imdb.com/title/tt0041959,Movie,8.1,104,1949,"Film-Noir, Drama, Thriller, Mystery",197641,"1949-10-26","Carol Reed"
tt0052311,6,2020-08-30,"En djävulsk fälla","Touch of Evil",https://www.imdb.com/title/tt0052311,Movie,7.9,95,1958,"Drama, Crime, Thriller, Film-Noir",115785,"1958-10-14","Orson Welles"
tt0038355,8,2020-08-30,"Utpressning","The Big Sleep",https://www.imdb.com/title/tt0038355,Movie,7.9,114,1946,"Crime, Thriller, Drama, Mystery, Film-Noir",95145,"1961-10-23","Howard Hawks"
tt8674506,7,2020-08-27,"En osannolik historia om konstförfalskning","There Are No Fakes",https://www.imdb.com/title/tt8674506,Movie,7.4,113,2019,"Documentary, Biography, Crime",470,"2020-08-25","Jamie Kastner"
tt0087884,6,2020-08-22,"Paris, Texas","Paris, Texas",https://www.imdb.com/title/tt0087884,Movie,8.1,145,1984,"Drama",145344,"1984-11-02","Wim Wenders"
tt6793818,7,2020-08-18,"Mordet på KGB-spionen","Hunting the KGB Killers",https://www.imdb.com/title/tt6793818,Movie,7.3,54,2017,"Documentary, Crime, Mystery",148,"2018-09-04","Chris Malone"
tt3041550,7,2020-08-17,"Matangi/Maya/M.I.A.","Matangi/Maya/M.I.A.",https://www.imdb.com/title/tt3041550,Movie,7.5,96,2018,"Documentary, Music, Biography",2332,"2018-09-28","Steve Loveridge"
tt2527338,6,2020-08-10,"Star Wars: The Rise of Skywalker","Star Wars: Episode IX - The Rise of Skywalker",https://www.imdb.com/title/tt2527338,Movie,6.3,141,2019,"Sci-Fi, Action, Adventure, Fantasy",551918,"2019-12-18","J.J. Abrams"
tt7049682,6,2020-08-04,"Watchmen","Watchmen",https://www.imdb.com/title/tt7049682,TV Mini Series,8.2,60,2019,"Drama, Mystery, Sci-Fi, Crime",148660,"2021-10-26",
tt0043379,7,2020-08-03,"Med flaggan i topp","Captain Horatio Hornblower R.N.",https://www.imdb.com/title/tt0043379,Movie,7.3,117,1951,"Drama, Action, War, Adventure",8646,"1951-09-17","Raoul Walsh"
tt0099740,5,2020-08-02,"Hardware","Hardware",https://www.imdb.com/title/tt0099740,Movie,6.0,94,1990,"Thriller, Horror, Sci-Fi",16975,"1991-04-19","Richard Stanley"
tt4364194,7,2020-08-02,"The Peanut Butter Falcon","The Peanut Butter Falcon",https://www.imdb.com/title/tt4364194,Movie,7.6,97,2019,"Comedy, Drama, Adventure",121726,"2020-03-20","Tyler Nilson,Michael Schwartz"
tt5691670,6,2020-08-02,"Under the Silver Lake","Under the Silver Lake",https://www.imdb.com/title/tt5691670,Movie,6.5,139,2018,"Crime, Thriller, Mystery",63132,"2019-05-11","David Robert Mitchell"
tt4034354,4,2020-08-02,"Swiss Army Man","Swiss Army Man",https://www.imdb.com/title/tt4034354,Movie,6.9,97,2016,"Drama, Comedy, Fantasy, Romance",142952,"2016-07-01","Daniel Kwan,Daniel Scheinert"
tt6474378,5,2020-08-01,"Good Girls","Good Girls",https://www.imdb.com/title/tt6474378,TV Series,7.7,43,2018,"Drama, Comedy, Crime",68685,"2018-07-03",
tt1188729,5,2020-08-01,"Pandorum","Pandorum",https://www.imdb.com/title/tt1188729,Movie,6.7,108,2009,"Sci-Fi, Thriller, Action, Horror, Mystery",169553,"2009-10-09","Christian Alvart"
tt9358196,6,2020-07-31,"Marianne & Leonard: Words of Love","Marianne & Leonard: Words of Love",https://www.imdb.com/title/tt9358196,Movie,7.0,102,2019,"Documentary, Music, Biography, Romance",2359,"2019-10-11","Nick Broomfield"
tt3799694,9,2020-07-29,"The Nice Guys","The Nice Guys",https://www.imdb.com/title/tt3799694,Movie,7.4,116,2016,"Thriller, Crime, Comedy, Action, Mystery",425807,"2016-06-08","Shane Black"
tt0098904,10,2020-07-29,"Seinfeld","Seinfeld",https://www.imdb.com/title/tt0098904,TV Series,8.8,22,1989,"Comedy",389299,"1993-06-18",
tt1800763,8,2020-07-29,"Uncharted 3: Drake's Deception","Uncharted 3: Drake's Deception",https://www.imdb.com/title/tt1800763,Video Game,8.9,,2011,"Action, Adventure, Thriller",28257,"2011-11-01","Amy Hennig,Justin Richmond"
tt7473028,5,2020-07-29,"The Mossad: Imperfect Spies","The Mossad: Imperfect Spies",https://www.imdb.com/title/tt7473028,Movie,7.6,90,2018,"Documentary, History, War",491,"2018-04-24","Duki Dror"
tt2363178,5,2020-07-29,"Hotell","Hotell",https://www.imdb.com/title/tt2363178,Movie,6.4,97,2013,"Drama",2686,"2013-10-04","Lisa Langseth"
tt10846202,7,2020-07-28,"Spionen Vladimir Putin","Putin: A Russian Spy Story",https://www.imdb.com/title/tt10846202,TV Series,7.4,46,2020,"Documentary, Biography",747,"2021-07-27",
tt9777644,5,2020-07-25,"Da 5 Bloods","Da 5 Bloods",https://www.imdb.com/title/tt9777644,Movie,6.5,154,2020,"Drama, War, Adventure",58011,"2020-06-12","Spike Lee"
tt0212985,6,2020-07-25,"Hannibal","Hannibal",https://www.imdb.com/title/tt0212985,Movie,6.8,131,2001,"Crime, Drama, Thriller",317251,"2001-02-23","Ridley Scott"
tt0289765,7,2020-07-24,"Röd drake","Red Dragon",https://www.imdb.com/title/tt0289765,Movie,7.2,124,2002,"Drama, Crime, Thriller",314570,"2002-11-01","Brett Ratner"
tt0102926,8,2020-07-24,"När lammen tystnar","The Silence of the Lambs",https://www.imdb.com/title/tt0102926,Movie,8.6,118,1991,"Crime, Drama, Horror, Thriller",1754003,"1991-03-22","Jonathan Demme"
tt0375912,7,2020-07-24,"Layer Cake","Layer Cake",https://www.imdb.com/title/tt0375912,Movie,7.2,105,2004,"Thriller, Crime, Drama",209654,"2005-05-27","Matthew Vaughn"
tt2872718,7,2020-07-24,"Nightcrawler","Nightcrawler",https://www.imdb.com/title/tt2872718,Movie,7.8,117,2014,"Crime, Thriller, Drama",683375,"2014-11-28","Dan Gilroy"
tt0765443,6,2020-07-24,"Eastern Promises","Eastern Promises",https://www.imdb.com/title/tt0765443,Movie,7.6,100,2007,"Thriller, Crime, Drama",280386,"2007-12-07","David Cronenberg"
tt8579674,8,2020-07-24,"1917","1917",https://www.imdb.com/title/tt8579674,Movie,8.2,119,2019,"War, Drama",787943,"2020-01-31","Sam Mendes"
tt8145202,5,2020-07-24,"The F**k-It List","The F**k-It List",https://www.imdb.com/title/tt8145202,Movie,5.2,103,2020,"Comedy",8038,"2020-08-02","Michael Duggan"
tt7905466,7,2020-07-23,"They Shall Not Grow Old","They Shall Not Grow Old",https://www.imdb.com/title/tt7905466,Movie,8.2,99,2018,"Documentary, History, War",41250,"2019-03-08","Peter Jackson"
tt6751668,9,2020-07-22,"Parasit","Gisaengchung",https://www.imdb.com/title/tt6751668,Movie,8.5,132,2019,"Drama, Thriller",1199891,"2019-12-20","Bong Joon Ho"
tt4971344,8,2020-07-21,"The Sisters Brothers","The Sisters Brothers",https://www.imdb.com/title/tt4971344,Movie,6.9,122,2018,"Western, Drama",76130,"2019-03-15","Jacques Audiard"
tt9484998,7,2020-07-21,"Palm Springs","Palm Springs",https://www.imdb.com/title/tt9484998,Movie,7.4,90,2020,"Comedy, Romance, Fantasy, Mystery, Sci-Fi",219726,"2020-10-09","Max Barbakow"
tt1489887,7,2020-07-21,"Booksmart","Booksmart",https://www.imdb.com/title/tt1489887,Movie,7.1,102,2019,"Comedy",142173,"2019-06-19","Olivia Wilde"
tt1270797,5,2020-07-21,"Venom","Venom",https://www.imdb.com/title/tt1270797,Movie,6.6,112,2018,"Action, Sci-Fi, Adventure",618460,"2018-10-05","Ruben Fleischer"
tt0427312,7,2020-07-20,"Grizzly Man","Grizzly Man",https://www.imdb.com/title/tt0427312,Movie,7.7,103,2005,"Documentary, Biography",68605,"2006-04-07","Werner Herzog"
tt7085648,5,2020-07-20,"HaMossad: Sipur Kisuy","HaMossad: Sipur Kisuy",https://www.imdb.com/title/tt7085648,TV Mini Series,7.5,,2017,"Documentary",1191,"2017-06-04",
tt11475228,6,2020-07-05,"Killer Inside: The Mind of Aaron Hernandez","Killer Inside: The Mind of Aaron Hernandez",https://www.imdb.com/title/tt11475228,TV Mini Series,7.3,60,2020,"Documentary, Crime, Sport",20804,"2020-01-15",
tt8367814,6,2020-07-05,"The Gentlemen","The Gentlemen",https://www.imdb.com/title/tt8367814,Movie,7.8,113,2019,"Action, Crime, Comedy",469204,"2020-02-26","Guy Ritchie"
tt9642938,8,2020-07-04,"Unsolved Mysteries","Unsolved Mysteries",https://www.imdb.com/title/tt9642938,TV Series,7.3,45,2020,"Documentary, Crime, Mystery",14289,"2020-10-19",
tt7664504,7,2020-06-28,"Tre identiska främlingar","Three Identical Strangers",https://www.imdb.com/title/tt7664504,Movie,7.6,96,2018,"Documentary, Biography, Drama, Mystery, History",45453,"2018-11-30","Tim Wardle"
tt1966604,8,2020-06-28,"The Imposter","The Imposter",https://www.imdb.com/title/tt1966604,Movie,7.4,99,2012,"Documentary, Biography, Crime, Drama, Thriller",53492,"2012-10-26","Bart Layton"
tt3292080,5,2020-06-28,"The Journey Is the Destination","The Journey Is the Destination",https://www.imdb.com/title/tt3292080,Movie,6.4,123,2016,"Drama",840,"2017-11-08","Bronwen Hughes"
tt7131622,6,2020-06-28,"Once Upon a Time in Hollywood","Once Upon a Time in... Hollywood",https://www.imdb.com/title/tt7131622,Movie,7.6,161,2019,"Drama, Comedy",980668,"2019-08-16","Quentin Tarantino"
tt9072206,3,2020-06-25,"The American Runestone","The American Runestone",https://www.imdb.com/title/tt9072206,TV Series,7.3,,2020,"Documentary, Mystery, Adventure",255,"2020-06-21",
tt8079248,5,2020-06-14,"Yesterday","Yesterday",https://www.imdb.com/title/tt8079248,Movie,6.8,116,2019,"Comedy, Music, Fantasy, Romance",187515,"2019-06-28","Danny Boyle"
tt0099703,6,2020-06-14,"The Grifters","The Grifters",https://www.imdb.com/title/tt0099703,Movie,6.8,110,1990,"Thriller, Crime, Drama",33784,"1991-06-14","Stephen Frears"
tt6348138,6,2020-06-14,"Mysteriet om Herr Länk","Missing Link",https://www.imdb.com/title/tt6348138,Movie,6.7,94,2019,"Animation, Adventure, Comedy, Family, Fantasy",31296,"2019-06-14","Chris Butler"
tt3468798,7,2020-06-07,"Baskets","Baskets",https://www.imdb.com/title/tt3468798,TV Series,7.6,30,2016,"Comedy, Drama",13793,"2021-03-16",
tt1535002,8,2020-06-06,"Between Two Ferns with Zach Galifianakis","Between Two Ferns with Zach Galifianakis",https://www.imdb.com/title/tt1535002,TV Series,8.3,4,2008,"Short, Talk-Show, Comedy",10861,"2008-01-04",
tt9398640,6,2020-06-06,"Between Two Ferns: The Movie","Between Two Ferns: The Movie",https://www.imdb.com/title/tt9398640,Movie,6.1,82,2019,"Comedy",39593,"2019-09-20","Scott Aukerman"
tt5194446,6,2020-05-10,"Flykten till framtiden","Flykten till framtiden",https://www.imdb.com/title/tt5194446,Movie,6.6,99,2016,"Comedy, Drama, Romance, Sci-Fi",1921,"2016-11-11","Jaana Fomin,Ulf Malmros"
tt0079794,7,2020-05-10,"Repmånad eller Hur man gör pojkar av män","Repmånad eller Hur man gör pojkar av män",https://www.imdb.com/title/tt0079794,Movie,6.5,85,1979,"Comedy",4530,"1979-02-23","Lasse Åberg"
tt5687612,8,2020-05-05,"Fleabag","Fleabag",https://www.imdb.com/title/tt5687612,TV Series,8.7,30,2016,"Comedy, Drama",254028,"2016-09-16",
tt5618256,9,2020-05-02,"Manhunt","Manhunt",https://www.imdb.com/title/tt5618256,TV Series,8.1,45,2017,"Crime, Drama, Biography, Thriller",67822,"2017-12-12",
tt12177808,6,2020-05-02,"We Got This","We Got This",https://www.imdb.com/title/tt12177808,TV Series,6.9,45,2020,"Comedy, Thriller, Crime, Mystery",465,"2020-05-01",
tt8914684,6,2020-04-21,"Sunderland 'Til I Die","Sunderland 'Til I Die",https://www.imdb.com/title/tt8914684,TV Series,8.1,39,2018,"Documentary, Sport",10454,"2018-12-14",
tt3220192,3,2020-04-13,"Jönssonligan - Den perfekta stöten","Jönssonligan - Den perfekta stöten",https://www.imdb.com/title/tt3220192,Movie,5.4,91,2015,"Action, Comedy, Adventure, Crime",2805,"2015-01-16","Alain Darborg"
tt11823076,7,2020-04-05,"Tiger King: Murder, Mayhem and Madness","Tiger King",https://www.imdb.com/title/tt11823076,TV Series,7.5,45,2020,"Documentary, Crime, Biography",91672,"2020-03-20",
tt2139881,5,2020-04-04,"Long Shot","Long Shot",https://www.imdb.com/title/tt2139881,Movie,6.8,125,2019,"Comedy, Romance",129905,"2019-05-03","Jonathan Levine"
tt10948316,6,2020-03-15,"Who Killed Malcolm X?","Who Killed Malcolm X?",https://www.imdb.com/title/tt10948316,TV Mini Series,7.5,45,2019,"Documentary, History, Crime, Biography",2582,"2020-02-07",
tt6445414,5,2020-03-12,"The Coldest Game","Ukryta gra",https://www.imdb.com/title/tt6445414,Movie,6.2,102,2019,"Thriller, History, Sport",13278,"2020-02-09","Lukasz Kosmicki"
tt6271042,6,2020-02-29,"I maffians mitt","McMafia",https://www.imdb.com/title/tt6271042,TV Series,7.6,60,2018,"Crime, Drama, Thriller",18337,"2020-01-31",
tt0109707,7,2020-02-23,"Ed Wood","Ed Wood",https://www.imdb.com/title/tt0109707,Movie,7.8,127,1994,"Biography, Drama, Comedy",191199,"1995-06-02","Tim Burton"
tt9657734,6,2020-02-19,"The Preppy Murder: Death in Central Park","The Preppy Murder: Death in Central Park",https://www.imdb.com/title/tt9657734,TV Mini Series,6.9,,2019,"Documentary, Crime",842,"2019-11-13",
tt5727208,6,2020-02-08,"Uncut Gems","Uncut Gems",https://www.imdb.com/title/tt5727208,Movie,7.4,135,2019,"Drama, Crime, Thriller",362826,"2020-01-31","Benny Safdie,Josh Safdie"
tt2058107,6,2020-01-10,"The Railway Man","The Railway Man",https://www.imdb.com/title/tt2058107,Movie,7.1,116,2013,"Drama, Biography, War, Romance",44747,"2013-12-26","Jonathan Teplitzky"
tt0488853,6,2020-01-10,"Stockholm Boogie","Stockholm Boogie",https://www.imdb.com/title/tt0488853,Movie,6.3,82,2005,"Drama, Comedy",1287,"2005-10-28","John Lindgren,Karl-Uno Lindgren"
tt0096184,6,2020-01-06,"Strul","Strul",https://www.imdb.com/title/tt0096184,Movie,5.9,101,1988,"Crime, Comedy, Action",3225,"1988-02-25","Jonas Frick"
tt7660730,7,2020-01-05,"Black Earth Rising","Black Earth Rising",https://www.imdb.com/title/tt7660730,TV Series,7.5,60,2018,"Thriller, Drama",6195,"2019-01-25",
tt4925292,7,2020-01-05,"Lady Bird","Lady Bird",https://www.imdb.com/title/tt4925292,Movie,7.4,94,2017,"Comedy, Drama",369806,"2018-03-08","Greta Gerwig"
tt3316948,5,2020-01-04,"American Ultra","American Ultra",https://www.imdb.com/title/tt3316948,Movie,6.1,96,2015,"Action, Comedy, Sci-Fi, Thriller",101300,"2015-09-11","Nima Nourizadeh"
tt2091935,5,2020-01-04,"Mr. Right","Mr. Right",https://www.imdb.com/title/tt2091935,Movie,6.3,95,2015,"Comedy, Action, Romance, Crime",66434,"2016-04-08","Paco Cabezas"
tt7668870,6,2020-01-04,"Searching","Searching",https://www.imdb.com/title/tt7668870,Movie,7.6,102,2018,"Thriller, Drama, Mystery",195289,"2018-09-21","Aneesh Chaganty"
tt4799064,5,2020-01-04,"Mindhorn","Mindhorn",https://www.imdb.com/title/tt4799064,Movie,6.3,89,2016,"Comedy, Thriller, Action, Adventure, Mystery",14579,"2017-05-12","Sean Foley"
tt0074119,7,2019-12-29,"Alla presidentens män","All the President's Men",https://www.imdb.com/title/tt0074119,Movie,7.9,138,1976,"History, Drama, Thriller",139592,"1977-03-14","Alan J. Pakula"
tt0120149,6,2019-12-28,"Slutspel","Slutspel",https://www.imdb.com/title/tt0120149,Movie,4.2,81,1997,"Sport, Crime, Comedy",216,"1997-03-21","Stephan Apelgren"
tt5194410,5,2019-12-28,"Springfloden","Springfloden",https://www.imdb.com/title/tt5194410,TV Series,7.5,44,2016,"Drama, Thriller, Mystery, Crime",5224,"2016-03-06",
tt5180504,8,2019-12-23,"The Witcher","The Witcher",https://www.imdb.com/title/tt5180504,TV Series,7.8,60,2019,"Adventure, Fantasy, Mystery, Action, Drama",625915,"2019-12-20",
tt11318602,7,2019-12-19,"Tassarna bort från katterna: Nätjakten på en mördare","Don't Fuck with Cats: Hunting an Internet Killer",https://www.imdb.com/title/tt11318602,TV Mini Series,8.0,60,2019,"Documentary, Crime, Mystery",70834,"2019-12-18",
tt6000478,7,2019-12-14,"Roman J. Israel, Esq.","Roman J. Israel, Esq.",https://www.imdb.com/title/tt6000478,Movie,6.5,122,2017,"Crime, Drama, Thriller",49105,"2017-11-22","Dan Gilroy"
tt9612102,7,2019-12-12,"Exit","Exit",https://www.imdb.com/title/tt9612102,TV Series,8.2,45,2019,"Drama, Thriller, Crime",16498,"2020-06-15",
tt8236336,7,2019-12-08,"The Report","The Report",https://www.imdb.com/title/tt8236336,Movie,7.2,119,2019,"Drama, Thriller, Biography, History, Crime",57872,"2019-11-29","Scott Z. Burns"
tt0473705,7,2019-12-08,"State of Play","State of Play",https://www.imdb.com/title/tt0473705,Movie,7.1,127,2009,"Drama, Mystery, Thriller, Crime",167602,"2009-05-01","Kevin Macdonald"
tt5580036,6,2019-12-08,"I, Tonya","I, Tonya",https://www.imdb.com/title/tt5580036,Movie,7.5,119,2017,"Biography, Drama, Sport, Comedy",264190,"2018-03-16","Craig Gillespie"
tt7653254,9,2019-12-07,"Marriage Story","Marriage Story",https://www.imdb.com/title/tt7653254,Movie,7.9,137,2019,"Drama, Romance",375945,"2019-12-06","Noah Baumbach"
tt1375666,9,2019-12-01,"Inception","Inception",https://www.imdb.com/title/tt1375666,Movie,8.8,148,2010,"Sci-Fi, Thriller, Adventure",2875236,"2010-07-23","Christopher Nolan"
tt3824458,6,2019-11-30,"Tangerine","Tangerine",https://www.imdb.com/title/tt3824458,Movie,7.1,88,2015,"Drama, Comedy, Crime",43665,"2025-01-13","Sean Baker"
tt2381989,4,2019-11-30,"Skytten","Skytten",https://www.imdb.com/title/tt2381989,Movie,5.6,90,2013,"Thriller, Crime, Drama",1934,"2013-02-28","Annette K. Olesen"
tt4703048,6,2019-11-30,"6 Days","6 Days",https://www.imdb.com/title/tt4703048,Movie,6.2,94,2017,"Action, History, Thriller, Drama",27257,"2017-11-03","Toa Fraser"
tt0478087,5,2019-11-28,"21","21",https://www.imdb.com/title/tt0478087,Movie,6.8,123,2008,"Drama, Crime, Thriller",283314,"2008-04-11","Robert Luketic"
tt1302006,7,2019-11-27,"The Irishman","The Irishman",https://www.imdb.com/title/tt1302006,Movie,7.8,209,2019,"Crime, Drama, Biography, History, Thriller",480645,"2019-11-27","Martin Scorsese"
tt11023922,7,2019-11-26,"Spirits in the Forest","Spirits in the Forest",https://www.imdb.com/title/tt11023922,Movie,7.5,83,2019,"Documentary, Music",1436,"2019-11-21","Anton Corbijn,Pasqual Gutierrez,John Merizalde"
tt1458175,6,2019-11-24,"The Next Three Days","The Next Three Days",https://www.imdb.com/title/tt1458175,Movie,7.3,133,2010,"Crime, Drama, Romance, Thriller, Action",216962,"2010-12-03","Paul Haggis"
tt9243946,7,2019-11-24,"El Camino: A Breaking Bad Movie","El Camino",https://www.imdb.com/title/tt9243946,Movie,7.3,122,2019,"Drama, Crime, Thriller",353540,"2019-10-11","Vince Gilligan"
tt2039393,8,2019-11-23,"The Gambler","The Gambler",https://www.imdb.com/title/tt2039393,Movie,6.0,111,2014,"Drama, Crime, Thriller",78630,"2015-01-02","Rupert Wyatt"
tt0314331,6,2019-11-23,"Love Actually","Love Actually",https://www.imdb.com/title/tt0314331,Movie,7.5,135,2003,"Drama, Romance, Comedy",584973,"2003-11-21","Richard Curtis"
tt7740574,6,2019-11-19,"Dian Fossey: Mordet på gorillornas drottning","Dian Fossey: Secrets in the Mist",https://www.imdb.com/title/tt7740574,TV Mini Series,7.6,,2017,"Documentary",231,"2019-09-08",
tt4463816,5,2019-11-12,"Terminal","Terminal",https://www.imdb.com/title/tt4463816,Movie,5.4,95,2018,"Drama, Thriller, Crime, Comedy, Action, Mystery",27681,"2018-05-11","Vaughn Stein"
tt7242142,9,2019-11-12,"Blindspotting","Blindspotting",https://www.imdb.com/title/tt7242142,Movie,7.4,95,2018,"Comedy, Drama, Crime",34519,"2018-12-07","Carlos López Estrada"
tt2704998,5,2019-11-12,"Game Night","Game Night",https://www.imdb.com/title/tt2704998,Movie,6.9,100,2018,"Comedy, Crime, Action, Thriller, Adventure, Mystery",285311,"2018-02-28","John Francis Daley,Jonathan Goldstein"
tt5607096,8,2019-11-12,"Juliet, Naked","Juliet, Naked",https://www.imdb.com/title/tt5607096,Movie,6.6,97,2018,"Comedy, Drama, Music, Romance",26704,"2018-10-12","Jesse Peretz"
tt6499752,6,2019-11-12,"Upgrade","Upgrade",https://www.imdb.com/title/tt6499752,Movie,7.5,100,2018,"Sci-Fi, Thriller, Action",238886,"2018-06-01","Leigh Whannell"
tt0099685,7,2019-11-11,"Maffiabröder","GoodFellas",https://www.imdb.com/title/tt0099685,Movie,8.7,145,1990,"Biography, Crime, Drama",1416416,"1990-09-14","Martin Scorsese"
tt4209788,8,2019-11-10,"Molly's Game","Molly's Game",https://www.imdb.com/title/tt4209788,Movie,7.4,140,2017,"Drama, Biography, Crime",206317,"2018-01-19","Aaron Sorkin"
tt1416801,6,2019-11-10,"Kill the Irishman","Kill the Irishman",https://www.imdb.com/title/tt1416801,Movie,7.0,106,2011,"Crime, Drama, Biography, Action",55105,"2012-05-11","Jonathan Hensleigh"
tt0840361,7,2019-11-10,"The Town","The Town",https://www.imdb.com/title/tt0840361,Movie,7.5,125,2010,"Drama, Thriller, Crime",454926,"2010-12-15","Ben Affleck"
tt1321870,6,2019-11-09,"Gangster Squad","Gangster Squad",https://www.imdb.com/title/tt1321870,Movie,6.7,113,2013,"Crime, Drama, Action, Thriller",230334,"2013-01-11","Ruben Fleischer"
tt2066051,6,2019-11-08,"Rocketman","Rocketman",https://www.imdb.com/title/tt2066051,Movie,7.3,121,2019,"Musical, Biography, Drama, Music",212383,"2019-05-29","Dexter Fletcher"
tt11091956,7,2019-10-31,"Julian Assange - hjälte eller skurk?","Hero or Villain? The Prosecution of Julian Assange",https://www.imdb.com/title/tt11091956,Movie,7.0,83,2019,"Documentary",33,"2019-08-20",
tt1192628,7,2019-10-27,"Rango","Rango",https://www.imdb.com/title/tt1192628,Movie,7.3,107,2011,"Animation, Adventure, Family, Western, Comedy, Action, Drama",324949,"2011-03-04","Gore Verbinski"
tt7844518,9,2019-10-23,"Sanningsjägarna","Bellingcat: Truth in a Post-Truth World",https://www.imdb.com/title/tt7844518,Movie,7.3,88,2018,"Documentary, News",820,"2018-11-15","Hans Pool"
tt7534376,7,2019-10-22,"Helikopterrånet","Helikopterrånet",https://www.imdb.com/title/tt7534376,TV Mini Series,7.1,30,2017,"Documentary",142,"2017-10-08",
tt9352780,8,2019-10-20,"Cold Case Hammarskjöld","Cold Case Hammarskjöld",https://www.imdb.com/title/tt9352780,Movie,7.5,128,2019,"Documentary, History",2995,"2019-03-15","Mads Brügger"
tt6266538,7,2019-10-07,"Vice","Vice",https://www.imdb.com/title/tt6266538,Movie,7.2,132,2018,"Biography, Drama, Comedy, History",176999,"2019-01-11","Adam McKay"
tt7286456,9,2019-10-07,"Joker","Joker",https://www.imdb.com/title/tt7286456,Movie,8.3,122,2019,"Drama",1728913,"2019-10-04","Todd Phillips"
tt1053424,6,2019-10-05,"Repo Men","Repo Men",https://www.imdb.com/title/tt1053424,Movie,6.3,111,2010,"Sci-Fi, Thriller, Action",114844,"2010-03-19","Miguel Sapochnik"
tt1340138,5,2019-10-05,"Terminator Genisys","Terminator Genisys",https://www.imdb.com/title/tt1340138,Movie,6.3,126,2015,"Action, Adventure, Sci-Fi, Thriller",310345,"2015-06-26","Alan Taylor"
tt4555426,6,2019-10-04,"Darkest Hour","Darkest Hour",https://www.imdb.com/title/tt4555426,Movie,7.4,125,2017,"Drama, War, Biography, History",246240,"2018-02-02","Joe Wright"
tt7291132,6,2019-09-24,"Bruce Springsteen: In His Own Words","Bruce Springsteen: In His Own Words",https://www.imdb.com/title/tt7291132,TV Movie,7.2,71,2016,"Documentary, Biography, History, Music",340,"2016-12-29","Nigel Cole"
tt5688932,7,2019-09-22,"Sorry to Bother You","Sorry to Bother You",https://www.imdb.com/title/tt5688932,Movie,6.9,112,2018,"Comedy, Fantasy, Sci-Fi, Drama",95841,"2018-11-02","Boots Riley"
tt0105112,5,2019-09-21,"Patrioter","Patriot Games",https://www.imdb.com/title/tt0105112,Movie,6.9,117,1992,"Thriller, Action",129760,"1992-10-23","Phillip Noyce"
tt7909970,9,2019-09-21,"Unbelievable","Unbelievable",https://www.imdb.com/title/tt7909970,TV Mini Series,8.3,48,2019,"Drama, Crime",139738,"2019-09-13",
tt5952634,6,2019-09-16,"The Spy","The Spy",https://www.imdb.com/title/tt5952634,TV Mini Series,7.9,60,2019,"History, Drama, Biography, Thriller",58597,"2019-09-06",
tt4939950,7,2019-09-14,"SS-GB","SS-GB",https://www.imdb.com/title/tt4939950,TV Mini Series,6.6,60,2017,"Drama, Action, Thriller, Sci-Fi",4115,"2019-08-21",
tt0409847,7,2019-09-07,"Cowboys & Aliens","Cowboys & Aliens",https://www.imdb.com/title/tt0409847,Movie,6.0,119,2011,"Action, Sci-Fi, Western, Thriller, Drama",244035,"2011-08-26","Jon Favreau"
tt9140604,5,2019-09-06,"Fartblinda","Fartblinda",https://www.imdb.com/title/tt9140604,TV Series,7.1,45,2019,"Drama, Thriller",2352,"2019-08-19",
tt6212478,6,2019-08-27,"American Animals","American Animals",https://www.imdb.com/title/tt6212478,Movie,7.0,116,2018,"Crime, Drama, Biography, Thriller, History",53836,"2018-08-14","Bart Layton"
tt8714904,7,2019-08-22,"Narcos: Mexico","Narcos: México",https://www.imdb.com/title/tt8714904,TV Series,8.3,60,2018,"Crime, Drama, Biography, Thriller",103074,"2018-11-16",
tt2707408,9,2019-08-21,"Narcos","Narcos",https://www.imdb.com/title/tt2707408,TV Series,8.7,50,2015,"Crime, Drama, Biography, Thriller",537370,"2015-08-28",
tt4736550,8,2019-08-15,"The Great Hack","The Great Hack",https://www.imdb.com/title/tt4736550,Movie,7.0,114,2019,"Documentary, Biography, History",25943,"2019-07-24","Karim Amer,Jehane Noujaim"
tt5463162,5,2019-08-15,"Deadpool 2","Deadpool 2",https://www.imdb.com/title/tt5463162,Movie,7.6,119,2018,"Action, Adventure, Comedy, Sci-Fi",759502,"2018-05-15","David Leitch"
tt0087332,8,2019-07-23,"Ghostbusters - Spökligan","Ghostbusters",https://www.imdb.com/title/tt0087332,Movie,7.8,105,1984,"Fantasy, Comedy, Action, Sci-Fi",491435,"1984-12-07","Ivan Reitman"
tt8116574,5,2019-07-22,"Flotten","Flotten",https://www.imdb.com/title/tt8116574,Movie,6.6,97,2018,"Documentary",1112,"2018-09-21","Marcus Lindeen"
tt4378376,8,2019-07-07,"Babylon Berlin","Babylon Berlin",https://www.imdb.com/title/tt4378376,TV Series,8.4,45,2017,"Crime, Drama, Thriller, History",34251,"2019-06-20",
tt1727824,7,2019-06-14,"Bohemian Rhapsody","Bohemian Rhapsody",https://www.imdb.com/title/tt1727824,Movie,7.9,134,2018,"Biography, Drama, Music",655466,"2018-10-31","Bryan Singer"
tt7366338,9,2019-05-30,"Chernobyl","Chernobyl",https://www.imdb.com/title/tt7366338,TV Mini Series,9.3,60,2019,"Drama, History, Thriller",1068432,"2019-05-07",
tt0107846,6,2019-05-28,"Polis polis potatismos","Polis polis potatismos",https://www.imdb.com/title/tt0107846,Movie,5.9,91,1993,"Mystery, Drama, Thriller, Crime",1454,"1993-10-06","Pelle Berglund"
tt0110860,6,2019-05-28,"Polismördaren","Polismördaren",https://www.imdb.com/title/tt0110860,Movie,5.8,89,1994,"Mystery, Drama, Thriller, Crime",1276,"1994-01-12","Peter Keglevic"
tt0107989,6,2019-05-27,"Roseanna","Roseanna",https://www.imdb.com/title/tt0107989,Movie,6.2,95,1993,"Crime, Drama, Thriller",1480,"1993-10-06","Daniel Alfredson"
tt0107511,6,2019-05-27,"Mannen på balkongen","Mannen på balkongen",https://www.imdb.com/title/tt0107511,Movie,6.2,91,1993,"Drama, Mystery, Thriller, Crime",1566,"1993-11-26","Daniel Alfredson"
tt0106476,6,2019-05-27,"Brandbilen som försvann","Brandbilen som försvann",https://www.imdb.com/title/tt0106476,Movie,5.9,90,1993,"Drama, Crime, Thriller",1573,"1993-07-02","Hajo Gies"
tt0099088,5,2019-05-09,"Tillbaka till framtiden del III","Back to the Future Part III",https://www.imdb.com/title/tt0099088,Movie,7.5,118,1990,"Adventure, Sci-Fi, Comedy, Western",527260,"1990-07-09","Robert Zemeckis"
tt0096874,6,2019-05-09,"Tillbaka till framtiden del II","Back to the Future Part II",https://www.imdb.com/title/tt0096874,Movie,7.8,108,1989,"Adventure, Sci-Fi, Comedy",630541,"1989-12-22","Robert Zemeckis"
tt7043012,6,2019-05-08,"Velvet Buzzsaw","Velvet Buzzsaw",https://www.imdb.com/title/tt7043012,Movie,5.7,113,2019,"Thriller, Horror, Mystery",69457,"2019-02-01","Dan Gilroy"
tt0086250,7,2019-05-08,"Scarface","Scarface",https://www.imdb.com/title/tt0086250,Movie,8.3,170,1983,"Crime, Drama",1036973,"1984-03-23","Brian De Palma"
tt8106596,7,2019-05-08,"White Tide: The Legend of Culebra","White Tide: The Legend of Culebra",https://www.imdb.com/title/tt8106596,Movie,6.4,83,2018,"Documentary",3696,"2019-03-29","Theo Love"
tt2338454,5,2019-05-07,"Unicorn Store","Unicorn Store",https://www.imdb.com/title/tt2338454,Movie,5.6,92,2017,"Comedy, Drama, Fantasy",21669,"2019-04-05","Brie Larson"
tt9239888,5,2019-05-07,"Den obarmhärtige","Lo spietato",https://www.imdb.com/title/tt9239888,Movie,6.2,111,2019,"Crime, Drama",7584,"2019-04-20","Renato De Maria"
tt0107507,6,2019-05-06,"Manhattan Murder Mystery","Manhattan Murder Mystery",https://www.imdb.com/title/tt0107507,Movie,7.3,104,1993,"Mystery, Comedy",50236,"1993-09-10","Woody Allen"
tt1213663,7,2019-05-06,"The World's End","The World's End",https://www.imdb.com/title/tt1213663,Movie,6.9,109,2013,"Comedy, Sci-Fi, Action",315445,"2013-10-09","Edgar Wright"
tt0087469,6,2019-04-19,"Indiana Jones och de fördömdas tempel","Indiana Jones and the Temple of Doom",https://www.imdb.com/title/tt0087469,Movie,7.5,118,1984,"Adventure, Action",574529,"1984-07-13","Steven Spielberg"
tt2529170,8,2019-04-12,"Mark Knopfler: A Life in Songs","Mark Knopfler: A Life in Songs",https://www.imdb.com/title/tt2529170,TV Movie,8.1,60,2011,"Documentary, Music",62,"2011-01-28","Bob Smeaton"
tt10117896,8,2019-04-09,"Keyyo med Rheborg i Ryssland","Keyyo med Rheborg i Ryssland",https://www.imdb.com/title/tt10117896,TV Series,7.2,,2019,"Reality-TV",40,"2019-04-04",
tt7371896,7,2019-04-03,"Traitors","Traitors",https://www.imdb.com/title/tt7371896,TV Series,6.6,60,2019,"Thriller, History",4385,"2019-04-05",
tt5664952,7,2019-04-02,"Trust","Trust",https://www.imdb.com/title/tt5664952,TV Series,7.5,60,2018,"Crime, Drama, Biography",9228,"2018-03-26",
tt9879074,6,2019-04-01,"Fallet Madeleine McCann","The Disappearance of Madeleine McCann",https://www.imdb.com/title/tt9879074,TV Mini Series,6.6,60,2019,"Documentary, Crime, Mystery",12494,"2019-03-15",
tt9561862,5,2019-04-01,"Love, Death & Robots","Love, Death & Robots",https://www.imdb.com/title/tt9561862,TV Series,8.4,15,2019,"Animation, Short, Comedy, Fantasy, Horror, Sci-Fi, Action, Adventure, Drama, Mystery, Thriller",232994,"2019-03-15",
tt1860242,6,2019-03-30,"The Highwaymen","The Highwaymen",https://www.imdb.com/title/tt1860242,Movie,6.9,132,2019,"Drama, Crime, Mystery, Thriller, Biography, Western",115301,"2019-03-29","John Lee Hancock"
tt4003440,7,2019-03-24,"The House That Jack Built","The House That Jack Built",https://www.imdb.com/title/tt4003440,Movie,6.8,152,2018,"Drama, Horror, Crime",108231,"2019-03-15","Lars von Trier"
tt1517451,7,2019-03-16,"A Star Is Born","A Star Is Born",https://www.imdb.com/title/tt1517451,Movie,7.6,136,2018,"Drama, Romance, Music",453503,"2018-10-05","Bradley Cooper"
tt0411008,8,2019-03-13,"Lost","Lost",https://www.imdb.com/title/tt0411008,TV Series,8.3,45,2004,"Drama, Mystery, Adventure, Thriller, Sci-Fi, Fantasy",683394,"2005-02-02",
tt7520794,8,2019-02-24,"Russian Doll","Russian Doll",https://www.imdb.com/title/tt7520794,TV Series,7.7,30,2019,"Comedy, Drama, Mystery",117375,"2019-02-01",
tt6903284,7,2019-02-18,"Nightflyers","Nightflyers",https://www.imdb.com/title/tt6903284,TV Series,5.8,60,2018,"Sci-Fi, Horror, Drama, Mystery, Thriller",14812,"2019-02-01",
tt4139588,5,2019-02-17,"Polar","Polar",https://www.imdb.com/title/tt4139588,Movie,6.3,118,2019,"Action, Thriller, Crime",108777,"2019-01-25","Jonas Åkerlund"
tt2861424,7,2019-02-04,"Rick and Morty","Rick and Morty",https://www.imdb.com/title/tt2861424,TV Series,9.0,23,2013,"Animation, Adventure, Comedy, Sci-Fi",714601,"2016-04-03",
tt8235236,7,2019-02-03,"Paradise PD","Paradise PD",https://www.imdb.com/title/tt8235236,TV Series,6.8,28,2018,"Animation, Comedy, Crime, Action",24379,"2021-03-12",
tt0120324,7,2019-02-02,"En enkel plan","A Simple Plan",https://www.imdb.com/title/tt0120324,Movie,7.5,121,1998,"Crime, Drama, Thriller",85218,"1999-04-16","Sam Raimi"
tt5362988,7,2019-01-29,"Wind River","Wind River",https://www.imdb.com/title/tt5362988,Movie,7.7,107,2017,"Thriller, Crime, Mystery, Drama, Western",321176,"2018-01-12","Taylor Sheridan"
tt9412098,7,2019-01-29,"Fyre","Fyre",https://www.imdb.com/title/tt9412098,Movie,7.2,97,2019,"Documentary, Music, Crime",54985,"2019-01-18","Chris Smith"
tt5536610,7,2019-01-29,"Private Life","Private Life",https://www.imdb.com/title/tt5536610,Movie,7.2,123,2018,"Drama, Comedy",24041,"2018-10-05","Tamara Jenkins"
tt0243133,7,2019-01-27,"The Man Who Wasn't There","The Man Who Wasn't There",https://www.imdb.com/title/tt0243133,Movie,7.5,116,2001,"Crime, Drama",121378,"2002-10-18","Joel Coen,Ethan Coen"
tt0118715,10,2019-01-26,"The Big Lebowski","The Big Lebowski",https://www.imdb.com/title/tt0118715,Movie,8.1,117,1998,"Crime, Comedy",925574,"1998-09-18","Joel Coen,Ethan Coen"
tt0116282,8,2019-01-26,"Fargo","Fargo",https://www.imdb.com/title/tt0116282,Movie,8.1,98,1996,"Drama, Thriller, Crime",798982,"1996-11-15","Joel Coen,Ethan Coen"
tt0110074,6,2019-01-26,"Strebern","The Hudsucker Proxy",https://www.imdb.com/title/tt0110074,Movie,7.2,111,1994,"Fantasy, Drama, Comedy",91034,"1994-08-19","Joel Coen,Ethan Coen"
tt1272007,7,2019-01-26,"The Coen Brothers","The Coen Brothers",https://www.imdb.com/title/tt1272007,TV Movie,8.2,41,2000,"Documentary",296,"2000-11-01","Sarah Aspinall"
tt6412452,6,2019-01-26,"The Ballad of Buster Scruggs","The Ballad of Buster Scruggs",https://www.imdb.com/title/tt6412452,Movie,7.2,133,2018,"Musical, Western, Comedy, Drama, Mystery",187442,"2018-11-16","Ethan Coen,Joel Coen"
tt3750872,7,2019-01-25,"The Wife","The Wife",https://www.imdb.com/title/tt3750872,Movie,7.2,99,2017,"Drama",45386,"2018-12-07","Björn Runge"
tt2873282,6,2019-01-21,"Red Sparrow","Red Sparrow",https://www.imdb.com/title/tt2873282,Movie,6.6,140,2018,"Thriller, Drama, Mystery",220017,"2018-03-02","Francis Lawrence"
tt0061556,5,2019-01-20,"Spionen måste dö","The Deadly Affair",https://www.imdb.com/title/tt0061556,Movie,6.7,115,1967,"Drama, Romance, Crime, Mystery, Thriller",4805,"1967-05-04","Sidney Lumet"
tt0071141,6,2019-01-18,"Rädsla urholkar själen","Angst essen Seele auf",https://www.imdb.com/title/tt0071141,Movie,8.0,93,1974,"Drama, Romance",26376,"1977-04-18","Rainer Werner Fassbinder"
tt2798920,8,2019-01-17,"Annihilation","Annihilation",https://www.imdb.com/title/tt2798920,Movie,6.8,115,2018,"Sci-Fi, Thriller, Drama, Mystery, Adventure, Horror",399098,"2018-03-12","Alex Garland"
tt0328962,6,2019-01-17,"Comedian","Comedian",https://www.imdb.com/title/tt0328962,Movie,6.9,82,2002,"Documentary, Comedy",7510,"2003-07","Christian Charles"
tt5304992,6,2019-01-16,"Set It Up","Set It Up",https://www.imdb.com/title/tt5304992,Movie,6.5,105,2018,"Comedy, Romance",78113,"2018-06-15","Claire Scanlon"
tt2582782,7,2019-01-16,"Hell or High Water","Hell or High Water",https://www.imdb.com/title/tt2582782,Movie,7.6,102,2016,"Crime, Drama, Thriller, Western",282371,"2016-11-25","David Mackenzie"
tt7349662,7,2019-01-16,"BlacKkKlansman","BlacKkKlansman",https://www.imdb.com/title/tt7349662,Movie,7.5,135,2018,"Biography, Crime, Drama, Comedy, Thriller",317865,"2018-09-07","Spike Lee"
tt1386691,7,2019-01-16,"Shimmer Lake","Shimmer Lake",https://www.imdb.com/title/tt1386691,Movie,6.3,86,2017,"Crime, Drama, Mystery, Thriller, Action, Horror, Romance, Comedy",18063,"2017-06-09","Oren Uziel"
tt5774450,5,2019-01-15,"Summer of 84","Summer of 84",https://www.imdb.com/title/tt5774450,Movie,6.7,105,2018,"Thriller, Horror, Mystery, Crime, Drama",52300,"2018-08-10","François Simard,Anouk Whissell,Yoann-Karl Whissell"
tt7563270,5,2019-01-15,"Sweetbitter","Sweetbitter",https://www.imdb.com/title/tt7563270,TV Series,7.0,30,2018,"Drama, Comedy",6122,"2018-07-29",
tt6155172,7,2019-01-13,"Roma","Roma",https://www.imdb.com/title/tt6155172,Movie,7.6,135,2018,"Drama",179960,"2018-12-07","Alfonso Cuarón"
tt9495224,5,2019-01-12,"Black Mirror: Bandersnatch","Black Mirror: Bandersnatch",https://www.imdb.com/title/tt9495224,Movie,7.1,90,2018,"Drama, Thriller, Mystery, Sci-Fi, Fantasy",144066,"2018-12-29","David Slade"
tt5727282,7,2019-01-04,"Borg","Borg",https://www.imdb.com/title/tt5727282,Movie,6.9,107,2017,"Drama, Sport, Biography",36830,"2017-09-08","Janus Metz"
tt4669264,7,2019-01-04,"Beirut","Beirut",https://www.imdb.com/title/tt4669264,Movie,6.5,109,2018,"Thriller, Drama, Action, Adventure, Crime, Mystery",27284,"2018-04-11","Brad Anderson"
tt1266020,7,2018-12-30,"Parks and Recreation","Parks and Recreation",https://www.imdb.com/title/tt1266020,TV Series,8.6,22,2009,"Comedy",319908,"2019-02-03",
tt9078908,6,2018-12-29,"Murder Mountain","Murder Mountain",https://www.imdb.com/title/tt9078908,TV Mini Series,6.8,43,2018,"Documentary, Crime",3845,"2018-09-23",
tt7335184,7,2018-12-29,"You","You",https://www.imdb.com/title/tt7335184,TV Series,7.6,45,2018,"Drama, Crime, Thriller, Romance",376668,"2018-12-26",
tt3521126,7,2018-12-28,"The Disaster Artist","The Disaster Artist",https://www.imdb.com/title/tt3521126,Movie,7.3,104,2017,"Comedy, Drama, Biography",173234,"2018-02-09","James Franco"
tt5247022,7,2018-12-27,"Paterson","Paterson",https://www.imdb.com/title/tt5247022,Movie,7.3,118,2016,"Drama, Comedy, Romance",96694,"2017-01-06","Jim Jarmusch"
tt4686844,7,2018-12-27,"The Death of Stalin","The Death of Stalin",https://www.imdb.com/title/tt4686844,Movie,7.3,107,2017,"Comedy, History, Drama",128584,"2018-02-09","Armando Iannucci"
tt0087677,7,2018-12-24,"Mannen från Mallorca","Mannen från Mallorca",https://www.imdb.com/title/tt0087677,Movie,6.9,106,1984,"Action, Thriller, Crime",3078,"1984-10-12","Bo Widerberg"
tt7493974,8,2018-12-23,"Bodyguard","Bodyguard",https://www.imdb.com/title/tt7493974,TV Mini Series,8.0,60,2018,"Thriller, Crime, Drama, Mystery",173730,"2018-10-24",
tt0269410,3,2018-12-21,"Jönssonligan spelar högt","Jönssonligan spelar högt",https://www.imdb.com/title/tt0269410,Movie,4.6,92,2000,"Crime, Comedy",2079,"2000-12-25","Tomas Ryberger"
tt0113510,5,2018-12-21,"Jönssonligans största kupp","Jönssonligans största kupp",https://www.imdb.com/title/tt0113510,Movie,5.0,99,1995,"Crime, Comedy",2639,"1995-02-03","Hans Åke Gabrielsson"
tt0104581,6,2018-12-21,"Jönssonligan & den svarta diamanten","Jönssonligan & den svarta diamanten",https://www.imdb.com/title/tt0104581,Movie,5.6,104,1992,"Crime, Comedy",3433,"1992-10-30","Hans Åke Gabrielsson"
tt0091314,8,2018-12-21,"Jönssonligan dyker upp igen","Jönssonligan dyker upp igen",https://www.imdb.com/title/tt0091314,Movie,6.2,88,1986,"Comedy",4361,"1986-10-24","Mikael Ekman"
tt0090115,7,2018-12-21,"Sällskapsresan II - Snowroller","Sällskapsresan II - Snowroller",https://www.imdb.com/title/tt0090115,Movie,6.7,91,1985,"Comedy",8041,"1985-10-04","Lasse Åberg"
tt6304452,7,2018-12-21,"Uncharted: The Lost Legacy","Uncharted: The Lost Legacy",https://www.imdb.com/title/tt6304452,Video Game,8.4,,2017,"Action, Adventure, Thriller",11797,"2017-08-22","Shaun Escayg,Kurt Margenau"
tt2467372,8,2018-12-17,"Brooklyn Nine-Nine","Brooklyn Nine-Nine",https://www.imdb.com/title/tt2467372,TV Series,8.4,22,2013,"Comedy, Crime",424802,"2014-01-06",
tt0058586,7,2018-12-17,"Skott i mörkret","A Shot in the Dark",https://www.imdb.com/title/tt0058586,Movie,7.3,102,1964,"Crime, Mystery, Comedy",34465,"1965-01-29","Blake Edwards"
tt7440620,6,2018-12-15,"Gordon on Cocaine","Gordon on Cocaine",https://www.imdb.com/title/tt7440620,TV Series,7.1,60,2017,"Documentary",399,"2018-11-11",
tt9107368,8,2018-12-15,"Bob Lazar: Area 51 & Flying Saucers","Bob Lazar: Area 51 & Flying Saucers",https://www.imdb.com/title/tt9107368,Movie,5.7,97,2018,"Documentary",7042,"2018-12-04","Jeremy Kenyon Lockyer Corbell"
tt1213641,6,2018-12-14,"First Man","First Man",https://www.imdb.com/title/tt1213641,Movie,7.3,141,2018,"Drama, Biography, History",219943,"2018-10-12","Damien Chazelle"
tt7598448,7,2018-12-14,"The Little Drummer Girl","The Little Drummer Girl",https://www.imdb.com/title/tt7598448,TV Mini Series,7.4,57,2018,"Drama, Thriller",17959,"2018-12-13",
tt0084189,7,2018-12-08,"Jönssonligan & DynamitHarry","Jönssonligan & DynamitHarry",https://www.imdb.com/title/tt0084189,Movie,6.2,106,1982,"Comedy",4671,"1982-09-17","Mikael Ekman"
tt2406566,4,2018-10-22,"Atomic Blonde","Atomic Blonde",https://www.imdb.com/title/tt2406566,Movie,6.7,115,2017,"Thriller, Action, Adventure",222515,"2017-07-28","David Leitch"
tt5566790,7,2018-10-22,"A Futile and Stupid Gesture","A Futile and Stupid Gesture",https://www.imdb.com/title/tt5566790,Movie,6.7,101,2018,"Biography, Comedy",19068,"2018-01-26","David Wain"
tt3691446,7,2018-10-22,"Sarajevo","Sarajevo",https://www.imdb.com/title/tt3691446,TV Movie,6.7,98,2014,"Drama, History, War",3023,"2015-03-22","Andreas Prochaska,Kurt Mündl"
tt5968274,8,2018-10-21,"The Angel","The Angel",https://www.imdb.com/title/tt5968274,Movie,6.7,114,2018,"Drama, Thriller, Biography, Action",16806,"2018-09-14","Ariel Vromen"
tt5208252,5,2018-10-21,"Operation Finale","Operation Finale",https://www.imdb.com/title/tt5208252,Movie,6.6,122,2018,"Drama, Thriller, Biography, History, War",55028,"2018-10-03","Chris Weitz"
tt3457508,5,2018-10-12,"Damascus Cover","Damascus Cover",https://www.imdb.com/title/tt3457508,Movie,5.3,93,2017,"Thriller, Mystery",3493,"2018-10-01","Daniel Zelik Berk"
tt5580146,9,2018-09-24,"Maniac","Maniac",https://www.imdb.com/title/tt5580146,TV Mini Series,7.6,40,2018,"Comedy, Drama, Sci-Fi",94190,"2018-09-21",
tt6510950,5,2018-09-07,"Condor","Condor",https://www.imdb.com/title/tt6510950,TV Series,7.7,60,2018,"Thriller, Action, Drama",21071,"2021-03-16",
tt2488496,4,2018-08-30,"Star Wars: The Force Awakens","Star Wars: Episode VII - The Force Awakens",https://www.imdb.com/title/tt2488496,Movie,7.7,138,2015,"Sci-Fi, Action, Adventure",1036517,"2015-12-16","J.J. Abrams"
tt2527336,4,2018-08-30,"Star Wars: The Last Jedi","Star Wars: Episode VIII - The Last Jedi",https://www.imdb.com/title/tt2527336,Movie,6.8,152,2017,"Sci-Fi, Action, Adventure, Fantasy",728069,"2017-12-13","Rian Johnson"
tt5363918,5,2018-08-20,"Disenchantment","Disenchantment",https://www.imdb.com/title/tt5363918,TV Series,7.2,30,2018,"Animation, Comedy, Fantasy, Adventure, Action, Horror, Romance, Sci-Fi",81387,"2018-08-17",
tt0436697,7,2018-08-11,"The Queen","The Queen",https://www.imdb.com/title/tt0436697,Movie,7.3,103,2006,"Biography, Drama",120309,"2007-02-02","Stephen Frears"
tt4367560,8,2018-08-06,"Au service de la France","Au service de la France",https://www.imdb.com/title/tt4367560,TV Series,7.8,26,2015,"Comedy",4173,"2018-07-30",
tt5810860,4,2018-07-01,"Sjölyckan","Sjölyckan",https://www.imdb.com/title/tt5810860,TV Series,6.5,22,2018,"Comedy",685,"2018-04-06",
tt4354880,7,2018-06-22,"Mr. Mercedes","Mr. Mercedes",https://www.imdb.com/title/tt4354880,TV Series,7.6,60,2017,"Thriller, Mystery, Sci-Fi, Crime, Drama",41167,"2018-07-04",
tt8106552,7,2018-06-12,"The Fourth Estate","The Fourth Estate",https://www.imdb.com/title/tt8106552,TV Mini Series,7.6,60,2018,"Documentary, History",859,"2018-05-27",
tt4881806,6,2018-06-10,"Jurassic World: Fallen Kingdom","Jurassic World: Fallen Kingdom",https://www.imdb.com/title/tt4881806,Movie,6.2,128,2018,"Action, Adventure, Sci-Fi",388361,"2018-06-08","J.A. Bayona"
tt0061620,6,2018-06-09,"Elvira Madigan","Elvira Madigan",https://www.imdb.com/title/tt0061620,Movie,7.0,91,1967,"Biography, Romance, Drama",3692,"1967-04-24","Bo Widerberg"
tt7024712,7,2018-06-07,"Fifa: en kärlekshistoria","The Fifa Family: A Love Story",https://www.imdb.com/title/tt7024712,Movie,6.3,59,2017,"Documentary",144,"2017-08-27","Niels Borchert Holm"
tt8478098,6,2018-06-04,"A World Cup of Spies","A World Cup of Spies",https://www.imdb.com/title/tt8478098,Movie,6.1,52,2018,"Documentary",38,"2018-06-04","Jon Adelsten,Niels Borchert Holm"
tt3778644,6,2018-06-01,"Solo: A Star Wars Story","Solo: A Star Wars Story",https://www.imdb.com/title/tt3778644,Movie,6.9,135,2018,"Sci-Fi, Action, Adventure",415475,"2018-05-23","Ron Howard"
tt3685236,3,2018-05-28,"Ibiza","Ibiza",https://www.imdb.com/title/tt3685236,Movie,5.2,94,2018,"Comedy, Romance",19531,"2018-05-25","Alex Richanbach"
tt3890160,7,2018-05-28,"Baby Driver","Baby Driver",https://www.imdb.com/title/tt3890160,Movie,7.5,113,2017,"Action, Music, Crime, Drama, Romance, Thriller",696501,"2017-07-26","Edgar Wright"
tt3502172,8,2018-05-20,"Mozart in the Jungle","Mozart in the Jungle",https://www.imdb.com/title/tt3502172,TV Series,8.1,30,2014,"Comedy, Drama, Music",27361,"2015-01-01",
tt5792472,7,2018-05-19,"Take the 10","Take the 10",https://www.imdb.com/title/tt5792472,Movie,4.8,80,2017,"Comedy",3542,"2017-01-20","Chester Tam"
tt3967856,7,2018-05-19,"Okja","Okja",https://www.imdb.com/title/tt3967856,Movie,7.3,120,2017,"Adventure, Sci-Fi, Drama, Action",143485,"2017-06-28","Bong Joon Ho"
tt4181052,4,2018-05-18,"Special Correspondents","Special Correspondents",https://www.imdb.com/title/tt4181052,Movie,5.9,101,2016,"Comedy",27773,"2016-04-29","Ricky Gervais"
tt1291570,6,2018-05-18,"Solace","Solace",https://www.imdb.com/title/tt1291570,Movie,6.4,101,2015,"Mystery, Thriller, Crime, Drama",75232,"2016-12-16","Afonso Poyart"
tt4661798,5,2018-05-18,"Joshy","Joshy",https://www.imdb.com/title/tt4661798,Movie,5.9,93,2016,"Comedy, Drama",4898,"2016-08-12","Jeff Baena"
tt5707802,7,2018-05-16,"Dear White People","Dear White People",https://www.imdb.com/title/tt5707802,TV Series,6.3,30,2017,"Comedy, Drama",27537,"2017-04-28",
tt6466948,4,2018-05-15,"Alex, Inc.","Alex, Inc.",https://www.imdb.com/title/tt6466948,TV Series,5.8,30,2018,"Comedy",2161,"2021-05-14",
tt8342862,8,2018-05-12,"Evil Genius: Bankrånet som chockade USA","Evil Genius: The True Story of America's Most Diabolical Bank Heist",https://www.imdb.com/title/tt8342862,TV Mini Series,7.5,45,2018,"Documentary, Crime",33537,"2018-05-11",
tt2452242,8,2018-05-12,"Happy!","Happy!",https://www.imdb.com/title/tt2452242,TV Series,8.1,60,2017,"Fantasy, Comedy, Crime, Mystery, Thriller, Action",46186,"2018-04-30",
tt0097636,8,2018-05-12,"Jönssonligan på Mallorca","Jönssonligan på Mallorca",https://www.imdb.com/title/tt0097636,Movie,6.0,101,1989,"Crime, Comedy",4510,"1989-11-03","Mikael Ekman"
tt1289401,4,2018-05-12,"Ghostbusters","Ghostbusters",https://www.imdb.com/title/tt1289401,Movie,6.8,117,2016,"Comedy, Sci-Fi, Fantasy, Action",260861,"2016-07-27","Paul Feig"
tt2177771,6,2018-05-11,"The Monuments Men","The Monuments Men",https://www.imdb.com/title/tt2177771,Movie,6.1,118,2014,"Drama, War, Comedy, Biography",149637,"2014-02-14","George Clooney"
tt1634549,6,2018-05-08,"Millennium","Millennium",https://www.imdb.com/title/tt1634549,TV Mini Series,8.3,,2010,"Action, Crime, Mystery, Thriller",11521,"2010-03-20",
tt7539884,7,2018-05-08,"Jack Whitehall: At Large","Jack Whitehall: At Large",https://www.imdb.com/title/tt7539884,TV Special,6.9,67,2017,"Documentary, Comedy",2495,"2017-10-24","Brian Klein"
tt7453996,6,2018-05-08,"Jack Whitehall: Travels with My Father","Jack Whitehall: Travels with My Father",https://www.imdb.com/title/tt7453996,TV Series,7.6,30,2017,"Documentary, Comedy",6409,"2021-09-14",
tt1796960,8,2018-05-06,"Homeland","Homeland",https://www.imdb.com/title/tt1796960,TV Series,8.3,60,2011,"Drama, Mystery, Thriller, Crime",388929,"2011-11-23",
tt5155780,7,2018-05-06,"The Discovery","The Discovery",https://www.imdb.com/title/tt5155780,Movie,6.2,102,2017,"Romance, Sci-Fi, Drama, Thriller",41138,"2017-03-31","Charlie McDowell"
tt5717492,5,2018-05-06,"Small Crimes","Small Crimes",https://www.imdb.com/title/tt5717492,Movie,5.8,95,2017,"Thriller, Crime, Drama",9552,"2017-04-28","E.L. Katz"
tt7357302,7,2018-05-05,"Avicii: True Stories","Avicii: True Stories",https://www.imdb.com/title/tt7357302,Movie,7.6,97,2017,"Documentary, Music, Biography",7408,"2017-10-26","Levan Tsikurishvili"
tt6688136,4,2018-05-05,"Expedition Happiness","Expedition Happiness",https://www.imdb.com/title/tt6688136,Movie,5.9,95,2017,"Documentary",4960,"2017-05-04","Felix Starck"
tt4973548,8,2018-05-04,"Flaked","Flaked",https://www.imdb.com/title/tt4973548,TV Series,7.2,30,2016,"Comedy, Drama, Romance",13224,"2017-06-02",
tt1671513,9,2018-05-01,"Systemfel som hotar världen","Four Horsemen",https://www.imdb.com/title/tt1671513,Movie,7.7,97,2012,"Documentary, News",3015,"2012-03-14","Ross Ashcroft"
tt2962984,8,2018-04-30,"Girlfriend's Day","Girlfriend's Day",https://www.imdb.com/title/tt2962984,Movie,5.2,65,2017,"Comedy, Drama",5672,"2017-02-14","Michael Paul Stephenson"
tt2345759,6,2018-04-30,"The Mummy","The Mummy",https://www.imdb.com/title/tt2345759,Movie,5.4,111,2017,"Action, Adventure, Fantasy, Thriller, Horror",225537,"2017-06-09","Alex Kurtzman"
tt6922036,8,2018-04-29,"Take Me to Pitcairn","Take Me to Pitcairn",https://www.imdb.com/title/tt6922036,Video,7.6,55,2013,"Documentary",87,"2013-05-03","Julian McDonnell"
tt5232792,5,2018-04-22,"Lost in Space","Lost in Space",https://www.imdb.com/title/tt5232792,TV Series,7.3,60,2018,"Sci-Fi, Adventure, Drama, Family, Mystery",114849,"2018-04-13",
tt4604612,7,2018-04-22,"The Alienist","The Alienist",https://www.imdb.com/title/tt4604612,TV Series,7.7,60,2018,"Drama, Mystery, Crime",65248,"2018-04-19",
tt3205802,6,2018-04-19,"How to Get Away with Murder","How to Get Away with Murder",https://www.imdb.com/title/tt3205802,TV Series,8.1,45,2014,"Crime, Drama, Mystery, Thriller",180524,"2014-10-08",
tt4481414,8,2018-04-15,"Gifted","Gifted",https://www.imdb.com/title/tt4481414,Movie,7.6,101,2017,"Drama",162395,"2020-02-23","Marc Webb"
tt5751998,7,2018-04-15,"Small Town Crime","Small Town Crime",https://www.imdb.com/title/tt5751998,Movie,6.6,91,2017,"Thriller, Crime, Mystery, Action, Drama",13428,"2018-01-19","Eshom Nelms,Ian Nelms"
tt0443706,9,2018-04-14,"Zodiac","Zodiac",https://www.imdb.com/title/tt0443706,Movie,7.7,157,2007,"Drama, Thriller, Crime, Mystery",692180,"2007-05-17","David Fincher"
tt4047038,8,2018-04-14,"Dirk Gentlys holistiska detektivbyrå","Dirk Gently's Holistic Detective Agency",https://www.imdb.com/title/tt4047038,TV Series,8.1,60,2016,"Adventure, Sci-Fi, Mystery, Action, Fantasy, Comedy",63619,"2016-12-11",
tt6205862,7,2018-04-07,"Inside Look: The People v. O.J. Simpson - American Crime Story","Inside Look: The People v. O.J. Simpson - American Crime Story",https://www.imdb.com/title/tt6205862,TV Series,8.3,5,2016,"Documentary, Short",27987,"2017-02-14",
tt5503718,5,2018-04-02,"Gypsy","Gypsy",https://www.imdb.com/title/tt5503718,TV Series,6.7,51,2017,"Drama, Thriller",20218,"2017-07-05",
tt7983794,6,2018-04-02,"Operation Odessa","Operation Odessa",https://www.imdb.com/title/tt7983794,Movie,7.7,92,2018,"Documentary, Crime",7257,"2018-04-01","Tiller Russell"
tt1637727,7,2018-03-28,"The Killing","The Killing",https://www.imdb.com/title/tt1637727,TV Series,8.3,45,2011,"Drama, Crime, Mystery, Thriller",135910,"2011-06-30",
tt6729080,8,2018-03-25,"Collateral","Collateral",https://www.imdb.com/title/tt6729080,TV Mini Series,6.8,58,2018,"Drama, Crime, Mystery, Thriller",24547,"2018-03-09",
tt2357547,5,2018-03-24,"Jessica Jones","Jessica Jones",https://www.imdb.com/title/tt2357547,TV Series,7.8,56,2015,"Action, Crime, Drama, Sci-Fi, Thriller",242462,"2015-11-20",
tt0443453,7,2018-03-24,"Borat","Borat: Cultural Learnings of America for Make Benefit Glorious Nation of Kazakhstan",https://www.imdb.com/title/tt0443453,Movie,7.4,84,2006,"Comedy",483910,"2006-11-03","Larry Charles"
tt0889583,6,2018-03-24,"Brüno","Brüno",https://www.imdb.com/title/tt0889583,Movie,5.9,81,2009,"Comedy",159824,"2009-07-10","Larry Charles"
tt2919910,7,2018-03-24,"Whose Line is it Anyway? (USA)","Whose Line Is It Anyway?",https://www.imdb.com/title/tt2919910,TV Series,8.4,22,2013,"Game-Show, Comedy",10604,"2013-07-16",
tt3696720,7,2018-03-24,"Ascension","Ascension",https://www.imdb.com/title/tt3696720,TV Mini Series,7.1,77,2014,"Sci-Fi, Drama",20202,"2014-12-15",
tt4181172,5,2018-03-24,"Shooter","Shooter",https://www.imdb.com/title/tt4181172,TV Series,7.5,60,2016,"Action, Drama",45746,"2017-01-05",
tt7310906,6,2018-03-22,"Jerry Before Seinfeld","Jerry Before Seinfeld",https://www.imdb.com/title/tt7310906,TV Special,7.0,62,2017,"Comedy",6404,"2017-09-19","Michael Bonfiglio"
tt0083511,6,2018-03-19,"48 timmar","48 Hrs.",https://www.imdb.com/title/tt0083511,Movie,6.9,96,1982,"Crime, Drama, Thriller, Comedy, Action",94540,"1983-03-04","Walter Hill"
tt4061080,7,2018-03-18,"Love","Love",https://www.imdb.com/title/tt4061080,TV Series,7.6,50,2016,"Comedy, Romance, Drama",48911,"2018-03-09",
tt5957766,6,2018-03-17,"Loudermilk","Loudermilk",https://www.imdb.com/title/tt5957766,TV Series,7.8,30,2017,"Comedy, Drama",24009,"2021-10-26",
tt1631867,6,2018-03-17,"Edge of Tomorrow","Edge of Tomorrow",https://www.imdb.com/title/tt1631867,Movie,7.9,113,2014,"Action, Sci-Fi, Adventure",817419,"2014-06-05","Doug Liman"
tt0119099,8,2018-03-17,"Ondskans spår","Fallen",https://www.imdb.com/title/tt0119099,Movie,7.0,124,1998,"Crime, Drama, Mystery, Action, Fantasy, Thriller",106103,"1998-01-16","Gregory Hoblit"
tt3253930,6,2018-03-17,"Marshland","La isla mínima",https://www.imdb.com/title/tt3253930,Movie,7.2,105,2014,"Crime, Thriller, Mystery",39565,"2015-09-25","Alberto Rodríguez"
tt1058017,6,2018-03-17,"The Invention of Lying","The Invention of Lying",https://www.imdb.com/title/tt1058017,Movie,6.4,100,2009,"Comedy, Fantasy, Romance",158626,"2009-10-02","Ricky Gervais,Matthew Robinson"
tt0215129,5,2018-03-17,"Road Trip","Road Trip",https://www.imdb.com/title/tt0215129,Movie,6.5,93,2000,"Comedy",190571,"2000-09-29","Todd Phillips"
tt4034228,5,2018-03-17,"Manchester by the Sea","Manchester by the Sea",https://www.imdb.com/title/tt4034228,Movie,7.8,137,2016,"Drama",364192,"2016-12-23","Kenneth Lonergan"
tt0101540,6,2018-03-17,"Cape Fear","Cape Fear",https://www.imdb.com/title/tt0101540,Movie,7.3,128,1991,"Drama, Crime, Thriller",250706,"1992-03-06","Martin Scorsese"
tt3006802,6,2018-03-09,"Outlander","Outlander",https://www.imdb.com/title/tt3006802,TV Series,8.3,60,2014,"Drama, Romance, Fantasy, Adventure",205006,"2016-04-01",
tt4998350,7,2018-03-05,"The Deuce","The Deuce",https://www.imdb.com/title/tt4998350,TV Series,8.0,60,2017,"Drama, Crime, Mystery",36114,"2017-09-11",
tt3647998,6,2018-03-03,"Taboo","Taboo",https://www.imdb.com/title/tt3647998,TV Series,8.3,60,2017,"Drama, Thriller, Mystery",165257,"2017-01-07",
tt4288182,6,2018-03-03,"Atlanta","Atlanta",https://www.imdb.com/title/tt4288182,TV Series,8.6,30,2016,"Comedy, Drama, Music",100301,"2021-03-19",
tt4643084,7,2018-03-02,"Counterpart","Counterpart",https://www.imdb.com/title/tt4643084,TV Series,8.0,60,2017,"Drama, Sci-Fi, Thriller",35199,"2021-03-16",
tt3230854,7,2018-02-28,"The Expanse","The Expanse",https://www.imdb.com/title/tt3230854,TV Series,8.5,60,2015,"Mystery, Sci-Fi, Drama",195355,"2016-11-03",
tt5691552,6,2018-02-28,"The Orville","The Orville",https://www.imdb.com/title/tt5691552,TV Series,8.0,45,2017,"Comedy, Sci-Fi, Adventure",110977,"2018-02-26",
tt4975856,6,2018-02-27,"Future Man","Future Man",https://www.imdb.com/title/tt4975856,TV Series,7.6,30,2017,"Comedy, Sci-Fi, Action, Adventure, Fantasy",34470,"2017-11-14",
tt0140352,7,2018-02-26,"Insider","The Insider",https://www.imdb.com/title/tt0140352,Movie,7.8,157,1999,"Biography, History, Drama, Thriller",193634,"2000-02-11","Michael Mann"
tt2005374,6,2018-02-25,"The Frozen Ground","The Frozen Ground",https://www.imdb.com/title/tt2005374,Movie,6.4,105,2013,"Thriller, Crime, Drama, Biography, Mystery",73379,"2013-07-19","Scott Walker"
tt0278504,6,2018-02-25,"Insomnia","Insomnia",https://www.imdb.com/title/tt0278504,Movie,7.2,118,2002,"Mystery, Drama, Thriller",352520,"2002-09-13","Christopher Nolan"
tt5027774,9,2018-02-25,"Three Billboards Outside Ebbing, Missouri","Three Billboards Outside Ebbing, Missouri",https://www.imdb.com/title/tt5027774,Movie,8.1,115,2017,"Crime, Drama, Comedy",617170,"2018-01-12","Martin McDonagh"
tt0356150,5,2018-02-23,"Eurotrip","EuroTrip",https://www.imdb.com/title/tt0356150,Movie,6.6,92,2004,"Comedy",248110,"2004-05-14","Jeff Schaffer,Alec Berg,David Mandel"
tt0359950,7,2018-02-23,"The Secret Life of Walter Mitty","The Secret Life of Walter Mitty",https://www.imdb.com/title/tt0359950,Movie,7.3,114,2013,"Drama, Fantasy, Romance, Adventure, Comedy",378396,"2014-01-24","Ben Stiller"
tt1231583,6,2018-02-23,"Due Date","Due Date",https://www.imdb.com/title/tt1231583,Movie,6.5,95,2010,"Comedy, Drama",375678,"2010-11-03","Todd Phillips"
tt1645170,6,2018-02-23,"The Dictator","The Dictator",https://www.imdb.com/title/tt1645170,Movie,6.5,83,2012,"Comedy",373571,"2012-05-16","Larry Charles"
tt0045152,7,2018-02-23,"Singin' in the Rain","Singin' in the Rain",https://www.imdb.com/title/tt0045152,Movie,8.3,103,1952,"Musical, Comedy, Romance",286312,"1952-09-29","Stanley Donen,Gene Kelly"
tt0112573,7,2018-02-23,"Braveheart","Braveheart",https://www.imdb.com/title/tt0112573,Movie,8.3,178,1995,"Drama, War",1173726,"1995-09-01","Mel Gibson"
tt0119698,5,2018-02-23,"Prinsessan Mononoke","Mononoke-hime",https://www.imdb.com/title/tt0119698,Movie,8.3,133,1997,"Animation, Adventure, Fantasy",492017,"2011-10-28","Hayao Miyazaki"
tt0114367,7,2018-02-20,"Screamers","Screamers",https://www.imdb.com/title/tt0114367,Movie,6.3,108,1995,"Thriller, Horror, Sci-Fi",32150,"1996-11-30","Christian Duguay"
tt3155328,6,2018-02-20,"Win It All","Win It All",https://www.imdb.com/title/tt3155328,Movie,6.2,88,2017,"Comedy",10551,"2017-04-07","Joe Swanberg"
tt0478311,6,2018-02-20,"På smällen","Knocked Up",https://www.imdb.com/title/tt0478311,Movie,6.9,129,2007,"Comedy, Romance",403174,"2007-08-17","Judd Apatow"
tt1470023,5,2018-02-20,"MacGruber","MacGruber",https://www.imdb.com/title/tt1470023,Movie,5.6,90,2010,"Comedy, Action",50675,"2010-05-21","Jorma Taccone"
tt1231587,7,2018-02-20,"Hot Tub Time Machine","Hot Tub Time Machine",https://www.imdb.com/title/tt1231587,Movie,6.4,99,2010,"Comedy, Sci-Fi",200150,"2010-03-26","Steve Pink"
tt0108778,4,2018-02-18,"Vänner","Friends",https://www.imdb.com/title/tt0108778,TV Series,8.8,22,1994,"Romance, Comedy",1209922,"1995-09-11",
tt0121955,6,2018-02-18,"South Park","South Park",https://www.imdb.com/title/tt0121955,TV Series,8.7,22,1997,"Animation, Comedy",449921,"1997-08-13",
tt5834204,6,2018-02-18,"The Handmaid's Tale","The Handmaid's Tale",https://www.imdb.com/title/tt5834204,TV Series,8.3,60,2017,"Drama, Thriller, Sci-Fi",305561,"2018-04-22",
tt2306299,6,2018-02-18,"Vikings","Vikings",https://www.imdb.com/title/tt2306299,TV Series,8.5,45,2013,"Action, Drama, History, War, Adventure",651140,"2013-10-03",
tt4093826,8,2018-02-18,"Twin Peaks","Twin Peaks",https://www.imdb.com/title/tt4093826,TV Series,8.5,60,2017,"Crime, Drama, Mystery, Horror",92068,"2017-05-22",
tt0163507,7,2018-02-18,"Whose Line Is It Anyway?","Whose Line Is It Anyway?",https://www.imdb.com/title/tt0163507,TV Series,8.5,30,1998,"Game-Show, Comedy",49638,"1998-08-05",
tt2870708,4,2018-02-18,"Wish I Was Here","Wish I Was Here",https://www.imdb.com/title/tt2870708,Movie,6.6,106,2014,"Comedy, Drama",39926,"2014-10-17","Zach Braff"
tt3821142,7,2018-02-18,"Secrets of Britain: Secrets of Her Majesty's Secret Service","Secrets of Britain: Secrets of Her Majesty's Secret Service",https://www.imdb.com/title/tt3821142,TV Episode,6.6,54,2014,"Documentary, History",370,"2014-06-04",
tt1606392,6,2018-02-18,"Win Win","Win Win",https://www.imdb.com/title/tt1606392,Movie,7.1,106,2011,"Comedy, Drama, Sport",56469,"2011-11-11","Tom McCarthy"
tt4193400,8,2018-02-17,"Der Staat gegen Fritz Bauer","Der Staat gegen Fritz Bauer",https://www.imdb.com/title/tt4193400,Movie,7.1,105,2015,"Drama, Biography, Thriller",6468,"2015-10-01","Lars Kraume"
tt1227926,6,2018-02-17,"Dr. Horrible's Sing-Along Blog","Dr. Horrible's Sing-Along Blog",https://www.imdb.com/title/tt1227926,TV Mini Series,8.4,42,2008,"Musical, Short, Comedy, Sci-Fi",45218,"2008-07-15",
tt3285022,9,2018-02-16,"Nova: Cold Case JFK","Nova: Cold Case JFK",https://www.imdb.com/title/tt3285022,TV Episode,6.9,53,2013,"Documentary",256,"2013-11-13","Rushmore DeNooyer"
tt0384766,6,2018-02-14,"Rome","Rome",https://www.imdb.com/title/tt0384766,TV Series,8.7,60,2005,"Action, Drama, War, Romance",207559,"2006-07-07",
tt2189461,7,2018-02-14,"Marco Polo","Marco Polo",https://www.imdb.com/title/tt2189461,TV Series,7.9,60,2014,"Adventure, Drama, History, Action",84946,"2014-12-12",
tt7214762,8,2018-02-11,"Jim och Andy","Jim & Andy: The Great Beyond - Featuring a Very Special, Contractually Obligated Mention of Tony Clifton",https://www.imdb.com/title/tt7214762,Movie,7.6,94,2017,"Documentary",29214,"2017-11-17","Chris Smith"
tt2261227,7,2018-02-10,"Altered Carbon","Altered Carbon",https://www.imdb.com/title/tt2261227,TV Series,7.9,60,2018,"Sci-Fi, Drama, Action, Adventure",204543,"2018-02-02",
tt1439629,8,2018-01-29,"Community","Community",https://www.imdb.com/title/tt1439629,TV Series,8.5,22,2009,"Comedy",315060,"2010-02-08",
tt0087755,5,2018-01-29,"Mupparna på Manhattan","The Muppets Take Manhattan",https://www.imdb.com/title/tt0087755,Movie,6.9,94,1984,"Musical, Romance, Drama, Adventure, Family, Comedy",24534,"1984-12-22","Frank Oz,Steve Gomer"
tt5071412,7,2018-01-29,"Ozark","Ozark",https://www.imdb.com/title/tt5071412,TV Series,8.4,60,2017,"Drama, Crime, Thriller",400316,"2017-07-21",
tt5290382,7,2018-01-26,"Mindhunter","Mindhunter",https://www.imdb.com/title/tt5290382,TV Series,8.6,60,2017,"Thriller, Crime, Drama, Mystery",407198,"2017-10-13",
tt2356777,9,2018-01-25,"True Detective","True Detective",https://www.imdb.com/title/tt2356777,TV Series,8.8,60,2014,"Crime, Drama, Mystery, Thriller",773414,"2015-02-17",
tt7306056,8,2018-01-23,"Wormwood","Wormwood",https://www.imdb.com/title/tt7306056,TV Mini Series,7.0,40,2017,"Biography, Drama",5141,"2017-12-15",
tt5642492,7,2018-01-21,"The Arrow of Time","The Arrow of Time",https://www.imdb.com/title/tt5642492,Movie,6.3,70,2017,"Documentary",72,"2019-02-01","Leila Conners"
tt6204018,7,2018-01-20,"Ted - För kärlekens skull","Ted - För kärlekens skull",https://www.imdb.com/title/tt6204018,Movie,7.0,120,2018,"Biography, Drama, Music",4656,"2018-01-03","Hannes Holm"
tt4798814,6,2018-01-13,"Son of Zorn","Son of Zorn",https://www.imdb.com/title/tt4798814,TV Series,6.8,30,2016,"Animation, Comedy, Fantasy",5240,"2017-01-09",
tt3896198,6,2018-01-13,"Guardians of the Galaxy Vol. 2","Guardians of the Galaxy Vol.2",https://www.imdb.com/title/tt3896198,Movie,7.6,136,2017,"Action, Sci-Fi, Adventure, Comedy, Fantasy, Music",848593,"2017-04-26","James Gunn"
tt5442430,5,2018-01-12,"Life","Life",https://www.imdb.com/title/tt5442430,Movie,6.6,104,2017,"Sci-Fi, Thriller, Horror",280699,"2017-03-22","Daniel Espinosa"
tt0087527,8,2018-01-08,"Jönssonligan får guldfeber","Jönssonligan får guldfeber",https://www.imdb.com/title/tt0087527,Movie,6.3,101,1984,"Crime, Comedy",4812,"1984-10-19","Mikael Ekman"
tt3783958,8,2018-01-08,"La La Land","La La Land",https://www.imdb.com/title/tt3783958,Movie,8.0,128,2016,"Musical, Comedy, Drama, Romance, Music",780426,"2017-01-27","Damien Chazelle"
tt5753856,8,2017-12-31,"Dark","Dark",https://www.imdb.com/title/tt5753856,TV Series,8.7,60,2017,"Mystery, Crime, Drama, Thriller, Sci-Fi",563914,"2017-12-01",
tt1856101,9,2017-12-20,"Blade Runner 2049","Blade Runner 2049",https://www.imdb.com/title/tt1856101,Movie,8.0,164,2017,"Sci-Fi, Thriller, Action, Drama, Mystery",770648,"2017-10-05","Denis Villeneuve"
tt1808587,5,2017-11-27,"The Stig-Helmer Story","The Stig-Helmer Story",https://www.imdb.com/title/tt1808587,Movie,4.6,100,2011,"Comedy, Drama",2138,"2011-12-25","Lasse Åberg"
tt5711280,6,2017-11-22,"Electric Dreams","Electric Dreams",https://www.imdb.com/title/tt5711280,TV Series,7.2,60,2017,"Sci-Fi, Drama",20624,"2021-01-02",
tt0102004,5,2017-11-22,"Ett tufft jobb","The Hard Way",https://www.imdb.com/title/tt0102004,Movie,6.4,111,1991,"Crime, Comedy, Action",24236,"1991-07-12","John Badham"
tt2043933,6,2017-11-21,"Night Moves","Night Moves",https://www.imdb.com/title/tt2043933,Movie,6.1,112,2013,"Drama, Thriller",17924,"2014-10-17","Kelly Reichardt"
tt2980592,7,2017-11-21,"The Guest","The Guest",https://www.imdb.com/title/tt2980592,Movie,6.7,100,2014,"Thriller, Action, Mystery",115897,"2014-09-05","Adam Wingard"
tt0379725,7,2017-11-04,"Capote","Capote",https://www.imdb.com/title/tt0379725,Movie,7.3,114,2005,"Drama, Crime, Biography, History",150785,"2006-02-24","Bennett Miller"
tt0083276,8,2017-11-04,"Varn!ng för Jönssonligan","Varn!ng för Jönssonligan",https://www.imdb.com/title/tt0083276,Movie,6.4,89,1981,"Crime, Comedy",5019,"1981-12-04","Jonas Cornell"
tt5805752,7,2017-11-03,"Brigsby Bear","Brigsby Bear",https://www.imdb.com/title/tt5805752,Movie,7.3,97,2017,"Drama, Comedy",18986,"2017-09-21","Dave McCary"
tt0096022,8,2017-10-28,"SOS - en segelsällskapsresa","SOS - en segelsällskapsresa",https://www.imdb.com/title/tt0096022,Movie,6.2,104,1988,"Family, Comedy",6012,"1988-12-25","Lasse Åberg"
tt0081590,8,2017-10-28,"Sällskapsresan eller Finns det svenskt kaffe på grisfesten","Sällskapsresan eller Finns det svenskt kaffe på grisfesten",https://www.imdb.com/title/tt0081590,Movie,7.2,107,1980,"Comedy",10064,"1980-08-22","Lasse Åberg"
tt0090108,4,2017-10-28,"Svindlande affärer","Svindlande affärer",https://www.imdb.com/title/tt0090108,Movie,4.7,100,1985,"Crime, Comedy",276,"1985-08-23","Janne Carlsson,Peter Schildt,Jonas Frick"
tt0095159,6,2017-10-28,"En fisk som heter Wanda","A Fish Called Wanda",https://www.imdb.com/title/tt0095159,Movie,7.5,108,1988,"Crime, Comedy",167514,"1989-01-27","Charles Crichton,John Cleese"
tt0125664,7,2017-10-27,"Man on the Moon","Man on the Moon",https://www.imdb.com/title/tt0125664,Movie,7.4,118,1999,"Biography, Drama, Comedy",144373,"2000-03-31","Miloš Forman"
tt5676590,7,2017-10-26,"Back","Back",https://www.imdb.com/title/tt5676590,TV Series,7.3,24,2017,"Comedy, Drama",4491,"2020-05-28",
tt6333060,9,2017-10-15,"Ikaros","Icarus",https://www.imdb.com/title/tt6333060,Movie,7.9,120,2017,"Documentary, Sport",58703,"2017-08-04","Bryan Fogel"
tt1800302,7,2017-10-14,"Gold","Gold",https://www.imdb.com/title/tt1800302,Movie,6.7,120,2016,"Drama, Crime, Biography, Mystery",75115,"2017-03-03","Stephen Gaghan"
tt7428594,7,2017-10-10,"Burêdo rannâ: Burakku auto 2022","Burêdo rannâ: Burakku auto 2022",https://www.imdb.com/title/tt7428594,Video,7.2,15,2017,"Animation, Short, Sci-Fi, Action",10978,"2017-09-26","Shin'ichirō Watanabe"
tt7326248,6,2017-10-10,"Blade Runner: 2036 Nexus Dawn","Blade Runner: 2036 Nexus Dawn",https://www.imdb.com/title/tt7326248,Short,6.9,6,2017,"Short, Sci-Fi, Thriller",9686,"2017-08-30","Luke Scott"
tt7387408,6,2017-10-10,"Blade Runner: 2048 Nowhere to Run","Blade Runner: 2048 Nowhere to Run",https://www.imdb.com/title/tt7387408,Short,6.8,5,2017,"Short, Action, Sci-Fi, Thriller",8578,"2017-09-14","Luke Scott"
tt5462602,7,2017-09-24,"The Big Sick","The Big Sick",https://www.imdb.com/title/tt5462602,Movie,7.5,120,2017,"Comedy, Romance, Drama",151793,"2017-09-15","Michael Showalter"
tt4552118,6,2017-09-24,"Looking","Looking",https://www.imdb.com/title/tt4552118,TV Movie,7.5,85,2016,"Comedy, Drama",11558,"2016-07-23","Andrew Haigh"
tt0072500,6,2017-09-23,"Pang i bygget","Fawlty Towers",https://www.imdb.com/title/tt0072500,TV Series,8.8,30,1975,"Comedy",112521,"1976-07-20",
tt1759761,8,2017-09-20,"Veep","Veep",https://www.imdb.com/title/tt1759761,TV Series,8.4,30,2012,"Comedy",72938,"2013-04-23",
tt0494222,6,2017-09-17,"Eagle vs Shark","Eagle vs Shark",https://www.imdb.com/title/tt0494222,Movie,6.7,93,2007,"Comedy, Romance",27810,"2007-08-30","Taika Waititi"
tt0119229,8,2017-09-17,"Grosse Pointe Blank - Även en lönnmördare behöver en träff ibland","Grosse Pointe Blank",https://www.imdb.com/title/tt0119229,Movie,7.3,107,1997,"Thriller, Action, Romance, Crime, Comedy",106089,"1997-09-12","George Armitage"
tt1706365,6,2017-09-16,"Feeding Frenzy","Feeding Frenzy",https://www.imdb.com/title/tt1706365,Video,6.4,89,2010,"Comedy, Horror",897,"2010","Jay Bauman,Mike Stoklasa"
tt2375659,10,2017-09-15,"The Phantom Menace Review","The Phantom Menace Review",https://www.imdb.com/title/tt2375659,Video,9.4,69,2009,"Comedy",2429,"2009-12-10","Mike Stoklasa"
tt2348531,8,2017-09-15,"Half in the Bag","Half in the Bag",https://www.imdb.com/title/tt2348531,TV Series,9.3,40,2011,"Talk-Show, Comedy",5802,"2011-03-11",
tt3892384,6,2017-09-15,"Space Cop","Space Cop",https://www.imdb.com/title/tt3892384,Video,5.2,102,2016,"Comedy, Action, Sci-Fi",3917,"2016-01-12","Jay Bauman,Mike Stoklasa"
tt1790809,5,2017-09-15,"Pirates of the Caribbean: Salazar's Revenge","Pirates of the Caribbean: Dead Men Tell No Tales",https://www.imdb.com/title/tt1790809,Movie,6.5,129,2017,"Action, Adventure, Fantasy",392562,"2017-05-24","Joachim Rønning,Espen Sandberg"
tt3312100,6,2017-09-05,"The Human Face of Big Data","The Human Face of Big Data",https://www.imdb.com/title/tt3312100,Movie,7.1,56,2014,"Documentary, News",210,"2016-02-24","Sandy Smolan"
tt2551516,6,2017-09-04,"Google and the World Brain","Google and the World Brain",https://www.imdb.com/title/tt2551516,Movie,6.7,90,2013,"Documentary, Drama",972,"2013-04-12","Ben Lewis"
tt1117394,7,2017-09-04,"Transcendent Man","Transcendent Man",https://www.imdb.com/title/tt1117394,Movie,7.1,83,2009,"Documentary",1924,"2011-03-01","Robert Barry Ptolemy"
tt3532216,7,2017-09-03,"American Made","American Made",https://www.imdb.com/title/tt3532216,Movie,7.2,115,2017,"Crime, Action, Comedy, Drama, Thriller",237337,"2017-08-25","Doug Liman"
tt5013056,8,2017-08-28,"Dunkirk","Dunkirk",https://www.imdb.com/title/tt5013056,Movie,7.8,106,2017,"War, Drama, Action, History, Thriller",828953,"2017-07-19","Christopher Nolan"
tt1219827,6,2017-08-22,"Ghost in the Shell","Ghost in the Shell",https://www.imdb.com/title/tt1219827,Movie,6.3,107,2017,"Action, Drama, Sci-Fi, Thriller, Crime, Mystery",241949,"2017-03-31","Rupert Sanders"
tt0947810,6,2017-08-20,"Green Zone","Green Zone",https://www.imdb.com/title/tt0947810,Movie,6.8,115,2010,"Drama, War, Action, Thriller",148828,"2010-03-12","Paul Greengrass"
tt2836376,7,2017-08-19,"Iliza Shlesinger: War Paint","Iliza Shlesinger: War Paint",https://www.imdb.com/title/tt2836376,TV Special,6.6,75,2013,"Comedy",2284,"2017-08-19","Jay Chapman"
tt0455944,6,2017-08-19,"The Equalizer","The Equalizer",https://www.imdb.com/title/tt0455944,Movie,7.3,132,2014,"Thriller, Action, Crime",473216,"2014-09-26","Antoine Fuqua"
tt2461150,4,2017-08-19,"Masterminds","Masterminds",https://www.imdb.com/title/tt2461150,Movie,5.9,95,2016,"Comedy, Crime, Biography",66919,"2016-10-07","Jared Hess"
tt3963816,7,2017-08-18,"Raiders","Marauders",https://www.imdb.com/title/tt3963816,Movie,5.5,107,2016,"Action, Crime, Thriller, Adventure",24997,"2016-07-01","Steven C. Miller"
tt5028002,7,2017-08-15,"StartUp","StartUp",https://www.imdb.com/title/tt5028002,TV Series,7.8,44,2016,"Crime, Thriller",33215,"2016-12-14",
tt1172049,8,2017-08-14,"Demolition","Demolition",https://www.imdb.com/title/tt1172049,Movie,7.0,101,2015,"Drama, Comedy",140273,"2016-04-08","Jean-Marc Vallée"
tt0349903,5,2017-08-14,"Ocean's Twelve","Ocean's Twelve",https://www.imdb.com/title/tt0349903,Movie,6.5,125,2004,"Thriller, Crime",442553,"2004-12-17","Steven Soderbergh"
tt0120735,8,2017-08-13,"Lock, Stock and Two Smoking Barrels","Lock, Stock and Two Smoking Barrels",https://www.imdb.com/title/tt0120735,Movie,8.1,107,1998,"Crime, Comedy",655092,"1999-04-09","Guy Ritchie"
tt3093286,5,2017-08-12,"The American Side","The American Side",https://www.imdb.com/title/tt3093286,Movie,4.9,90,2016,"Mystery, Thriller, Drama",2297,"2016-04-14","Jenna Ricker"
tt1306980,8,2017-08-12,"50/50","50/50",https://www.imdb.com/title/tt1306980,Movie,7.6,100,2011,"Comedy, Drama, Romance",356922,"2012-01-20","Jonathan Levine"
tt2582496,8,2017-08-11,"Me and Earl and the Dying Girl","Me and Earl and the Dying Girl",https://www.imdb.com/title/tt2582496,Movie,7.7,105,2015,"Drama, Comedy",145467,"2015-12-11","Alfonso Gomez-Rejon"
tt0345061,7,2017-08-10,"Code 46","Code 46",https://www.imdb.com/title/tt0345061,Movie,6.1,93,2003,"Drama, Thriller, Sci-Fi, Romance",21893,"2004-09-17","Michael Winterbottom"
tt1465522,7,2017-08-10,"Tucker and Dale vs Evil","Tucker and Dale vs Evil",https://www.imdb.com/title/tt1465522,Movie,7.5,89,2010,"Comedy, Horror",211544,"2010-12-09","Eli Craig"
tt1125849,6,2017-08-05,"The Wrestler","The Wrestler",https://www.imdb.com/title/tt1125849,Movie,7.9,109,2008,"Drama, Sport",332959,"2009-02-06","Darren Aronofsky"
tt1355631,6,2017-07-29,"The Infiltrator","The Infiltrator",https://www.imdb.com/title/tt1355631,Movie,7.0,127,2016,"Crime, Drama, Biography, Thriller",85816,"2016-07-13","Brad Furman"
tt3205376,7,2017-07-09,"Love and Death","Slow West",https://www.imdb.com/title/tt3205376,Movie,6.9,84,2015,"Western, Adventure, Drama, Romance, Thriller",50574,"2015-05-21","John Maclean"
tt1083452,7,2017-07-09,"Eddie the Eagle","Eddie the Eagle",https://www.imdb.com/title/tt1083452,Movie,7.3,106,2015,"Sport, Drama, Biography, Comedy, Adventure, History",108721,"2016-04-01","Dexter Fletcher"
tt1082886,7,2017-07-09,"The Wackness","The Wackness",https://www.imdb.com/title/tt1082886,Movie,6.9,99,2008,"Comedy, Drama, Romance",31875,"2008-11-14","Jonathan Levine"
tt4972062,8,2017-07-08,"Don't Think Twice","Don't Think Twice",https://www.imdb.com/title/tt4972062,Movie,6.7,92,2016,"Comedy, Drama",18821,"2023-03-01","Mike Birbiglia"
tt0985058,5,2017-07-08,"Metropia","Metropia",https://www.imdb.com/title/tt0985058,Movie,6.2,86,2009,"Animation, Sci-Fi, Thriller, Drama, Mystery",8394,"2009-11-27","Tarik Saleh"
tt0091557,6,2017-07-08,"Moskitkusten","The Mosquito Coast",https://www.imdb.com/title/tt0091557,Movie,6.6,117,1986,"Thriller, Drama, Adventure",34068,"1987-02-20","Peter Weir"
tt2316204,6,2017-07-07,"Alien: Covenant","Alien: Covenant",https://www.imdb.com/title/tt2316204,Movie,6.4,122,2017,"Sci-Fi, Thriller, Horror",349707,"2017-05-17","Ridley Scott"
tt0112950,7,2017-07-06,"Empire Records","Empire Records",https://www.imdb.com/title/tt0112950,Movie,6.7,90,1995,"Music, Romance, Drama, Comedy",72088,"1995-10-20","Allan Moyle"
tt1212428,7,2017-07-06,"The Lost City of Z","The Lost City of Z",https://www.imdb.com/title/tt1212428,Movie,6.6,141,2016,"Drama, Biography, Adventure, History",107278,"2017-03-24","James Gray"
tt4513674,7,2017-06-18,"Café Society","Café Society",https://www.imdb.com/title/tt4513674,Movie,6.6,96,2016,"Comedy, Romance, Drama",85325,"2016-10-07","Woody Allen"
tt3203606,8,2017-06-18,"Trumbo","Trumbo",https://www.imdb.com/title/tt3203606,Movie,7.4,124,2015,"Biography, Drama",88097,"2016-02-12","Jay Roach"
tt5833514,8,2017-06-08,"Redneck Brothers","Redneck Brothers",https://www.imdb.com/title/tt5833514,TV Series,8.4,15,2014,"Action",10,"2014-02-27",
tt3631112,7,2017-04-17,"Kvinnan på tåget","The Girl on the Train",https://www.imdb.com/title/tt3631112,Movie,6.5,112,2016,"Thriller, Mystery, Drama, Crime",214136,"2016-11-09","Tate Taylor"
tt1600196,8,2017-04-15,"The Drop","The Drop",https://www.imdb.com/title/tt1600196,Movie,7.0,106,2014,"Crime, Drama, Thriller, Mystery",171738,"2015-02-20","Michaël R. Roskam"
tt1877005,7,2017-03-29,"Moonshiners","Moonshiners",https://www.imdb.com/title/tt1877005,TV Series,6.2,60,2011,"Reality-TV, Comedy",1817,"2014-02-17",
tt2937898,7,2017-02-26,"A Most Violent Year","A Most Violent Year",https://www.imdb.com/title/tt2937898,Movie,6.9,125,2014,"Drama, Crime, Thriller",82426,"2015-04-10","J.C. Chandor"
tt0076752,6,2017-02-26,"Älskade spion","The Spy Who Loved Me",https://www.imdb.com/title/tt0076752,Movie,7.0,125,1977,"Adventure, Thriller, Action",126756,"1977-09-17","Lewis Gilbert"
tt0134847,5,2017-02-25,"Pitch Black","Pitch Black",https://www.imdb.com/title/tt0134847,Movie,7.0,109,2000,"Thriller, Sci-Fi, Horror",266396,"2000-05-12","David Twohy"
tt0822854,5,2017-02-25,"Shooter","Shooter",https://www.imdb.com/title/tt0822854,Movie,7.2,124,2007,"Action, Thriller, Drama",379799,"2007-04-20","Antoine Fuqua"
tt3276924,7,2017-02-25,"Heist","Heist",https://www.imdb.com/title/tt3276924,Movie,6.1,93,2015,"Thriller, Action, Crime, Drama",34770,"2015-11-11","Scott Mann"
tt3640424,6,2017-02-23,"Allied","Allied",https://www.imdb.com/title/tt3640424,Movie,7.1,124,2016,"Drama, Romance, Thriller, War, Action",181859,"2016-11-25","Robert Zemeckis"
tt1295072,7,2017-02-23,"The Trotsky","The Trotsky",https://www.imdb.com/title/tt1295072,Movie,6.7,113,2009,"Comedy, Drama",6565,"2009-09-11","Jacob Tierney"
tt3741834,7,2017-02-23,"Lion","Lion",https://www.imdb.com/title/tt3741834,Movie,8.0,118,2016,"Drama, Biography",269424,"2016-12-25","Garth Davis"
tt2094766,5,2017-02-23,"Assassin's Creed","Assassin's Creed",https://www.imdb.com/title/tt2094766,Movie,5.6,115,2016,"Action, Adventure, Sci-Fi",221310,"2017-01-11","Justin Kurzel"
tt1211837,5,2017-02-23,"Doctor Strange","Doctor Strange",https://www.imdb.com/title/tt1211837,Movie,7.5,115,2016,"Fantasy, Adventure, Action, Sci-Fi",899654,"2016-10-28","Scott Derrickson"
tt1355644,5,2017-02-23,"Passengers","Passengers",https://www.imdb.com/title/tt1355644,Movie,7.0,116,2016,"Sci-Fi, Drama, Thriller, Romance",506366,"2016-12-21","Morten Tyldum"
tt2910274,7,2017-02-19,"Obvious Child","Obvious Child",https://www.imdb.com/title/tt2910274,Movie,6.7,84,2014,"Comedy, Drama, Romance",27317,"2014-06-27","Gillian Robespierre"
tt2319580,6,2017-02-19,"The Grand Seduction","The Grand Seduction",https://www.imdb.com/title/tt2319580,Movie,7.0,113,2013,"Comedy",21323,"2014-05-30","Don McKellar"
tt1954701,8,2017-02-18,"Oh Boy","Oh Boy",https://www.imdb.com/title/tt1954701,Movie,7.3,86,2012,"Drama, Comedy",18420,"2012-11-01","Jan-Ole Gerster"
tt0105793,4,2017-02-17,"Wayne's World","Wayne's World",https://www.imdb.com/title/tt0105793,Movie,7.0,94,1992,"Music, Comedy",183953,"1992-07-10","Penelope Spheeris"
tt0086465,4,2017-02-17,"Ombytta roller","Trading Places",https://www.imdb.com/title/tt0086465,Movie,7.5,116,1983,"Comedy",184882,"1983-09-16","John Landis"
tt0862846,8,2017-02-16,"Sunshine Cleaning","Sunshine Cleaning",https://www.imdb.com/title/tt0862846,Movie,6.8,91,2008,"Comedy, Drama",76517,"2009-04-08","Christine Jeffs"
tt0089118,6,2017-02-10,"F/X - Dödlig effekt","F/X",https://www.imdb.com/title/tt0089118,Movie,6.7,109,1986,"Thriller, Action",25276,"1986-09-05","Robert Mandel"
tt0101846,6,2017-02-10,"FX 2: Livsfarlig illusion","F/X2",https://www.imdb.com/title/tt0101846,Movie,5.9,108,1991,"Thriller, Action",11612,"1991-07-26","Richard Franklin"
tt1065073,7,2017-02-03,"Boyhood","Boyhood",https://www.imdb.com/title/tt1065073,Movie,7.9,165,2014,"Drama, Comedy",384097,"2014-09-26","Richard Linklater"
tt1436562,7,2017-02-02,"Rio","Rio",https://www.imdb.com/title/tt1436562,Movie,6.9,96,2011,"Animation, Adventure, Comedy, Family, Music, Romance",278252,"2011-04-08","Carlos Saldanha"
tt3381008,5,2017-02-02,"Grimsby","Grimsby",https://www.imdb.com/title/tt3381008,Movie,6.2,83,2016,"Comedy, Action, Adventure, Crime",121618,"2016-02-24","Louis Leterrier"
tt2257602,6,2017-01-30,"The Staircase II: The Last Chance","The Staircase II: The Last Chance",https://www.imdb.com/title/tt2257602,Movie,7.4,130,2013,"Documentary, Drama, Crime",2406,"2013-01-30","Jean-Xavier de Lestrade"
tt0388644,7,2017-01-29,"The Staircase","Soupçons",https://www.imdb.com/title/tt0388644,TV Series,7.8,,2004,"Documentary, Crime, Drama",29852,"2005-07-14",
tt1356864,6,2017-01-29,"I'm Still Here","I'm Still Here",https://www.imdb.com/title/tt1356864,Movie,6.1,108,2010,"Music, Comedy, Drama",25101,"2010-12-03","Casey Affleck"
tt4299972,8,2017-01-29,"The Jinx: The Life and Deaths of Robert Durst","The Jinx: The Life and Deaths of Robert Durst",https://www.imdb.com/title/tt4299972,TV Series,8.6,45,2015,"Documentary, Crime, Mystery, Biography",59589,"2021-10-26",
tt2543164,7,2017-01-28,"Arrival","Arrival",https://www.imdb.com/title/tt2543164,Movie,7.9,116,2016,"Sci-Fi, Drama, Mystery",881792,"2016-12-02","Denis Villeneuve"
tt3544112,6,2017-01-27,"Sing Street","Sing Street",https://www.imdb.com/title/tt3544112,Movie,7.9,106,2016,"Musical, Drama, Music, Comedy, Romance",109216,"2016-03-17","John Carney"
tt1441952,6,2017-01-27,"Laxfiske i Jemen","Salmon Fishing in the Yemen",https://www.imdb.com/title/tt1441952,Movie,6.8,107,2011,"Drama, Comedy, Romance",69341,"2012-04-04","Lasse Hallström"
tt0071935,5,2017-01-22,"Täcknamn Odessa","The ODESSA File",https://www.imdb.com/title/tt0071935,Movie,7.0,130,1974,"Drama, Thriller",13678,"1974-12-25","Ronald Neame"
tt2303367,5,2017-01-22,"Dirk Gently","Dirk Gently",https://www.imdb.com/title/tt2303367,TV Series,7.6,58,2010,"Comedy, Crime, Sci-Fi, Mystery",3891,"2010-12-11",
tt0099674,6,2017-01-22,"Gudfadern del III","The Godfather Part III",https://www.imdb.com/title/tt0099674,Movie,7.5,162,1990,"Crime, Drama",461444,"1991-03-15","Francis Ford Coppola"
tt0487831,6,2017-01-22,"IT-supporten","The IT Crowd",https://www.imdb.com/title/tt0487831,TV Series,8.5,25,2006,"Comedy",178086,"2006-09-20",
tt1080585,8,2017-01-08,"Dangerous Days: Making Blade Runner","Dangerous Days: Making Blade Runner",https://www.imdb.com/title/tt1080585,Video,8.2,214,2007,"Documentary",2234,"2007-12-18","Charles de Lauzirika"
tt4474344,5,2017-01-08,"Blindspot","Blindspot",https://www.imdb.com/title/tt4474344,TV Series,7.3,42,2015,"Drama, Mystery, Thriller, Crime, Action, Sci-Fi",86591,"2015-09-21",
tt2049116,8,2017-01-07,"Gomorrah","Gomorra",https://www.imdb.com/title/tt2049116,TV Series,8.6,45,2014,"Drama, Crime, Thriller",50847,"2015-09-12",
tt0071562,8,2017-01-06,"Gudfadern del II","The Godfather Part II",https://www.imdb.com/title/tt0071562,Movie,9.0,202,1974,"Crime, Drama",1516521,"1975-07-28","Francis Ford Coppola"
tt0068646,8,2017-01-06,"Gudfadern","The Godfather",https://www.imdb.com/title/tt0068646,Movie,9.2,175,1972,"Crime, Drama",2261241,"1972-09-27","Francis Ford Coppola"
tt0087843,8,2017-01-06,"Once Upon a Time in America","C'era una volta in America",https://www.imdb.com/title/tt0087843,Movie,8.3,229,1984,"Crime, Drama",412781,"1984-08-17","Sergio Leone"
tt1830538,6,2017-01-05,"Code 2600","Code 2600",https://www.imdb.com/title/tt1830538,Movie,7.2,82,2011,"Documentary",225,"2012-04","Jeremy Zerechak"
tt1824254,7,2017-01-05,"We Steal Secrets: The Story of WikiLeaks","We Steal Secrets: The Story of WikiLeaks",https://www.imdb.com/title/tt1824254,Movie,6.9,130,2013,"Documentary",8358,"2013-08-23","Alex Gibney"
tt2084953,8,2017-01-05,"Terms and Conditions May Apply","Terms and Conditions May Apply",https://www.imdb.com/title/tt2084953,Movie,7.3,79,2013,"Documentary, News",6653,"2013-07-12","Cullen Hoback"
tt3312868,8,2017-01-05,"Deep Web","Deep Web",https://www.imdb.com/title/tt3312868,Movie,6.9,90,2015,"Documentary",9922,"2015-09-10","Alex Winter"
tt0086058,5,2017-01-05,"Osterman weekend","The Osterman Weekend",https://www.imdb.com/title/tt0086058,Movie,5.8,103,1983,"Drama, Action, Thriller",10289,"1984-08-10","Sam Peckinpah"
tt3776826,6,2017-01-05,"Operation Avalanche","Operation Avalanche",https://www.imdb.com/title/tt3776826,Movie,6.2,94,2016,"Comedy, Drama, Mystery",9037,"2016-09-16","Matt Johnson"
tt3748528,7,2017-01-03,"Rogue One: A Star Wars Story","Rogue One",https://www.imdb.com/title/tt3748528,Movie,7.8,133,2016,"Action, Adventure, Sci-Fi",766912,"2016-12-14","Gareth Edwards"
tt3079380,5,2016-12-31,"Spy","Spy",https://www.imdb.com/title/tt3079380,Movie,7.0,120,2015,"Comedy, Action",276871,"2015-06-05","Paul Feig"
tt0425061,5,2016-12-31,"Get Smart","Get Smart",https://www.imdb.com/title/tt0425061,Movie,6.5,110,2008,"Action, Comedy, Adventure",240794,"2008-08-29","Peter Segal"
tt1135985,6,2016-12-31,"Sex Drive","Sex Drive",https://www.imdb.com/title/tt1135985,Movie,6.5,109,2008,"Comedy, Romance",96804,"2008-11-28","Sean Anders"
tt1307068,6,2016-12-31,"Seeking a Friend for the End of the World","Seeking a Friend for the End of the World",https://www.imdb.com/title/tt1307068,Movie,6.7,101,2012,"Romance, Drama, Sci-Fi, Comedy, Adventure",123911,"2012-06-22","Lorene Scafaria"
tt0116409,6,2016-12-30,"Savannens härskare","The Ghost and the Darkness",https://www.imdb.com/title/tt0116409,Movie,6.8,110,1996,"Drama, Thriller, Adventure",71485,"1997-02-14","Stephen Hopkins"
tt0455782,6,2016-12-30,"The Hunting Party","The Hunting Party",https://www.imdb.com/title/tt0455782,Movie,6.7,101,2007,"Adventure, Comedy, Drama, Thriller, War",26929,"2007-09-21","Richard Shepard"
tt0366551,6,2016-12-30,"Harold","Harold & Kumar Go to White Castle",https://www.imdb.com/title/tt0366551,Movie,7.0,88,2004,"Comedy, Adventure",216739,"2004-12-03","Danny Leiner"
tt0416320,6,2016-12-30,"Match Point","Match Point",https://www.imdb.com/title/tt0416320,Movie,7.6,124,2005,"Drama, Romance, Thriller",240795,"2006-01-20","Woody Allen"
tt3007512,6,2016-12-30,"The Water Diviner","The Water Diviner",https://www.imdb.com/title/tt3007512,Movie,7.0,111,2014,"Drama, War, History",81446,"2015-05-08","Russell Crowe"
tt3264102,6,2016-12-28,"Red Army","Red Army",https://www.imdb.com/title/tt3264102,Movie,7.6,84,2014,"Documentary, Biography, History, Sport",7488,"2015-04-17","Gabe Polsky"
tt1781922,6,2016-12-28,"No Escape","No Escape",https://www.imdb.com/title/tt1781922,Movie,6.8,103,2015,"Thriller, Action, Adventure, Drama",99713,"2015-09-04","John Erick Dowdle"
tt2294677,7,2016-12-28,"In a World...","In a World...",https://www.imdb.com/title/tt2294677,Movie,6.6,93,2013,"Comedy",34006,"2014-01-17","Lake Bell"
tt0054152,5,2016-12-27,"Vår man i Havanna","Our Man in Havana",https://www.imdb.com/title/tt0054152,Movie,7.1,103,1959,"Drama, Thriller, Crime, Comedy",6936,"1960-12-10","Carol Reed"
tt0381940,5,2016-12-26,"Cargo","Cargo",https://www.imdb.com/title/tt0381940,Movie,6.1,112,2009,"Mystery, Sci-Fi, Thriller, Drama",20658,"2013-09-13","Ivan Engler,Ralph Etter"
tt5728684,8,2016-12-26,"Bittra druvor","Sour Grapes",https://www.imdb.com/title/tt5728684,Movie,7.2,85,2016,"Documentary, Crime",6514,"2016-09-16","Reuben Atlas,Jerry Rothwell"
tt5248878,6,2016-12-26,"Hunting Hitler","Hunting Hitler",https://www.imdb.com/title/tt5248878,TV Series,7.4,42,2015,"Documentary, History",2839,"2015-10-28",
tt2113681,7,2016-12-25,"Hundraåringen som klev ut genom fönstret och försvann","Hundraåringen som klev ut genom fönstret och försvann",https://www.imdb.com/title/tt2113681,Movie,7.0,114,2013,"Adventure, Comedy",44500,"2013-12-25","Felix Herngren"
tt4940370,7,2016-12-25,"Hundraettåringen som smet från notan och försvann","Hundraettåringen som smet från notan och försvann",https://www.imdb.com/title/tt4940370,Movie,6.3,108,2016,"Adventure, Comedy, Crime",7115,"2016-12-25","Felix Herngren Måns Herngren,Måns Herngren,Felix Herngren"
tt4695530,7,2016-12-25,"People of Earth","People of Earth",https://www.imdb.com/title/tt4695530,TV Series,7.7,30,2016,"Comedy, Mystery, Sci-Fi",8671,"2016-10-31",
tt0452624,6,2016-12-23,"The Good German","The Good German",https://www.imdb.com/title/tt0452624,Movie,6.0,105,2006,"Drama, Mystery, Thriller, Romance, War",27103,"2007-03-09","Steven Soderbergh"
tt0082351,6,2016-12-22,"Nålens öga","Eye of the Needle",https://www.imdb.com/title/tt0082351,Movie,7.1,112,1981,"War, Romance, Thriller",14344,"1981-12-19","Richard Marquand"
tt3825638,7,2016-12-22,"En labyrint av lögner","Im Labyrinth des Schweigens",https://www.imdb.com/title/tt3825638,Movie,7.3,124,2014,"Drama, History",14752,"2015-08-21","Giulio Ricciarelli"
tt3530002,5,2016-12-22,"The Night Before","The Night Before",https://www.imdb.com/title/tt3530002,Movie,6.4,101,2015,"Comedy, Fantasy",90937,"2015-12-04","Jonathan Levine"
tt0094964,6,2016-12-20,"Dubbelgångare","Dead Ringers",https://www.imdb.com/title/tt0094964,Movie,7.2,116,1988,"Thriller, Horror, Drama",59745,"1989-04-21","David Cronenberg"
tt0327597,6,2016-12-20,"Coraline och spegelns hemlighet","Coraline",https://www.imdb.com/title/tt0327597,Movie,7.8,100,2009,"Animation, Fantasy, Drama, Family",307247,"2009-05-15","Henry Selick"
tt3464902,7,2016-12-19,"The Lobster","The Lobster",https://www.imdb.com/title/tt3464902,Movie,7.1,119,2015,"Romance, Sci-Fi, Drama, Thriller",338655,"2016-07-29","Yorgos Lanthimos"
tt0126886,7,2016-12-18,"Election","Election",https://www.imdb.com/title/tt0126886,Movie,7.2,103,1999,"Romance, Comedy",112372,"1999-05-07","Alexander Payne"
tt2179116,7,2016-12-18,"The Kings of Summer","The Kings of Summer",https://www.imdb.com/title/tt2179116,Movie,7.1,95,2013,"Comedy, Drama, Adventure",88160,"2013-08-23","Jordan Vogt-Roberts"
tt2245195,5,2016-12-18,"The History of Future Folk","The History of Future Folk",https://www.imdb.com/title/tt2245195,Movie,7.0,86,2012,"Comedy, Music, Sci-Fi",3775,"2013-05-31","John Mitchell,Jeremy Kipp Walker"
tt1862079,8,2016-12-18,"Safety Not Guaranteed","Safety Not Guaranteed",https://www.imdb.com/title/tt1862079,Movie,6.9,86,2012,"Comedy, Romance, Drama, Fantasy, Adventure",135977,"2012-06-15","Colin Trevorrow"
tt2194499,7,2016-12-18,"About Time","About Time",https://www.imdb.com/title/tt2194499,Movie,7.8,123,2013,"Drama, Fantasy, Romance, Comedy, Sci-Fi",443597,"2013-10-18","Richard Curtis"
tt2452386,6,2016-12-17,"The Fundamentals of Caring","The Fundamentals of Caring",https://www.imdb.com/title/tt2452386,Movie,7.3,97,2016,"Drama, Comedy",88413,"2016-06-24","Rob Burnett"
tt1187064,8,2016-12-17,"Triangle","Triangle",https://www.imdb.com/title/tt1187064,Movie,6.9,99,2009,"Thriller, Mystery, Sci-Fi, Fantasy",152748,"2009-10-16","Christopher Smith"
tt1614989,8,2016-12-16,"Huvudjägarna","Hodejegerne",https://www.imdb.com/title/tt1614989,Movie,7.5,100,2011,"Thriller, Crime, Action",112477,"2011-11-04","Morten Tyldum"
tt2106476,8,2016-12-16,"Jakten","Jagten",https://www.imdb.com/title/tt2106476,Movie,8.3,115,2012,"Drama",419729,"2013-04-12","Thomas Vinterberg"
tt1540133,7,2016-12-16,"The Guard","The Guard",https://www.imdb.com/title/tt1540133,Movie,7.3,96,2011,"Thriller, Comedy, Crime",102560,"2011-07-07","John Michael McDonagh"
tt1255953,7,2016-12-16,"Nawals hemlighet","Incendies",https://www.imdb.com/title/tt1255953,Movie,8.3,131,2010,"Drama, Mystery, War",260471,"2011-08-12","Denis Villeneuve"
tt5651844,8,2016-12-16,"Travelers","Travelers",https://www.imdb.com/title/tt5651844,TV Series,8.0,45,2016,"Sci-Fi, Drama, Mystery, Thriller",73430,"2018-12-14",
tt1094249,6,2016-12-15,"Hotel Chevalier","Hotel Chevalier",https://www.imdb.com/title/tt1094249,Short,7.1,13,2007,"Short, Drama, Romance",37884,"2007-12-25","Wes Anderson"
tt0115734,6,2016-12-15,"Bottle Rocket - (O)organiserad kriminalitet","Bottle Rocket",https://www.imdb.com/title/tt0115734,Movie,6.9,91,1996,"Drama, Crime, Comedy",89176,"1996-02-21","Wes Anderson"
tt4698684,7,2016-12-15,"Hunt for the Wilderpeople","Hunt for the Wilderpeople",https://www.imdb.com/title/tt4698684,Movie,7.8,101,2016,"Comedy, Drama, Adventure, Family",156522,"2016-03-31","Taika Waititi"
tt5446858,8,2016-12-12,"Zero Days","Zero Days",https://www.imdb.com/title/tt5446858,Movie,7.7,116,2016,"Documentary",11124,"2016-07-08","Alex Gibney"
tt0382932,7,2016-12-03,"Råttatouille","Ratatouille",https://www.imdb.com/title/tt0382932,Movie,8.1,111,2007,"Animation, Comedy, Family, Fantasy, Adventure",968224,"2007-10-19","Brad Bird,Jan Pinkava"
tt0088258,7,2016-12-03,"Spinal Tap","This Is Spinal Tap",https://www.imdb.com/title/tt0088258,Movie,7.9,82,1984,"Music, Comedy",161856,"1984-03-02","Rob Reiner"
tt0398286,5,2016-12-02,"Trassel","Tangled",https://www.imdb.com/title/tt0398286,Movie,7.7,100,2010,"Animation, Musical, Family, Comedy, Fantasy, Romance, Adventure",554961,"2011-02-04","Nathan Greno,Byron Howard"
tt3032476,6,2016-12-01,"Better Call Saul","Better Call Saul",https://www.imdb.com/title/tt3032476,TV Series,9.0,45,2015,"Crime, Drama",868088,"2017-04-14",
tt0903747,8,2016-12-01,"Breaking Bad","Breaking Bad",https://www.imdb.com/title/tt0903747,TV Series,9.5,48,2008,"Drama, Crime, Thriller",2685075,"2008-05-18",
tt1392190,8,2016-11-13,"Mad Max: Fury Road","Mad Max: Fury Road",https://www.imdb.com/title/tt1392190,Movie,8.1,120,2015,"Action, Adventure, Sci-Fi",1223007,"2015-05-14","George Miller"
tt0970179,7,2016-11-12,"Hugo Cabret","Hugo",https://www.imdb.com/title/tt0970179,Movie,7.5,126,2011,"Adventure, Mystery, Drama, Fantasy, Family",351707,"2012-03-16","Martin Scorsese"
tt1127715,7,2016-11-12,"Sin Nombre","Sin nombre",https://www.imdb.com/title/tt1127715,Movie,7.5,96,2009,"Thriller, Crime, Drama, Adventure",35206,"2009-12-18","Cary Joji Fukunaga"
tt0112760,4,2016-11-12,"Cutthroat Island","Cutthroat Island",https://www.imdb.com/title/tt0112760,Movie,5.7,124,1995,"Comedy, Adventure, Action",33613,"1996-04-12","Renny Harlin"
tt1979388,5,2016-11-03,"Den gode dinosaurien","The Good Dinosaur",https://www.imdb.com/title/tt1979388,Movie,6.7,93,2015,"Animation, Comedy, Family, Adventure, Drama, Fantasy, Action",142845,"2016-01-06","Peter Sohn"
tt0212720,7,2016-10-25,"A.I. Artificiell intelligens","A.I. Artificial Intelligence",https://www.imdb.com/title/tt0212720,Movie,7.2,146,2001,"Drama, Adventure, Sci-Fi",343528,"2001-09-28","Steven Spielberg"
tt0091757,7,2016-10-25,"Pirater","Pirates",https://www.imdb.com/title/tt0091757,Movie,6.0,118,1986,"Comedy, Action, Romance, Adventure",10284,"1986-10-03","Roman Polanski"
tt0825232,6,2016-10-23,"Nu eller aldrig","The Bucket List",https://www.imdb.com/title/tt0825232,Movie,7.3,97,2007,"Comedy, Drama, Adventure",275468,"2008-04-25","Rob Reiner"
tt0970411,5,2016-10-23,"City of Ember","City of Ember",https://www.imdb.com/title/tt0970411,Movie,6.4,90,2008,"Family, Fantasy, Adventure, Sci-Fi, Drama, Thriller",73550,"2008-10-10","Gil Kenan"
tt0165832,5,2016-10-22,"Interstate 60","Interstate 60: Episodes of the Road",https://www.imdb.com/title/tt0165832,Movie,7.5,116,2002,"Fantasy, Adventure, Drama, Comedy",41684,"2003-09-10","Bob Gale"
tt4236618,8,2016-10-22,"Comedians in Cars Getting Coffee: Happy Thanksgiving, Miranda","Comedians in Cars Getting Coffee: Happy Thanksgiving, Miranda",https://www.imdb.com/title/tt4236618,TV Episode,4.0,21,2014,"Talk-Show, Comedy, Family",732,"2014-11-27",
tt2314952,8,2016-10-22,"Comedians in Cars Getting Coffee","Comedians in Cars Getting Coffee",https://www.imdb.com/title/tt2314952,TV Series,8.0,20,2012,"Talk-Show, Comedy, Family",14344,"2019-07-19",
tt5467814,7,2016-10-22,"Haters Back Off","Haters Back Off!",https://www.imdb.com/title/tt5467814,TV Series,5.8,30,2016,"Comedy, Romance, Drama, Family",8215,"2016-10-14",
tt0981227,5,2016-10-16,"Nick & Norah's Infinite Playlist","Nick and Norah's Infinite Playlist",https://www.imdb.com/title/tt0981227,Movie,6.6,90,2008,"Drama, Comedy, Music, Romance",97764,"2008-10-03","Peter Sollett"
tt0477095,6,2016-10-16,"Starter for 10","Starter for 10",https://www.imdb.com/title/tt0477095,Movie,6.7,92,2006,"Drama, Romance, Comedy",27246,"2006-11-10","Tom Vaughan"
tt0477139,9,2016-10-16,"Wristcutters: A Love Story","Wristcutters: A Love Story",https://www.imdb.com/title/tt0477139,Movie,7.2,88,2006,"Drama, Fantasy, Romance, Comedy",60109,"2007-11-02","Goran Dukic"
tt1588334,7,2016-10-16,"Jeff, Who Lives at Home","Jeff, Who Lives at Home",https://www.imdb.com/title/tt1588334,Movie,6.4,83,2011,"Comedy, Drama",66756,"2012-03-30","Jay Duplass,Mark Duplass"
tt0065207,6,2016-10-16,"Örnnästet","Where Eagles Dare",https://www.imdb.com/title/tt0065207,Movie,7.6,158,1968,"War, Adventure, Action",67440,"1969-01-23","Brian G. Hutton"
tt2167266,7,2016-10-15,"Tracks","Tracks",https://www.imdb.com/title/tt2167266,Movie,7.1,112,2013,"Biography, Drama, Adventure",33388,"2014-06-13","John Curran"
tt0446029,7,2016-10-15,"Scott Pilgrim vs. the World","Scott Pilgrim vs. the World",https://www.imdb.com/title/tt0446029,Movie,7.5,112,2010,"Action, Comedy, Romance, Fantasy",501607,"2010-10-29","Edgar Wright"
tt3064298,7,2016-10-15,"Man Up","Man Up",https://www.imdb.com/title/tt3064298,Movie,6.8,88,2015,"Comedy, Romance, Drama",59875,"2016-01-04","Ben Palmer"
tt1727770,5,2016-10-15,"Absolutely Anything","Absolutely Anything",https://www.imdb.com/title/tt1727770,Movie,6.0,85,2015,"Comedy, Sci-Fi",55595,"2015-08-28","Terry Jones"
tt3097204,5,2016-10-14,"The Inbetweeners 2","The Inbetweeners 2",https://www.imdb.com/title/tt3097204,Movie,6.4,96,2014,"Comedy",49741,"2014-08-06","Damon Beesley,Iain Morris"
tt1716772,6,2016-10-14,"The Inbetweeners","The Inbetweeners Movie",https://www.imdb.com/title/tt1716772,Movie,6.7,97,2011,"Comedy",91892,"2011-08-17","Ben Palmer"
tt1626146,6,2016-10-14,"Hector and the Search for Happiness","Hector and the Search for Happiness",https://www.imdb.com/title/tt1626146,Movie,6.9,120,2014,"Drama, Adventure, Comedy",53196,"2014-08-14","Peter Chelsom"
tt1613750,7,2016-10-14,"Kon-Tiki","Kon-Tiki",https://www.imdb.com/title/tt1613750,Movie,7.1,118,2012,"History, Biography, Drama, Adventure",54977,"2013-03-22","Joachim Rønning,Espen Sandberg"
tt1921149,7,2016-10-14,"Trash","Trash",https://www.imdb.com/title/tt1921149,Movie,7.1,114,2014,"Crime, Adventure, Drama, Thriller, Mystery",23846,"2014-10-09","Stephen Daldry,Christian Duurvoort"
tt2332579,6,2016-10-14,"Crystal Fairy and the Magical Cactus","Crystal Fairy y el cactus mágico",https://www.imdb.com/title/tt2332579,Movie,5.9,98,2013,"Comedy, Adventure, Romance, Drama",9558,"2014-04-24","Sebastián Silva"
tt1638355,7,2016-10-14,"The Man from U.N.C.L.E.","The Man from U.N.C.L.E.",https://www.imdb.com/title/tt1638355,Movie,7.2,116,2015,"Action, Adventure, Comedy",361147,"2015-08-14","Guy Ritchie"
tt2452042,7,2016-10-13,"Snobben: The Peanuts Movie","The Peanuts Movie",https://www.imdb.com/title/tt2452042,Movie,7.0,88,2015,"Animation, Comedy, Family, Adventure, Drama",54160,"2015-12-25","Steve Martino"
tt4048668,8,2016-10-13,"Band of Robbers","Band of Robbers",https://www.imdb.com/title/tt4048668,Movie,6.0,95,2015,"Adventure, Comedy, Crime, Thriller",4793,"2016-04-15","Aaron Nee,Adam Nee"
tt3531824,7,2016-10-13,"Nerve","Nerve",https://www.imdb.com/title/tt3531824,Movie,6.5,96,2016,"Thriller, Crime, Adventure, Drama, Romance",148937,"2016-08-19","Henry Joost,Ariel Schulman"
tt0377713,3,2016-10-13,"Cube Zero","Cube Zero",https://www.imdb.com/title/tt0377713,Movie,5.6,97,2004,"Sci-Fi, Drama, Mystery, Thriller",43805,"2005-12-07","Ernie Barbarash"
tt1392214,6,2016-10-12,"Prisoners","Prisoners",https://www.imdb.com/title/tt1392214,Movie,8.2,153,2013,"Crime, Drama, Thriller, Mystery",961698,"2013-11-01","Denis Villeneuve"
tt2316411,6,2016-10-12,"Enemy","Enemy",https://www.imdb.com/title/tt2316411,Movie,6.8,91,2013,"Thriller, Mystery, Drama",245013,"2014-03-14","Denis Villeneuve"
tt0118929,8,2016-10-12,"Dark City","Dark City",https://www.imdb.com/title/tt0118929,Movie,7.5,100,1998,"Thriller, Mystery, Fantasy, Sci-Fi",228923,"1998-02-27","Alex Proyas"
tt1654523,7,2016-10-11,"Night Train to Lisbon","Night Train to Lisbon",https://www.imdb.com/title/tt1654523,Movie,6.8,111,2013,"Thriller, Romance, Mystery",22059,"2013-03-07","Bille August"
tt2870756,7,2016-10-11,"Magic in the Moonlight","Magic in the Moonlight",https://www.imdb.com/title/tt2870756,Movie,6.5,97,2014,"Comedy, Romance, Drama",74051,"2014-08-22","Woody Allen"
tt3715320,5,2016-10-11,"Irrational Man","Irrational Man",https://www.imdb.com/title/tt3715320,Movie,6.6,95,2015,"Comedy, Drama, Romance, Crime",71107,"2015-10-02","Woody Allen"
tt3687304,8,2016-10-11,"The Driftless Area","The Driftless Area",https://www.imdb.com/title/tt3687304,Movie,5.3,95,2015,"Drama, Crime",2257,"2016-04-26","Zachary Sluser"
tt3100274,6,2016-10-11,"En kvinnas hemlighet","Manhattan Nocturne",https://www.imdb.com/title/tt3100274,Movie,6.2,113,2016,"Mystery, Thriller, Crime, Drama",14791,"2016-05-20","Brian DeCubellis"
tt0086979,7,2016-10-10,"Blood Simple","Blood Simple",https://www.imdb.com/title/tt0086979,Movie,7.5,99,1984,"Crime, Drama, Thriller",115313,"1985-05-10","Joel Coen,Ethan Coen"
tt1995390,6,2016-10-09,"Our Kind of Traitor","Our Kind of Traitor",https://www.imdb.com/title/tt1995390,Movie,6.3,108,2016,"Thriller, Crime, Drama, Action",26036,"2016-05-20","Susanna White"
tt0113277,8,2016-10-08,"Heat","Heat",https://www.imdb.com/title/tt0113277,Movie,8.3,170,1995,"Drama, Action, Crime",820178,"1996-02-16","Michael Mann"
tt0328107,8,2016-10-08,"Man on Fire","Man on Fire",https://www.imdb.com/title/tt0328107,Movie,7.7,146,2004,"Thriller, Drama, Crime, Action",426993,"2004-11-19","Tony Scott"
tt2503944,7,2016-10-08,"Bränd","Burnt",https://www.imdb.com/title/tt2503944,Movie,6.6,101,2015,"Comedy, Drama",144760,"2015-11-06","John Wells"
tt0475784,8,2016-10-08,"Westworld","Westworld",https://www.imdb.com/title/tt0475784,TV Series,8.4,60,2016,"Sci-Fi, Drama, Mystery",561850,"2016-10-03",
tt0407887,8,2016-10-01,"The Departed","The Departed",https://www.imdb.com/title/tt0407887,Movie,8.5,151,2006,"Crime, Drama, Thriller",1582109,"2007-01-12","Martin Scorsese"
tt1343024,8,2016-10-01,"The Big Fat Quiz of the Year","The Big Fat Quiz of the Year",https://www.imdb.com/title/tt1343024,TV Special,7.8,130,2008,"Game-Show, Comedy",1032,"2008-12-28","Mick Thomas"
tt2005151,7,2016-10-01,"War Dogs","War Dogs",https://www.imdb.com/title/tt2005151,Movie,7.1,114,2016,"Comedy, Drama, War, Crime, Biography",309503,"2016-08-19","Todd Phillips"
tt4196776,6,2016-10-01,"Jason Bourne","Jason Bourne",https://www.imdb.com/title/tt4196776,Movie,6.6,123,2016,"Action, Thriller",260618,"2016-07-27","Paul Greengrass"
tt3110958,4,2016-10-01,"Now You See Me 2","Now You See Me 2",https://www.imdb.com/title/tt3110958,Movie,6.4,129,2016,"Comedy, Thriller, Action, Adventure, Mystery, Crime",366705,"2016-06-15","Jon M. Chu"
tt3416744,6,2016-09-30,"The End of the Tour","The End of the Tour",https://www.imdb.com/title/tt3416744,Movie,7.2,106,2015,"Drama, Biography",35134,"2015-08-14","James Ponsoldt"
tt0365748,8,2016-09-25,"Shaun of the Dead","Shaun of the Dead",https://www.imdb.com/title/tt0365748,Movie,7.8,99,2004,"Comedy, Horror",645591,"2004-04-09","Edgar Wright"
tt0096969,7,2016-09-25,"Född den fjärde juli","Born on the Fourth of July",https://www.imdb.com/title/tt0096969,Movie,7.2,145,1989,"Biography, Drama, War",126311,"1990-02-23","Oliver Stone"
tt3774114,7,2016-09-25,"Snowden","Snowden",https://www.imdb.com/title/tt3774114,Movie,7.3,134,2016,"Drama, Thriller, Biography, Crime",174785,"2016-09-16","Oliver Stone"
tt1791528,8,2016-09-24,"Inherent Vice","Inherent Vice",https://www.imdb.com/title/tt1791528,Movie,6.6,148,2014,"Crime, Drama, Mystery, Comedy, Romance",120788,"2015-03-20","Paul Thomas Anderson"
tt1560747,6,2016-09-24,"The Master","The Master",https://www.imdb.com/title/tt1560747,Movie,7.1,138,2012,"Drama",203807,"2013-02-01","Paul Thomas Anderson"
tt1399664,7,2016-08-26,"The Night Manager","The Night Manager",https://www.imdb.com/title/tt1399664,TV Series,8.0,60,2016,"Drama, Mystery, Thriller, Crime",143224,"2016-08-22",
tt1494191,9,2016-08-17,"USA enligt Oliver Stone","The Untold History of the United States",https://www.imdb.com/title/tt1494191,TV Mini Series,8.6,58,2012,"Documentary, History, War",10167,"2012-11-12",
tt1837703,7,2016-08-13,"The Fifth Estate","The Fifth Estate",https://www.imdb.com/title/tt1837703,Movie,6.2,128,2013,"Drama, Biography, Thriller, Crime",44338,"2013-10-18","Bill Condon"
tt2241351,5,2016-08-13,"Money Monster","Money Monster",https://www.imdb.com/title/tt2241351,Movie,6.5,98,2016,"Thriller, Crime, Drama, Mystery, Action",112981,"2016-06-03","Jodie Foster"
tt3152624,5,2016-08-13,"Trainwreck","Trainwreck",https://www.imdb.com/title/tt3152624,Movie,6.2,125,2015,"Comedy, Romance, Drama",147900,"2015-08-19","Judd Apatow"
tt0104952,6,2016-08-12,"Min kusin Vinny","My Cousin Vinny",https://www.imdb.com/title/tt0104952,Movie,7.6,119,1992,"Crime, Comedy",162174,"1992-07-10","Jonathan Lynn"
tt4574334,7,2016-08-04,"Stranger Things","Stranger Things",https://www.imdb.com/title/tt4574334,TV Series,8.6,60,2016,"Drama, Horror, Thriller, Sci-Fi, Mystery, Fantasy",1743278,"2016-07-15",
tt2879552,8,2016-08-03,"22.11.63","11.22.63",https://www.imdb.com/title/tt2879552,TV Mini Series,8.0,60,2016,"Mystery, Sci-Fi, Thriller, Drama, Romance",126327,"2016-04-11",
tt0119177,8,2016-08-01,"Gattaca","Gattaca",https://www.imdb.com/title/tt0119177,Movie,7.7,106,1997,"Sci-Fi, Drama, Thriller",351430,"1998-05-08","Andrew Niccol"
tt0368008,7,2016-07-31,"The Manchurian Candidate","The Manchurian Candidate",https://www.imdb.com/title/tt0368008,Movie,6.6,129,2004,"Thriller, Mystery, Drama, Sci-Fi",123917,"2004-11-05","Jonathan Demme"
tt1840309,4,2016-07-31,"Divergent","Divergent",https://www.imdb.com/title/tt1840309,Movie,6.6,139,2014,"Mystery, Sci-Fi, Adventure, Action, Drama",523648,"2014-04-30","Neil Burger"
tt1855199,8,2016-07-31,"End of Watch","End of Watch",https://www.imdb.com/title/tt1855199,Movie,7.6,109,2012,"Drama, Crime, Thriller, Action",296823,"2012-11-30","David Ayer"
tt3850214,8,2016-07-30,"Dope","Dope",https://www.imdb.com/title/tt3850214,Movie,7.2,103,2015,"Drama, Comedy, Crime, Adventure",92353,"2015-06-19","Rick Famuyiwa"
tt1790864,6,2016-07-30,"The Maze Runner","The Maze Runner",https://www.imdb.com/title/tt1790864,Movie,6.8,113,2014,"Sci-Fi, Mystery, Thriller, Action",573434,"2014-09-19","Wes Ball"
tt0045709,9,2016-07-29,"Duck Dodgers in the 24½th Century","Duck Dodgers in the 24½th Century",https://www.imdb.com/title/tt0045709,Short,8.2,7,1953,"Animation, Short, Sci-Fi, Comedy, Family",6839,"1953-07-25","Chuck Jones"
tt2582802,7,2016-07-29,"Whiplash","Whiplash",https://www.imdb.com/title/tt2582802,Movie,8.5,106,2014,"Drama, Music",1184883,"2015-02-06","Damien Chazelle"
tt1895587,7,2016-07-27,"Spotlight","Spotlight",https://www.imdb.com/title/tt1895587,Movie,8.1,129,2015,"Drama, Crime, Biography",541706,"2016-02-12","Tom McCarthy"
tt1663202,7,2016-07-27,"The Revenant","The Revenant",https://www.imdb.com/title/tt1663202,Movie,8.0,156,2015,"Action, Drama, Western",963748,"2016-01-29","Alejandro G. Iñárritu"
tt0090667,9,2016-07-10,"Asterix och britterna","Astérix chez les Bretons",https://www.imdb.com/title/tt0090667,Movie,7.1,79,1986,"Animation, Adventure, Fantasy, Family, Comedy",13749,"1989-02-11","Pino Van Lamsweerde"
tt1596363,7,2016-06-12,"The Big Short","The Big Short",https://www.imdb.com/title/tt1596363,Movie,7.8,130,2015,"Drama, Biography, Comedy, History",548949,"2016-01-22","Adam McKay"
tt0927619,8,2016-06-12,"Louis C.K.: Shameless","Louis C.K.: Shameless",https://www.imdb.com/title/tt0927619,TV Special,8.5,56,2007,"Comedy",9405,"2007-01-13","Steven J. Santos"
tt2112999,8,2016-06-11,"Louis C.K.: Live at the Beacon Theater","Louis C.K.: Live at the Beacon Theater",https://www.imdb.com/title/tt2112999,TV Special,8.3,63,2011,"Comedy",10604,"2011-12-08","Louis C.K."
tt4368814,9,2016-06-11,"Louis C.K.: Live at the Comedy Store","Louis C.K.: Live at the Comedy Store",https://www.imdb.com/title/tt4368814,TV Special,7.7,66,2015,"Comedy",7400,"2015-01-27","Louis C.K."
tt2510998,9,2016-06-11,"Louis C.K. Oh My God","Louis C.K. Oh My God",https://www.imdb.com/title/tt2510998,TV Special,8.3,58,2013,"Comedy",10148,"2013-04-13","Louis C.K."
tt3723974,8,2016-06-07,"That's Not Funny","That's Not Funny",https://www.imdb.com/title/tt3723974,Movie,6.9,90,2014,"Documentary, Comedy, History",116,"2015-01-27","Mike Celestino"
tt0038669,6,2016-06-06,"Hämnarna","The Killers",https://www.imdb.com/title/tt0038669,Movie,7.7,103,1946,"Drama, Mystery, Crime, Film-Noir",26512,"1947-02-17","Robert Siodmak"
tt0154421,5,2016-06-06,"Idioterna","Idioterne",https://www.imdb.com/title/tt0154421,Movie,6.7,117,1998,"Comedy, Drama",36416,"1998-09-04","Lars von Trier"
tt0842926,6,2016-06-06,"The Kids Are All Right","The Kids Are All Right",https://www.imdb.com/title/tt0842926,Movie,7.0,106,2010,"Comedy, Drama, Romance",137984,"2010-09-17","Lisa Cholodenko"
tt0314676,8,2016-06-06,"The Singing Detective","The Singing Detective",https://www.imdb.com/title/tt0314676,Movie,5.4,109,2003,"Musical, Crime, Mystery, Comedy",9219,"2004-02-27","Keith Gordon"
tt2390361,8,2016-06-05,"Enough Said","Enough Said",https://www.imdb.com/title/tt2390361,Movie,7.0,93,2013,"Comedy, Drama, Romance",70781,"2014-05-02","Nicole Holofcener"
tt1292566,6,2016-06-05,"How to Be Single","How to Be Single",https://www.imdb.com/title/tt1292566,Movie,6.1,110,2016,"Comedy, Romance, Drama",100373,"2016-02-12","Christian Ditter"
tt0106519,7,2016-05-29,"Carlito's Way","Carlito's Way",https://www.imdb.com/title/tt0106519,Movie,7.9,144,1993,"Crime, Thriller, Drama",251373,"1994-03-11","Brian De Palma"
tt0098273,6,2016-05-29,"Sea of Love","Sea of Love",https://www.imdb.com/title/tt0098273,Movie,6.8,113,1989,"Mystery, Romance, Crime, Drama, Thriller",49293,"1989-12-15","Harold Becker"
tt0099422,7,2016-05-29,"Dick Tracy","Dick Tracy",https://www.imdb.com/title/tt0099422,Movie,6.2,105,1990,"Thriller, Romance, Crime, Comedy, Music, Action",70853,"1990-09-21","Warren Beatty"
tt2785032,8,2016-05-29,"The Little Death","The Little Death",https://www.imdb.com/title/tt2785032,Movie,7.0,96,2014,"Comedy, Drama, Romance",28814,"2014-09-25","Josh Lawson"
tt0403702,7,2016-05-27,"Youth in Revolt","Youth in Revolt",https://www.imdb.com/title/tt0403702,Movie,6.4,90,2009,"Comedy, Drama, Romance",78389,"2010-05-28","Miguel Arteta"
tt1733785,7,2016-05-21,"Bron","Bron/Broen",https://www.imdb.com/title/tt1733785,TV Series,8.6,60,2011,"Crime, Thriller, Mystery",85672,"2011-09-21",
tt0796366,6,2016-05-18,"Star Trek","Star Trek",https://www.imdb.com/title/tt0796366,Movie,7.9,127,2009,"Sci-Fi, Action, Adventure",641739,"2009-05-08","J.J. Abrams"
tt1408101,6,2016-05-17,"Star Trek Into Darkness","Star Trek Into Darkness",https://www.imdb.com/title/tt1408101,Movie,7.7,132,2013,"Action, Adventure, Sci-Fi",512922,"2013-05-10","J.J. Abrams"
tt1972571,7,2016-05-15,"A Most Wanted Man","A Most Wanted Man",https://www.imdb.com/title/tt1972571,Movie,6.7,122,2014,"Thriller, Crime, Drama",85433,"2014-09-12","Anton Corbijn"
tt1931533,7,2016-05-14,"Seven Psychopaths","Seven Psychopaths",https://www.imdb.com/title/tt1931533,Movie,7.1,110,2012,"Comedy, Crime, Drama, Thriller",291020,"2012-10-12","Martin McDonagh"
tt0373469,8,2016-05-14,"Kiss Kiss Bang Bang","Kiss Kiss Bang Bang",https://www.imdb.com/title/tt0373469,Movie,7.4,103,2005,"Comedy, Mystery, Crime, Thriller",251626,"2005-11-25","Shane Black"
tt0117958,7,2016-05-14,"Trees Lounge","Trees Lounge",https://www.imdb.com/title/tt0117958,Movie,7.1,95,1996,"Comedy, Drama",17819,"1996-10-11","Steve Buscemi"
tt3014866,5,2016-05-14,"Criminal","Criminal",https://www.imdb.com/title/tt3014866,Movie,6.3,113,2016,"Action, Thriller, Sci-Fi, Adventure",75621,"2016-05-06","Ariel Vromen"
tt0079944,8,2016-05-14,"Stalker","Stalker",https://www.imdb.com/title/tt0079944,Movie,8.0,162,1979,"Drama, Sci-Fi",158347,"1981-04-13","Andrei Tarkovsky"
tt0365686,5,2016-05-14,"Revolver","Revolver",https://www.imdb.com/title/tt0365686,Movie,6.3,111,2005,"Crime, Thriller, Mystery, Drama, Action",110023,"2005-09-22","Guy Ritchie"
tt0344510,7,2016-05-14,"En långvarig förlovning","Un long dimanche de fiançailles",https://www.imdb.com/title/tt0344510,Movie,7.6,133,2004,"Drama, Mystery, Romance, War",78328,"2005-01-28","Jean-Pierre Jeunet"
tt1670345,6,2016-05-14,"Now You See Me","Now You See Me",https://www.imdb.com/title/tt1670345,Movie,7.2,115,2013,"Thriller, Crime, Mystery",779472,"2013-07-10","Louis Leterrier"
tt1179933,7,2016-05-13,"10 Cloverfield Lane","10 Cloverfield Lane",https://www.imdb.com/title/tt1179933,Movie,7.2,103,2016,"Drama, Sci-Fi, Thriller, Horror",390082,"2016-03-30","Dan Trachtenberg"
tt1877832,7,2016-05-13,"X-Men: Days of Future Past","X-Men: Days of Future Past",https://www.imdb.com/title/tt1877832,Movie,7.9,132,2014,"Action, Sci-Fi, Thriller, Adventure",799001,"2014-05-23","Bryan Singer"
tt0120917,5,2016-04-16,"Kejsarens nya stil","The Emperor's New Groove",https://www.imdb.com/title/tt0120917,Movie,7.4,78,2000,"Animation, Adventure, Fantasy, Family, Comedy",253376,"2001-02-09","Mark Dindal"
tt0317705,6,2016-04-04,"Superhjältarna","The Incredibles",https://www.imdb.com/title/tt0317705,Movie,8.0,115,2004,"Animation, Action, Adventure, Family",919062,"2004-11-12","Brad Bird"
tt0043265,5,2016-04-04,"Afrikas drottning","The African Queen",https://www.imdb.com/title/tt0043265,Movie,7.7,105,1951,"Romance, War, Drama, Adventure",88258,"1952-09-22","John Huston"
tt0389790,7,2016-04-04,"Bee Movie","Bee Movie",https://www.imdb.com/title/tt0389790,Movie,6.1,91,2007,"Animation, Comedy, Family, Adventure, Drama, Romance",201126,"2007-12-25","Steve Hickner,Simon J. Smith"
tt0451079,7,2016-04-04,"Horton","Horton Hears a Who!",https://www.imdb.com/title/tt0451079,Movie,6.8,86,2008,"Animation, Adventure, Family, Comedy, Fantasy, Drama, Music",160260,"2008-03-14","Jimmy Hayward,Steve Martino"
tt0478970,7,2016-04-03,"Ant-Man","Ant-Man",https://www.imdb.com/title/tt0478970,Movie,7.2,117,2015,"Action, Sci-Fi, Comedy",796513,"2015-07-22","Peyton Reed"
tt0238784,6,2016-03-27,"Gilmore Girls","Gilmore Girls",https://www.imdb.com/title/tt0238784,TV Series,8.2,45,2000,"Comedy, Drama",178125,"2001-09-02",
tt1155413,8,2016-03-27,"The Big Fat Quiz of the Year","The Big Fat Quiz of the Year",https://www.imdb.com/title/tt1155413,TV Special,8.0,125,2007,"Game-Show, Comedy",1144,"2007-12-30","Mick Thomas,Will Dixon"
tt0387764,9,2016-03-27,"Peep Show","Peep Show",https://www.imdb.com/title/tt0387764,TV Series,8.7,25,2003,"Comedy",74787,"2021-01-02",
tt1431045,8,2016-03-19,"Deadpool","Deadpool",https://www.imdb.com/title/tt1431045,Movie,8.0,108,2016,"Action, Sci-Fi, Comedy",1274107,"2016-02-12","Tim Miller"
tt0269095,7,2016-03-19,"Mark of a Murderer","City by the Sea",https://www.imdb.com/title/tt0269095,Movie,6.1,108,2002,"Mystery, Thriller, Crime, Drama",27930,"2002-09-06","Michael Caton-Jones"
tt0083798,7,2016-03-19,"Döda män klär inte i rutigt","Dead Men Don't Wear Plaid",https://www.imdb.com/title/tt0083798,Movie,6.8,88,1982,"Mystery, Crime, Thriller, Comedy",26106,"1982-10-08","Carl Reiner"
tt1091191,6,2016-03-18,"Lone Survivor","Lone Survivor",https://www.imdb.com/title/tt1091191,Movie,7.5,121,2013,"Action, Drama, War, Biography",326801,"2014-02-14","Peter Berg"
tt0067185,7,2016-03-11,"Harold å Maude","Harold and Maude",https://www.imdb.com/title/tt0067185,Movie,7.8,91,1971,"Romance, Drama, Comedy",85784,"1973-06-06","Hal Ashby"
tt3397884,6,2016-02-27,"Sicario","Sicario",https://www.imdb.com/title/tt3397884,Movie,7.7,121,2015,"Drama, Crime, Mystery, Thriller, Action",551368,"2015-09-18","Denis Villeneuve"
tt3659388,6,2016-02-26,"The Martian","The Martian",https://www.imdb.com/title/tt3659388,Movie,8.0,144,2015,"Sci-Fi, Adventure, Drama",1032244,"2015-10-02","Ridley Scott"
tt0063415,7,2016-02-23,"Oh, vilket party!","The Party",https://www.imdb.com/title/tt0063415,Movie,7.4,99,1968,"Romance, Comedy",47573,"1969-02-23","Blake Edwards"
tt0120780,5,2016-02-23,"Out of Sight","Out of Sight",https://www.imdb.com/title/tt0120780,Movie,7.0,123,1998,"Romance, Drama, Thriller, Comedy, Crime",106613,"1998-11-27","Steven Soderbergh"
tt2140553,7,2016-02-23,"The Last of Us","The Last of Us",https://www.imdb.com/title/tt2140553,Video Game,9.7,,2013,"Action, Horror, Drama",92930,"2013-06-14","Neil Druckmann,Bruce Straley"
tt0217505,6,2016-02-23,"Gangs of New York","Gangs of New York",https://www.imdb.com/title/tt0217505,Movie,7.5,167,2002,"Crime, Drama",511402,"2003-01-17","Martin Scorsese"
tt0119528,6,2016-02-23,"Liar Liar","Liar Liar",https://www.imdb.com/title/tt0119528,Movie,6.9,86,1997,"Fantasy, Comedy",367307,"1997-07-18","Tom Shadyac"
tt0172496,7,2016-02-23,"Timewatch: Gladio: The Ringmasters","Timewatch: Gladio: The Ringmasters",https://www.imdb.com/title/tt0172496,TV Episode,8.2,,1992,"Documentary, History",47,"1992-06-10","Allan Francovich"
tt0285403,8,2016-02-06,"Scrubs","Scrubs",https://www.imdb.com/title/tt0285403,TV Series,8.4,30,2001,"Drama, Comedy",287992,"2003-04-14",
tt5301732,5,2016-02-05,"The X-Files: Re-Opened","The X-Files: Re-Opened",https://www.imdb.com/title/tt5301732,TV Movie,7.8,22,2015,"Documentary",2746,"2015-12-28",
tt5189670,9,2016-02-04,"Making a Murderer","Making a Murderer",https://www.imdb.com/title/tt5189670,TV Series,8.5,60,2015,"Documentary, Crime",109194,"2018-10-19",
tt3460252,7,2016-02-04,"The Hateful Eight","The Hateful Eight",https://www.imdb.com/title/tt3460252,Movie,7.8,168,2015,"Western, Drama, Thriller, Mystery, Crime",732298,"2016-01-13","Quentin Tarantino"
tt3906560,7,2016-02-01,"Moonbeam City","Moonbeam City",https://www.imdb.com/title/tt3906560,TV Series,6.9,22,2015,"Animation, Comedy, Sci-Fi, Mystery, Action",2546,"2015-09-16",
tt0455275,8,2016-01-12,"Prison Break","Prison Break",https://www.imdb.com/title/tt0455275,TV Series,8.3,44,2005,"Mystery, Thriller, Crime, Drama, Action",681775,"2005-12-28",
tt4635276,6,2016-01-10,"Master of None","Master of None",https://www.imdb.com/title/tt4635276,TV Series,8.2,30,2015,"Comedy, Drama",79183,"2015-11-06",
tt1111833,5,2016-01-09,"Super High Me","Super High Me",https://www.imdb.com/title/tt1111833,Movie,6.0,94,2007,"Documentary, Comedy",13258,"2015-11-03","Michael Blieden"
tt4445154,8,2016-01-03,"Deutschland 83","Deutschland 83",https://www.imdb.com/title/tt4445154,TV Mini Series,8.0,42,2015,"Drama, Thriller, Romance",16266,"2016-01-12",
tt4189022,7,2016-01-03,"Ash vs Evil Dead","Ash vs Evil Dead",https://www.imdb.com/title/tt4189022,TV Series,8.4,30,2015,"Comedy, Horror, Action, Thriller",86825,"2020-03-25",
tt1525780,8,2015-12-31,"Weissensee","Weissensee",https://www.imdb.com/title/tt1525780,TV Series,8.2,50,2010,"Drama",2604,"2013-08-01",
tt1433811,6,2015-12-20,"Disconnect","Disconnect",https://www.imdb.com/title/tt1433811,Movie,7.5,115,2012,"Thriller, Drama, Crime, Mystery",80797,"2013-07-05","Henry Alex Rubin"
tt4728582,6,2015-12-12,"En underbar jävla jul","En underbar jävla jul",https://www.imdb.com/title/tt4728582,Movie,5.6,108,2015,"Comedy, Drama",3946,"2015-11-13","Helena Bergström"
tt2379713,5,2015-12-07,"Spectre","Spectre",https://www.imdb.com/title/tt2379713,Movie,6.8,148,2015,"Adventure, Thriller, Action",502398,"2015-10-30","Sam Mendes"
tt1440292,7,2015-12-06,"Submarine","Submarine",https://www.imdb.com/title/tt1440292,Movie,7.3,97,2010,"Comedy, Drama, Romance",101828,"2011-08-26","Richard Ayoade"
tt0110308,7,2015-12-06,"En kvinnas list","The Last Seduction",https://www.imdb.com/title/tt0110308,Movie,7.0,110,1994,"Crime, Romance, Drama, Thriller",29230,"1994-08-05","John Dahl"
tt0105226,7,2015-12-05,"Red Rock West","Red Rock West",https://www.imdb.com/title/tt0105226,Movie,7.0,98,1993,"Crime, Drama, Thriller",28778,"1993-05-14","John Dahl"
tt1616195,6,2015-12-05,"J. Edgar","J. Edgar",https://www.imdb.com/title/tt1616195,Movie,6.5,137,2011,"Biography, Drama, Romance",139159,"2012-01-20","Clint Eastwood"
tt2326612,6,2015-12-05,"The Captive","The Captive",https://www.imdb.com/title/tt2326612,Movie,5.9,112,2014,"Thriller, Crime, Drama, Mystery",38286,"2022-02-25","Atom Egoyan"
tt0238380,6,2015-12-05,"Cubic","Equilibrium",https://www.imdb.com/title/tt0238380,Movie,7.3,107,2002,"Drama, Sci-Fi, Thriller, Action",365618,"2002-12-06","Kurt Wimmer"
tt0133240,6,2015-12-03,"Skattkammarplaneten","Treasure Planet",https://www.imdb.com/title/tt0133240,Movie,7.2,95,2002,"Animation, Action, Sci-Fi, Family, Adventure",150921,"2002-12-25","Ron Clements,John Musker"
tt3682448,7,2015-11-30,"Spionernas bro","Bridge of Spies",https://www.imdb.com/title/tt3682448,Movie,7.6,142,2015,"Drama, Thriller, History, War",347660,"2015-11-27","Steven Spielberg"
tt3239906,7,2015-11-29,"CIA Declassified","CIA Declassified",https://www.imdb.com/title/tt3239906,TV Series,7.5,60,2013,"Documentary",39,"2013-11-23",
tt2802850,8,2015-11-16,"Fargo","Fargo",https://www.imdb.com/title/tt2802850,TV Series,8.8,60,2014,"Crime, Drama, Thriller",476260,"2014-04-23",
tt0286704,6,2015-11-01,"Hua yang de nian hua","Hua yang de nian hua",https://www.imdb.com/title/tt0286704,Short,7.2,3,2000,"Short, Romance, War",1769,"2001-02-12","Wong Kar-Wai"
tt0099810,8,2015-11-01,"Jakten på Röd Oktober","The Hunt for Red October",https://www.imdb.com/title/tt0099810,Movie,7.5,135,1990,"Action, Drama, Thriller, Adventure",234628,"1990-08-10","John McTiernan"
tt0472062,6,2015-10-30,"Charlie Wilson's War","Charlie Wilson's War",https://www.imdb.com/title/tt0472062,Movie,7.0,102,2007,"Drama, Biography, Comedy, History",132768,"2008-02-01","Mike Nichols"
tt2170593,6,2015-09-20,"St. Vincent","St. Vincent",https://www.imdb.com/title/tt2170593,Movie,7.2,102,2014,"Comedy, Drama",114602,"2015-05-08","Theodore Melfi"
tt4158110,8,2015-09-20,"Mr. Robot","Mr. Robot",https://www.imdb.com/title/tt4158110,TV Series,8.5,45,2015,"Crime, Drama, Thriller",475679,"2015-09-18",
tt1398426,8,2015-09-12,"Straight Outta Compton","Straight Outta Compton",https://www.imdb.com/title/tt1398426,Movie,7.8,147,2015,"Biography, Music, Drama, History",236482,"2015-09-11","F. Gary Gray"
tt0106387,6,2015-09-06,"Benny","Benny & Joon",https://www.imdb.com/title/tt0106387,Movie,7.1,98,1993,"Drama, Romance, Comedy",65909,"1993-07-23","Jeremiah S. Chechik"
tt0352520,7,2015-09-01,"The Life and Death of Peter Sellers","The Life and Death of Peter Sellers",https://www.imdb.com/title/tt0352520,Movie,6.9,122,2004,"Biography, Romance, Comedy, Drama",15991,"2004-10-01","Stephen Hopkins"
tt0107977,6,2015-09-01,"Robin Hood - Karlar i trikåer","Robin Hood: Men in Tights",https://www.imdb.com/title/tt0107977,Movie,6.7,104,1993,"Musical, Adventure, Romance, Comedy",147522,"1994-04-01","Mel Brooks"
tt0093748,7,2015-09-01,"Raka spåret till Chicago","Planes, Trains & Automobiles",https://www.imdb.com/title/tt0093748,Movie,7.6,93,1987,"Drama, Comedy",182412,"1988-05-13","John Hughes"
tt0057012,7,2015-08-30,"Dr. Strangelove eller: Hur jag slutade ängslas och lärde mig älska bomben","Dr. Strangelove or: How I Learned to Stop Worrying and Love the Bomb",https://www.imdb.com/title/tt0057012,Movie,8.3,95,1964,"War, Comedy",555192,"1964-04-13","Stanley Kubrick"
tt0084814,5,2015-08-30,"Jakten på Rosa Pantern","Trail of the Pink Panther",https://www.imdb.com/title/tt0084814,Movie,4.8,96,1982,"Crime, Mystery, Comedy",12318,"1982-12-19","Blake Edwards"
tt0075066,8,2015-08-29,"Rosa Pantern slår igen","The Pink Panther Strikes Again",https://www.imdb.com/title/tt0075066,Movie,7.1,103,1976,"Crime, Comedy",34832,"1977-07-06","Blake Edwards"
tt0078163,6,2015-08-29,"Rosa Panterns hämnd","Revenge of the Pink Panther",https://www.imdb.com/title/tt0078163,Movie,6.6,99,1978,"Crime, Mystery, Comedy",25321,"1978-12-20","Blake Edwards"
tt0072081,8,2015-08-29,"Den Rosa Pantern kommer tillbaka","The Return of the Pink Panther",https://www.imdb.com/title/tt0072081,Movie,7.0,113,1975,"Crime, Mystery, Comedy",32803,"1975-09-28","Blake Edwards"
tt0057413,8,2015-08-29,"Den Rosa Pantern","The Pink Panther",https://www.imdb.com/title/tt0057413,Movie,7.0,115,1963,"Romance, Crime, Comedy",62496,"1963-12-26","Blake Edwards"
tt0114694,6,2015-08-22,"Tommy Boy","Tommy Boy",https://www.imdb.com/title/tt0114694,Movie,7.1,97,1995,"Adventure, Comedy",105951,"1995-03-31","Peter Segal"
tt0107144,6,2015-08-22,"Hot Shots! 2","Hot Shots! Part Deux",https://www.imdb.com/title/tt0107144,Movie,6.6,86,1993,"Action, Comedy",104829,"1993-08-06","Jim Abrahams"
tt0092086,5,2015-08-21,"¡Tre amigos!","Three Amigos!",https://www.imdb.com/title/tt0092086,Movie,6.5,104,1986,"Comedy, Western",93653,"1987-05-08","John Landis"
tt0910554,6,2015-08-19,"Frequently Asked Questions About Time Travel","Frequently Asked Questions About Time Travel",https://www.imdb.com/title/tt0910554,Movie,6.9,83,2009,"Comedy, Sci-Fi",39031,"2021-10-26","Gareth Carrivick"
tt1155056,7,2015-08-16,"I Love You, Man","I Love You, Man",https://www.imdb.com/title/tt1155056,Movie,7.0,105,2009,"Comedy, Romance",227225,"2009-05-29","John Hamburg"
tt0181288,8,2015-08-15,"American Movie","American Movie",https://www.imdb.com/title/tt0181288,Movie,7.8,107,1999,"Documentary, Comedy",21323,"2000-04-13","Chris Smith"
tt3230454,8,2015-08-14,"The Last Man on Earth","The Last Man on Earth",https://www.imdb.com/title/tt3230454,TV Series,7.4,22,2015,"Action, Comedy, Sci-Fi, Romance, Drama",69226,"2015-08-10",
tt2381249,7,2015-08-11,"Mission: Impossible - Rogue Nation","Mission: Impossible - Rogue Nation",https://www.imdb.com/title/tt2381249,Movie,7.4,131,2015,"Action, Adventure, Thriller",450568,"2015-07-31","Christopher McQuarrie"
tt2277106,9,2015-08-11,"The Man Who Saved the World","The Man Who Saved the World",https://www.imdb.com/title/tt2277106,Movie,7.5,110,2013,"Documentary, Biography, History, Drama, War",2793,"2015-06-11","Peter Anthony"
tt4840922,8,2015-08-11,"Bomben som förändrade historien","The Bomb",https://www.imdb.com/title/tt4840922,TV Movie,7.6,115,2015,"Documentary",441,"2015-08-06","Rushmore DeNooyer"
tt3268458,8,2015-08-10,"Internets underbarn","The Internet's Own Boy: The Story of Aaron Swartz",https://www.imdb.com/title/tt3268458,Movie,8.0,105,2014,"Documentary, Biography, Crime",18647,"2014-06-27","Brian Knappenberger"
tt0119256,7,2015-08-09,"Hard Eight","Sydney",https://www.imdb.com/title/tt0119256,Movie,7.1,102,1996,"Crime, Drama",60636,"1997-02-28","Paul Thomas Anderson"
tt0489049,5,2015-08-09,"Fanboys","Fanboys",https://www.imdb.com/title/tt0489049,Movie,6.5,120,2009,"Comedy, Adventure, Crime",63591,"2009-02-13","Kyle Newman"
tt2013293,5,2015-08-07,"Det blåser upp en vind","Kaze tachinu",https://www.imdb.com/title/tt2013293,Movie,7.8,126,2013,"Animation, Biography, Drama, Romance, War, History",115528,"2014-04-04","Hayao Miyazaki"
tt0090728,7,2015-08-06,"Big Trouble in Little China","Big Trouble in Little China",https://www.imdb.com/title/tt0090728,Movie,7.2,99,1986,"Comedy, Adventure, Fantasy, Action",169748,"1986-08-29","John Carpenter"
tt0082340,7,2015-08-06,"Flykten från New York","Escape from New York",https://www.imdb.com/title/tt0082340,Movie,7.1,99,1981,"Adventure, Sci-Fi, Action",175780,"1981-07-27","John Carpenter"
tt0837562,6,2015-08-05,"Hotell Transylvanien","Hotel Transylvania",https://www.imdb.com/title/tt0837562,Movie,7.1,91,2012,"Animation, Comedy, Family, Fantasy",320336,"2012-10-19","Genndy Tartakovsky"
tt0388182,5,2015-08-04,"King of California","King of California",https://www.imdb.com/title/tt0388182,Movie,6.6,93,2007,"Comedy, Drama",24321,"2007-09-12","M. Cahill"
tt0185014,9,2015-08-03,"Wonder Boys","Wonder Boys",https://www.imdb.com/title/tt0185014,Movie,7.2,107,2000,"Drama, Comedy",69461,"2000-11-17","Curtis Hanson"
tt0388139,5,2015-08-03,"It's All Gone Pete Tong","It's All Gone Pete Tong",https://www.imdb.com/title/tt0388139,Movie,7.2,90,2004,"Comedy, Drama, Music, Biography",21396,"2005-07-22","Michael Dowse"
tt2713180,6,2015-08-03,"Fury","Fury",https://www.imdb.com/title/tt2713180,Movie,7.6,134,2014,"Action, Drama, War",620133,"2014-10-24","David Ayer"
tt3148266,5,2015-08-03,"12 Monkeys","12 Monkeys",https://www.imdb.com/title/tt3148266,TV Series,7.7,42,2015,"Drama, Mystery, Sci-Fi, Thriller, Adventure",54733,"2015-01-16",
tt3501584,8,2015-08-03,"iZombie","iZombie",https://www.imdb.com/title/tt3501584,TV Series,7.8,42,2015,"Crime, Drama, Horror, Comedy, Mystery",79810,"2015-06-01",
tt0470752,8,2015-07-31,"Ex Machina","Ex Machina",https://www.imdb.com/title/tt0470752,Movie,7.7,108,2014,"Drama, Sci-Fi, Thriller",646728,"2015-01-21","Alex Garland"
tt0112864,8,2015-07-31,"Die Hard - Hämningslöst","Die Hard with a Vengeance",https://www.imdb.com/title/tt0112864,Movie,7.6,128,1995,"Adventure, Thriller, Action",433771,"1995-06-30","John McTiernan"
tt0095016,8,2015-07-30,"Die Hard","Die Hard",https://www.imdb.com/title/tt0095016,Movie,8.2,132,1988,"Thriller, Action",1041359,"1988-09-30","John McTiernan"
tt0057076,6,2015-07-24,"Agent 007 ser rött","From Russia with Love",https://www.imdb.com/title/tt0057076,Movie,7.3,115,1963,"Thriller, Adventure, Action",160933,"1964-03-31","Terence Young"
tt0096438,6,2015-07-23,"Vem satte dit Roger Rabbit","Who Framed Roger Rabbit",https://www.imdb.com/title/tt0096438,Movie,7.7,104,1988,"Animation, Crime, Family, Adventure, Mystery, Comedy, Fantasy",235731,"1988-12-02","Robert Zemeckis"
tt0120630,7,2015-07-23,"Flykten från hönsgården","Chicken Run",https://www.imdb.com/title/tt0120630,Movie,7.1,84,2000,"Animation, Adventure, Drama, Comedy, Family",227189,"2000-08-18","Peter Lord,Nick Park"
tt0887912,7,2015-07-23,"The Hurt Locker","The Hurt Locker",https://www.imdb.com/title/tt0887912,Movie,7.5,131,2008,"Thriller, Drama, War",500354,"2009-12-04","Kathryn Bigelow"
tt0088680,6,2015-07-22,"En natt i New York","After Hours",https://www.imdb.com/title/tt0088680,Movie,7.6,97,1985,"Drama, Crime, Thriller, Comedy",101141,"1986-05-23","Martin Scorsese"
tt0317919,7,2015-07-22,"Mission: Impossible III","Mission: Impossible III",https://www.imdb.com/title/tt0317919,Movie,6.9,126,2006,"Action, Adventure, Thriller",429350,"2006-05-05","J.J. Abrams"
tt1229238,7,2015-07-21,"Mission: Impossible - Ghost Protocol","Mission: Impossible - Ghost Protocol",https://www.imdb.com/title/tt1229238,Movie,7.4,132,2011,"Action, Thriller, Adventure",570235,"2012-01-27","Brad Bird"
tt0863046,8,2015-07-20,"Flight of the Conchords","Flight of the Conchords",https://www.imdb.com/title/tt0863046,TV Series,8.5,30,2007,"Musical, Comedy, Music",70382,"2007-11-12",
tt0896872,7,2015-07-20,"The Whistleblower","The Whistleblower",https://www.imdb.com/title/tt0896872,Movie,7.1,112,2010,"Drama, Biography, Crime",37456,"2011-10-27","Larysa Kondracki"
tt2692904,5,2015-07-20,"Locke","Locke",https://www.imdb.com/title/tt2692904,Movie,7.1,85,2013,"Drama",170981,"2014-05-16","Steven Knight"
tt0800241,6,2015-07-19,"Transsiberian","Transsiberian",https://www.imdb.com/title/tt0800241,Movie,6.6,111,2008,"Crime, Drama, Thriller, Mystery",56989,"2008-09-05","Brad Anderson"
tt0804497,6,2015-07-17,"It's Kind of a Funny Story","It's Kind of a Funny Story",https://www.imdb.com/title/tt0804497,Movie,7.1,101,2010,"Drama, Comedy, Romance",152430,"2010-10-08","Anna Boden,Ryan Fleck"
tt0102685,6,2015-07-15,"Point Break","Point Break",https://www.imdb.com/title/tt0102685,Movie,7.3,122,1991,"Thriller, Crime, Action",230215,"1991-08-23","Kathryn Bigelow"
tt3729408,7,2015-07-04,"Kalla kriget under ytan","The Silent War",https://www.imdb.com/title/tt3729408,TV Mini Series,7.3,58,2013,"Documentary",43,"2013-12-05",
tt2044056,9,2015-06-29,"The Story of Film","The Story of Film: An Odyssey",https://www.imdb.com/title/tt2044056,TV Mini Series,8.4,62,2011,"Documentary, History",5207,"2013-06-01",
tt3582458,8,2015-06-28,"Frikänd","Frikjent",https://www.imdb.com/title/tt3582458,TV Series,7.3,45,2015,"Crime, Drama",5212,"2015-04-26",
tt3478510,7,2015-06-28,"1971","1971",https://www.imdb.com/title/tt3478510,Movie,7.3,79,2014,"Documentary, History, Thriller",966,"2015-06-05","Johanna Hamilton"
tt0083791,6,2015-06-28,"Den mörka kristallen","The Dark Crystal",https://www.imdb.com/title/tt0083791,Movie,7.1,93,1982,"Family, Adventure, Fantasy",78105,"1983-04-01","Jim Henson,Frank Oz"
tt1827579,8,2015-06-28,"Spike Island","Spike Island",https://www.imdb.com/title/tt1827579,Movie,6.3,105,2012,"Drama, Music, Comedy",4611,"2013-06-21","Mat Whitecross"
tt2126403,6,2015-06-28,"The Stone Roses: Made of Stone","The Stone Roses: Made of Stone",https://www.imdb.com/title/tt2126403,Movie,7.2,97,2013,"Documentary, Music",2917,"2013-09-06","Shane Meadows"
tt1982177,7,2015-06-18,"Exit Marrakech","Exit Marrakech",https://www.imdb.com/title/tt1982177,Movie,6.3,123,2013,"Drama, Adventure",897,"2013-10-24","Caroline Link"
tt0369610,5,2015-06-18,"Jurassic World","Jurassic World",https://www.imdb.com/title/tt0369610,Movie,6.9,124,2015,"Adventure, Sci-Fi, Action",739082,"2015-06-10","Colin Trevorrow"
tt2305051,8,2015-06-07,"Wild","Wild",https://www.imdb.com/title/tt2305051,Movie,7.1,115,2014,"Drama, Biography, Adventure",147610,"2015-01-16","Jean-Marc Vallée"
tt3472226,6,2015-06-06,"Kung Fury","Kung Fury",https://www.imdb.com/title/tt3472226,Short,7.9,31,2015,"Short, Action, Comedy, Fantasy, Sci-Fi",65429,"2015-05-28","David Sandberg"
tt3021686,9,2015-06-04,"The Honourable Woman","The Honourable Woman",https://www.imdb.com/title/tt3021686,TV Mini Series,7.9,58,2014,"Drama, Thriller",12191,"2015-04-14",
tt0925266,8,2015-05-21,"Pushing Daisies","Pushing Daisies",https://www.imdb.com/title/tt0925266,TV Series,8.4,44,2007,"Musical, Comedy, Drama, Fantasy, Mystery, Romance",62660,"2008-02-07",
tt1386703,6,2015-05-15,"Total Recall","Total Recall",https://www.imdb.com/title/tt1386703,Movie,6.2,118,2012,"Action, Adventure, Sci-Fi, Thriller",277913,"2012-08-08","Len Wiseman"
tt2192570,6,2015-05-15,"Beyond: Two Souls","Beyond: Two Souls",https://www.imdb.com/title/tt2192570,Video Game,8.3,,2013,"Adventure, Action, Mystery, Romance, Sci-Fi, Fantasy, Drama, Thriller, Crime, War",14658,"2013-10-09","David Cage"
tt0910970,7,2015-05-15,"Wall-E","WALL·E",https://www.imdb.com/title/tt0910970,Movie,8.4,98,2008,"Animation, Sci-Fi, Adventure, Family",1344270,"2008-09-05","Andrew Stanton"
tt1119646,7,2015-05-10,"Baksmällan","The Hangover",https://www.imdb.com/title/tt1119646,Movie,7.7,100,2009,"Comedy",946388,"2009-06-10","Todd Phillips"
tt1430626,7,2015-05-04,"Piraterna!","The Pirates! In an Adventure with Scientists!",https://www.imdb.com/title/tt1430626,Movie,6.7,88,2012,"Animation, Adventure, Family, Comedy, Fantasy, Action, History",54874,"2012-03-30","Peter Lord,Jeff Newitt"
tt1911658,6,2015-05-02,"Pingvinerna från Madagaskar","Penguins of Madagascar",https://www.imdb.com/title/tt1911658,Movie,6.7,92,2014,"Animation, Adventure, Comedy, Family, Sci-Fi, Action, Crime",118492,"2014-12-25","Eric Darnell,Simon J. Smith"
tt0362270,7,2015-05-01,"The Life Aquatic with Steve Zissou","The Life Aquatic with Steve Zissou",https://www.imdb.com/title/tt0362270,Movie,7.2,119,2004,"Comedy, Adventure, Drama, Action, Romance",222528,"2005-04-01","Wes Anderson"
tt0265666,7,2015-05-01,"The Royal Tenenbaums","The Royal Tenenbaums",https://www.imdb.com/title/tt0265666,Movie,7.6,110,2001,"Drama, Comedy",339263,"2002-03-22","Wes Anderson"
tt1068680,6,2015-05-01,"Yes Man","Yes Man",https://www.imdb.com/title/tt1068680,Movie,6.8,104,2008,"Comedy, Romance",409476,"2008-12-19","Peyton Reed"
tt0110475,7,2015-05-01,"The Mask","The Mask",https://www.imdb.com/title/tt0110475,Movie,7.0,101,1994,"Crime, Comedy, Fantasy",478228,"1994-12-25","Chuck Russell"
tt1606610,8,2015-04-30,"Heavy Rain","Heavy Rain",https://www.imdb.com/title/tt1606610,Video Game,8.7,,2010,"Crime, Mystery, Drama, Thriller, Sci-Fi, Romance, Action, Adventure",16682,"2010-02-18","David Cage"
tt1343092,7,2015-04-30,"Den store Gatsby","The Great Gatsby",https://www.imdb.com/title/tt1343092,Movie,7.2,143,2013,"Drama, Romance",650691,"2013-05-17","Baz Luhrmann"
tt0109162,5,2015-04-30,"Astérix i Amerika","Asterix Conquers America",https://www.imdb.com/title/tt0109162,Movie,5.9,85,1994,"Animation, Adventure, Fantasy, Western, Family, Comedy",9227,"1994-09-29","Gerhard Hahn"
tt4044364,8,2015-04-29,"Citizenfour","Citizenfour",https://www.imdb.com/title/tt4044364,Movie,8.0,114,2014,"Documentary, Biography",60411,"2014-11-06","Laura Poitras"
tt0120873,6,2015-04-28,"U.S. Marshals","U.S. Marshals",https://www.imdb.com/title/tt0120873,Movie,6.6,131,1998,"Crime, Thriller, Action",121437,"1998-04-24","Stuart Baird"
tt0096842,6,2015-04-26,"Asterix och bautastensmällen","Astérix et le coup du menhir",https://www.imdb.com/title/tt0096842,Movie,6.4,81,1989,"Animation, Adventure, Fantasy, Family, Comedy",9721,"1991-02-22","Philippe Grimond"
tt0088748,8,2015-04-25,"Asterix - gallernas hjälte","Astérix et la surprise de César",https://www.imdb.com/title/tt0088748,Movie,6.8,79,1985,"Animation, Fantasy, Comedy, Adventure, Family",11600,"1987-02-21","Gaëtan Brizzi,Paul Brizzi"
tt0460791,8,2015-04-25,"The Fall","The Fall",https://www.imdb.com/title/tt0460791,Movie,7.8,117,2006,"Drama, Fantasy, Adventure",132020,"2008-05-30","Tarsem Singh"
tt0100935,7,2015-04-25,"Wild at Heart","Wild at Heart",https://www.imdb.com/title/tt0100935,Movie,7.2,125,1990,"Crime, Thriller, Drama",113438,"1990-11-02","David Lynch"
tt0106308,7,2015-04-25,"Army of Darkness - Evil Dead III","Army of Darkness",https://www.imdb.com/title/tt0106308,Movie,7.4,81,1992,"Comedy, Horror",213084,"1993-06-18","Sam Raimi"
tt0112281,7,2015-04-25,"Ace Ventura - Den galopperande detektiven rider igen","Ace Ventura: When Nature Calls",https://www.imdb.com/title/tt0112281,Movie,6.4,90,1995,"Adventure, Crime, Comedy",251887,"1996-02-09","Steve Oedekerk"
tt3715406,6,2015-04-12,"Atari: Game Over","Atari: Game Over",https://www.imdb.com/title/tt3715406,Movie,6.7,66,2014,"Documentary",6269,"2014-11-20","Zak Penn"
tt1706620,6,2015-04-12,"Snowpiercer","Snowpiercer",https://www.imdb.com/title/tt1706620,Movie,7.1,126,2013,"Sci-Fi, Thriller, Action, Drama",426206,"2013-08-01","Bong Joon Ho"
tt0109686,8,2015-04-11,"Dum & dummare","Dumb and Dumber",https://www.imdb.com/title/tt0109686,Movie,7.3,107,1994,"Comedy",448392,"1995-06-09","Peter Farrelly"
tt1019452,7,2015-04-11,"A Serious Man","A Serious Man",https://www.imdb.com/title/tt1019452,Movie,7.0,106,2009,"Drama, Comedy",160073,"2009-12-25","Ethan Coen,Joel Coen"
tt0751163,8,2015-03-31,"Arkiv X: Monday","The X Files: Monday",https://www.imdb.com/title/tt0751163,TV Episode,8.7,45,1999,"Drama, Crime, Adventure, Sci-Fi, Mystery, Thriller",5302,"1999-02-28","Kim Manners"
tt0751233,8,2015-03-31,"Arkiv X: The Rain King","The X Files: The Rain King",https://www.imdb.com/title/tt0751233,TV Episode,7.3,45,1999,"Drama, Crime, Adventure, Sci-Fi, Mystery, Thriller",4464,"1999-01-10","Kim Manners"
tt0751249,9,2015-03-30,"Arkiv X: Triangle","The X Files: Triangle",https://www.imdb.com/title/tt0751249,TV Episode,8.5,45,1998,"Drama, Crime, Adventure, Sci-Fi, Mystery, Thriller",5831,"1998-11-22","Chris Carter"
tt0751081,9,2015-03-30,"Arkiv X: Bad Blood","The X Files: Bad Blood",https://www.imdb.com/title/tt0751081,TV Episode,9.2,45,1998,"Drama, Crime, Adventure, Sci-Fi, Mystery, Thriller",7844,"1998-02-22","Cliff Bole"
tt0751205,9,2015-03-29,"Arkiv X: Small Potatoes","The X Files: Small Potatoes",https://www.imdb.com/title/tt0751205,TV Episode,8.9,45,1997,"Drama, Crime, Adventure, Sci-Fi, Mystery, Thriller",6135,"1997-04-20","Cliff Bole"
tt0751259,9,2015-03-27,"Arkiv X: War of the Coprophages","The X Files: War of the Coprophages",https://www.imdb.com/title/tt0751259,TV Episode,8.6,45,1996,"Drama, Crime, Adventure, Sci-Fi, Mystery, Thriller",6791,"1996-01-05","Kim Manners"
tt0751092,10,2015-03-27,"Arkiv X: Clyde Bruckman's Final Repose","The X Files: Clyde Bruckman's Final Repose",https://www.imdb.com/title/tt0751092,TV Episode,9.2,45,1995,"Drama, Crime, Adventure, Sci-Fi, Mystery, Thriller",8844,"1995-10-13","David Nutter"
tt0751147,10,2015-03-27,"Arkiv X: Jose Chung's 'From Outer Space'","The X Files: Jose Chung's 'From Outer Space'",https://www.imdb.com/title/tt0751147,TV Episode,8.8,45,1996,"Drama, Crime, Adventure, Sci-Fi, Mystery, Thriller",7740,"1996-04-12","Rob Bowman"
tt2205697,7,2015-03-23,"Stuck in Love.","Stuck in Love",https://www.imdb.com/title/tt2205697,Movie,7.2,97,2012,"Drama, Comedy, Romance",96253,"2013-05-02","Josh Boone"
tt2494834,7,2015-03-21,"Stockholm Stories","Stockholm Stories",https://www.imdb.com/title/tt2494834,Movie,6.1,97,2013,"Drama, Romance",787,"2014-03-07","Karin Fahlén"
tt4479566,8,2015-03-07,"Nemas Problemas","Nemas Problemas",https://www.imdb.com/title/tt4479566,TV Series,8.2,,2015,"Reality-TV",152,"2015-02-23",
tt1897995,8,2015-03-07,"99 Saker Man Måste Göra Innan Man Dör","99 saker man måste göra innan man dör",https://www.imdb.com/title/tt1897995,TV Series,7.9,60,2011,"Reality-TV, Comedy",98,"2011-02-22",
tt0240772,6,2015-03-04,"Ocean's Eleven","Ocean's Eleven",https://www.imdb.com/title/tt0240772,Movie,7.7,116,2001,"Thriller, Crime",685128,"2002-01-18","Steven Soderbergh"
tt0310793,7,2015-03-04,"Bowling for Columbine","Bowling for Columbine",https://www.imdb.com/title/tt0310793,Movie,7.9,120,2002,"Documentary, Crime, Drama",152796,"2003-02-07","Michael Moore"
tt0089469,6,2015-03-04,"Legenden - Mörkrets härskare","Legend",https://www.imdb.com/title/tt0089469,Movie,6.3,94,1985,"Romance, Adventure, Fantasy",81444,"1985-10-04","Ridley Scott"
tt0033870,7,2015-03-01,"Riddarfalken från Malta","The Maltese Falcon",https://www.imdb.com/title/tt0033870,Movie,7.9,100,1941,"Drama, Crime, Romance, Mystery, Film-Noir",175727,"1943-02-15","John Huston"
tt0090390,7,2015-02-28,"Alf","ALF",https://www.imdb.com/title/tt0090390,TV Series,7.4,25,1986,"Sci-Fi, Family, Comedy",43127,"1988-01-12",
tt0109254,5,2015-02-21,"Snuten i Hollywood III","Beverly Hills Cop III",https://www.imdb.com/title/tt0109254,Movie,5.5,104,1994,"Crime, Thriller, Comedy, Action",101429,"1994-09-02","John Landis"
tt2103085,8,2015-02-21,"Top of the Lake","Top of the Lake",https://www.imdb.com/title/tt2103085,TV Series,7.4,,2013,"Drama, Crime, Mystery, Thriller",40079,"2013-08-19",
tt0117628,7,2015-02-19,"Hon är min","She's the One",https://www.imdb.com/title/tt0117628,Movie,6.0,96,1996,"Drama, Romance, Comedy",20278,"1997-04-04","Edward Burns"
tt0266543,6,2015-02-19,"Hitta Nemo","Finding Nemo",https://www.imdb.com/title/tt0266543,Movie,8.2,100,2003,"Animation, Family, Comedy, Adventure",1227197,"2003-11-14","Andrew Stanton,Lee Unkrich"
tt0080339,6,2015-02-19,"Titta vi flyger","Airplane!",https://www.imdb.com/title/tt0080339,Movie,7.7,88,1980,"Comedy",293195,"1980-12-25","Jim Abrahams,David Zucker,Jerry Zucker"
tt0108122,7,2015-02-19,"Short Cuts","Short Cuts",https://www.imdb.com/title/tt0108122,Movie,7.6,188,1993,"Comedy, Drama",50410,"1994-04-22","Robert Altman"
tt1531663,8,2015-02-19,"Neighbor for Sale","Everything Must Go",https://www.imdb.com/title/tt1531663,Movie,6.4,97,2010,"Drama, Comedy",55537,"2011-10-14","Dan Rush"
tt0082199,5,2015-02-18,"Condorman","Condorman",https://www.imdb.com/title/tt0082199,Movie,5.7,90,1981,"Drama, Romance, Comedy, Adventure, Family, Action",5846,"1982-02-22","Charles Jarrott"
tt0829482,9,2015-02-18,"Supersugen","Superbad",https://www.imdb.com/title/tt0829482,Movie,7.6,113,2007,"Comedy",705127,"2007-09-21","Greg Mottola"
tt2357377,7,2015-02-18,"Bereullin","Bereullin",https://www.imdb.com/title/tt2357377,Movie,6.6,121,2013,"Action, Thriller",8109,"2013-01-31","Ryoo Seung-wan"
tt2402157,7,2015-02-18,"The November Man","The November Man",https://www.imdb.com/title/tt2402157,Movie,6.3,108,2014,"Thriller, Action, Adventure, Crime, Mystery",73669,"2014-12-05","Roger Donaldson"
tt0089853,8,2015-02-18,"Kairos röda ros","The Purple Rose of Cairo",https://www.imdb.com/title/tt0089853,Movie,7.6,82,1985,"Fantasy, Romance, Comedy",58507,"1985-08-23","Woody Allen"
tt0102057,6,2015-02-17,"Hook","Hook",https://www.imdb.com/title/tt0102057,Movie,6.8,142,1991,"Comedy, Adventure, Family, Fantasy",295096,"1992-03-27","Steven Spielberg"
tt0215750,5,2015-02-17,"Enemy at the Gates","Enemy at the Gates",https://www.imdb.com/title/tt0215750,Movie,7.5,131,2001,"Action, Drama, War",296193,"2001-03-30","Jean-Jacques Annaud"
tt0390521,5,2015-02-17,"Super Size Me","Super Size Me",https://www.imdb.com/title/tt0390521,Movie,7.2,100,2004,"Documentary",115641,"2004-09-17","Morgan Spurlock"
tt2616280,5,2015-02-17,"Derek","Derek",https://www.imdb.com/title/tt2616280,TV Series,8.1,23,2012,"Comedy, Drama",38153,"2019-04-05",
tt1411697,6,2015-02-17,"Baksmällan del II","The Hangover Part II",https://www.imdb.com/title/tt1411697,Movie,6.5,102,2011,"Comedy",587080,"2011-05-25","Todd Phillips"
tt2310332,5,2015-02-17,"Hobbit del 3: Femhäraslaget","The Hobbit: The Battle of the Five Armies",https://www.imdb.com/title/tt2310332,Movie,7.4,144,2014,"Adventure, Fantasy",626422,"2014-12-10","Peter Jackson"
tt0098800,6,2015-02-17,"Fresh Prince i Bel-Air","The Fresh Prince of Bel-Air",https://www.imdb.com/title/tt0098800,TV Series,7.9,22,1990,"Comedy",154523,"1994-02-14",
tt0182576,7,2015-02-17,"Family Guy","Family Guy",https://www.imdb.com/title/tt0182576,TV Series,8.1,22,1999,"Animation, Comedy",392692,"1999-01-31",
tt1323594,6,2015-02-17,"Dumma mej","Despicable Me",https://www.imdb.com/title/tt1323594,Movie,7.6,95,2010,"Animation, Family, Comedy, Sci-Fi, Crime, Adventure",641695,"2010-10-01","Pierre Coffin,Chris Renaud"
tt0064116,7,2015-02-17,"Harmonica - En hämnare","C'era una volta il West",https://www.imdb.com/title/tt0064116,Movie,8.5,166,1968,"Drama, Western",388304,"1969-08-04","Sergio Leone"
tt2782710,8,2015-02-17,"Vice","Vice",https://www.imdb.com/title/tt2782710,TV Series,8.7,30,2013,"Documentary, News",4464,"2013-04-05",
tt0397306,8,2015-02-17,"American Dad!","American Dad!",https://www.imdb.com/title/tt0397306,TV Series,7.4,22,2005,"Animation, Comedy",145860,"2005-10-10",
tt0096697,7,2015-02-17,"Simpsons","The Simpsons",https://www.imdb.com/title/tt0096697,TV Series,8.6,22,1989,"Animation, Comedy",473616,"1990-12-01",
tt0061107,4,2015-02-17,"En läcka i ridån","Torn Curtain",https://www.imdb.com/title/tt0061107,Movie,6.6,128,1966,"Thriller, Romance, Drama",32016,"1966-09-26","Alfred Hitchcock"
tt0065112,5,2015-02-16,"Topaz","Topaz",https://www.imdb.com/title/tt0065112,Movie,6.2,143,1969,"Drama, Thriller",21242,"1969-12-17","Alfred Hitchcock"
tt0377107,5,2015-02-15,"Proof","Proof",https://www.imdb.com/title/tt0377107,Movie,6.6,100,2005,"Drama, Mystery",48043,"2005-11-25","John Madden"
tt0374900,6,2015-02-15,"Napoleon Dynamite","Napoleon Dynamite",https://www.imdb.com/title/tt0374900,Movie,7.0,96,2004,"Comedy",259838,"2004-08-27","Jared Hess"
tt2015381,6,2015-02-15,"Guardians of the Galaxy","Guardians of the Galaxy",https://www.imdb.com/title/tt2015381,Movie,8.0,121,2014,"Sci-Fi, Action, Adventure, Comedy",1387160,"2014-08-01","James Gunn"
tt0120749,5,2015-02-15,"Kod Mercury","Mercury Rising",https://www.imdb.com/title/tt0120749,Movie,6.1,111,1998,"Crime, Drama, Thriller, Action",82004,"1998-09-18","Harold Becker"
tt0381061,7,2015-02-15,"Casino Royale","Casino Royale",https://www.imdb.com/title/tt0381061,Movie,8.0,144,2006,"Thriller, Action, Adventure",755384,"2006-11-24","Martin Campbell"
tt0450259,8,2015-02-14,"Blood Diamond","Blood Diamond",https://www.imdb.com/title/tt0450259,Movie,8.0,143,2006,"Drama, Adventure, Thriller",632205,"2007-03-02","Edward Zwick"
tt0457400,4,2015-02-14,"Land of the Lost","Land of the Lost",https://www.imdb.com/title/tt0457400,Movie,5.4,102,2009,"Adventure, Comedy, Sci-Fi, Action",80995,"2009-09-11","Brad Silberling"
tt2802144,5,2015-02-13,"Kingsman: The Secret Service","Kingsman: The Secret Service",https://www.imdb.com/title/tt2802144,Movie,7.7,129,2014,"Adventure, Action, Comedy, Thriller",785416,"2015-01-30","Matthew Vaughn"
tt2562232,8,2015-02-08,"Birdman","Birdman or (The Unexpected Virtue of Ignorance)",https://www.imdb.com/title/tt2562232,Movie,7.7,119,2014,"Comedy, Drama",704304,"2015-01-09","Alejandro G. Iñárritu"
tt1520211,8,2015-02-08,"The Walking Dead","The Walking Dead",https://www.imdb.com/title/tt1520211,TV Series,8.1,45,2010,"Horror, Drama, Thriller",1216654,"2011-02-20",
tt0095631,6,2015-01-31,"Midnight Run","Midnight Run",https://www.imdb.com/title/tt0095631,Movie,7.5,126,1988,"Thriller, Crime, Comedy, Action",105498,"1988-11-04","Martin Brest"
tt1492966,8,2015-01-25,"Louie","Louie",https://www.imdb.com/title/tt1492966,TV Series,8.5,22,2010,"Comedy, Drama",85765,"2012-09-26",
tt0059749,4,2015-01-24,"Spionen som kom in från kylan","The Spy Who Came in from the Cold",https://www.imdb.com/title/tt0059749,Movie,7.5,112,1965,"Drama, Thriller",21026,"1966-04-18","Martin Ritt"
tt2084970,7,2015-01-24,"The Imitation Game","The Imitation Game",https://www.imdb.com/title/tt2084970,Movie,8.0,114,2014,"Drama, Biography, Thriller, War",886415,"2015-01-16","Morten Tyldum"
tt2397535,8,2015-01-23,"Predestination","Predestination",https://www.imdb.com/title/tt2397535,Movie,7.4,97,2014,"Sci-Fi, Thriller, Drama, Action",341343,"2014-08-28","Michael Spierig,Peter Spierig"
tt0056172,7,2015-01-18,"Lawrence av Arabien","Lawrence of Arabia",https://www.imdb.com/title/tt0056172,Movie,8.3,227,1962,"Biography, Drama, War, Adventure",346829,"1963-03-22","David Lean"
tt1711386,9,2015-01-17,"Dag","Dag",https://www.imdb.com/title/tt1711386,TV Series,8.5,23,2010,"Drama, Comedy",5661,"2011-10-18",
tt1587310,5,2015-01-17,"Maleficent","Maleficent",https://www.imdb.com/title/tt1587310,Movie,6.9,97,2014,"Fantasy, Adventure, Family, Romance, Drama",428544,"2014-05-28","Robert Stromberg"
tt1216491,6,2015-01-11,"Kill the Messenger","Kill the Messenger",https://www.imdb.com/title/tt1216491,Movie,6.9,112,2014,"Drama, Crime, Mystery, Thriller, Biography",50499,"2014-10-09","Michael Cuesta"
tt1645080,6,2015-01-11,"The Art of Getting By","The Art of Getting By",https://www.imdb.com/title/tt1645080,Movie,6.5,83,2011,"Drama, Romance, Comedy, Family",62514,"2011-06-17","Gavin Wiesen"
tt3261290,6,2015-01-10,"Radioactive Wolves: Chernobyl's Nuclear Wilderness","Radioactive Wolves: Chernobyl's Nuclear Wilderness",https://www.imdb.com/title/tt3261290,Movie,7.1,60,2011,"Documentary",77,"2011-04-12","Klaus Feichtenberger"
tt1343727,8,2015-01-10,"Dredd","Dredd",https://www.imdb.com/title/tt1343727,Movie,7.1,95,2012,"Action, Sci-Fi, Crime",315269,"2012-10-12","Pete Travis"
tt1049413,7,2015-01-08,"Upp","Up",https://www.imdb.com/title/tt1049413,Movie,8.3,96,2009,"Animation, Family, Adventure, Comedy, Drama",1258332,"2009-10-16","Pete Docter,Bob Peterson"
tt0910936,7,2015-01-07,"Pineapple Express","Pineapple Express",https://www.imdb.com/title/tt0910936,Movie,6.9,112,2008,"Comedy, Crime, Action",375791,"2008-11-14","David Gordon Green"
tt0110413,6,2015-01-07,"Léon","Léon",https://www.imdb.com/title/tt0110413,Movie,8.5,110,1994,"Action, Drama, Crime, Thriller",1368071,"1995-02-24","Luc Besson"
tt0347149,6,2015-01-07,"Det levande slottet","Hauru no ugoku shiro",https://www.imdb.com/title/tt0347149,Movie,8.2,119,2004,"Animation, Adventure, Family, Fantasy",522825,"2005-10-21","Hayao Miyazaki"
tt0374463,8,2015-01-07,"The Pacific","The Pacific",https://www.imdb.com/title/tt0374463,TV Mini Series,8.3,60,2010,"Drama, War, History, Action, Adventure",146116,"2010-04-04",
tt0122690,8,2015-01-07,"Ronin","Ronin",https://www.imdb.com/title/tt0122690,Movie,7.2,122,1998,"Crime, Thriller, Action",210546,"1999-01-08","John Frankenheimer"
tt0215685,8,2015-01-07,"The Crimson Permanent Assurance","The Crimson Permanent Assurance",https://www.imdb.com/title/tt0215685,Short,7.8,16,1983,"Short, Comedy, Adventure, Fantasy",5642,"1983-04","Terry Gilliam"
tt1321865,8,2015-01-07,"Carlos","Carlos",https://www.imdb.com/title/tt1321865,TV Mini Series,7.6,111,2010,"Crime, Drama, Biography, Thriller, History",15141,"2010-05-19",
tt0806029,8,2015-01-07,"Farewell","L'affaire Farewell",https://www.imdb.com/title/tt0806029,Movie,6.9,113,2009,"Thriller, Drama, Romance",7226,"2009-09-23","Christian Carion"
tt1183380,9,2015-01-07,"Le système Poutine","Le système Poutine",https://www.imdb.com/title/tt1183380,TV Movie,7.5,98,2007,"Documentary",297,"2007-11-29","Jean-Michel Carré"
tt0151804,9,2015-01-07,"Office Space","Office Space",https://www.imdb.com/title/tt0151804,Movie,7.6,89,1999,"Comedy",312178,"1999-06-11","Mike Judge"
tt0170896,10,2015-01-07,"Kalla kriget","Cold War",https://www.imdb.com/title/tt0170896,TV Mini Series,8.7,47,1998,"Documentary, History, War",1120,"1998-09-19",
tt1037033,9,2015-01-07,"A Complete History of My Sexual Failures","A Complete History of My Sexual Failures",https://www.imdb.com/title/tt1037033,Movie,6.2,90,2008,"Documentary, Comedy",3902,"2009-04-24","Chris Waitt"
tt0409459,10,2015-01-07,"Watchmen","Watchmen",https://www.imdb.com/title/tt0409459,Movie,7.6,162,2009,"Sci-Fi, Action, Mystery, Drama",617107,"2009-03-13","Zack Snyder"
tt0093779,8,2015-01-07,"Bleka dödens minut","The Princess Bride",https://www.imdb.com/title/tt0093779,Movie,8.0,98,1987,"Family, Comedy, Romance, Adventure, Fantasy",491808,"1988-10-14","Rob Reiner"
tt2092452,7,2015-01-06,"Pirates of the Caribbean: Tales of the Code: Wedlocked","Pirates of the Caribbean: Tales of the Code: Wedlocked",https://www.imdb.com/title/tt2092452,Short,6.7,10,2011,"Short, Action, Adventure, Fantasy",6855,"2011-10-18","James Ward Byrkit"
tt3335962,4,2015-01-06,"Viva Hate","Viva Hate",https://www.imdb.com/title/tt3335962,TV Mini Series,6.4,175,2014,"Drama",448,"2014-12-25",
tt0085678,4,2015-01-06,"High Road to China","High Road to China",https://www.imdb.com/title/tt0085678,Movie,6.1,105,1983,"Drama, War, Romance, Adventure",6537,"1983-08-12","Brian G. Hutton"
tt3456290,8,2015-01-05,"Den fjärde mannen","Den fjärde mannen",https://www.imdb.com/title/tt3456290,TV Mini Series,6.8,,2014,"Crime, Drama",906,"2014-12-30",
tt0185906,9,2015-01-04,"Band of Brothers","Band of Brothers",https://www.imdb.com/title/tt0185906,TV Mini Series,9.4,60,2001,"History, Action, Drama, War",607558,"2002-12-19",
tt1690953,6,2015-01-03,"Dumma mej 2","Despicable Me 2",https://www.imdb.com/title/tt1690953,Movie,7.3,98,2013,"Animation, Comedy, Family, Sci-Fi, Adventure, Crime",466186,"2013-06-26","Pierre Coffin,Chris Renaud"
tt1385826,7,2015-01-03,"The Adjustment Bureau","The Adjustment Bureau",https://www.imdb.com/title/tt1385826,Movie,7.0,106,2011,"Romance, Thriller, Sci-Fi, Crime, Mystery, Drama",285314,"2011-03-11","George Nolfi"
tt0095250,8,2015-01-02,"Det stora blå","Le grand bleu",https://www.imdb.com/title/tt0095250,Movie,7.5,168,1988,"Sport, Adventure, Drama",59457,"1988-09-30","Luc Besson"
tt1601913,6,2015-01-02,"The Grey","The Grey",https://www.imdb.com/title/tt1601913,Movie,6.7,117,2011,"Drama, Thriller, Adventure, Action",276344,"2012-01-27","Joe Carnahan"
tt0993842,6,2015-01-02,"Hanna","Hanna",https://www.imdb.com/title/tt0993842,Movie,6.7,111,2011,"Thriller, Action, Drama, Adventure",216018,"2011-07-06","Joe Wright"
tt0106856,8,2015-01-02,"Falling Down","Falling Down",https://www.imdb.com/title/tt0106856,Movie,7.5,113,1993,"Crime, Drama, Thriller",229673,"1993-05-28","Joel Schumacher"
tt1245492,6,2015-01-02,"This Is the End","This Is the End",https://www.imdb.com/title/tt1245492,Movie,6.6,107,2013,"Comedy, Fantasy, Sci-Fi",459565,"2013-10-25","Evan Goldberg,Seth Rogen"
tt2275946,5,2015-01-02,"Redirected","Redirected",https://www.imdb.com/title/tt2275946,Movie,6.4,99,2014,"Crime, Comedy, Action, Thriller",35068,"2014-01-10","Emilis Velyvis"
tt1045670,6,2015-01-01,"Happy-Go-Lucky","Happy-Go-Lucky",https://www.imdb.com/title/tt1045670,Movie,7.0,118,2008,"Drama, Comedy, Romance",42894,"2008-11-28","Mike Leigh"
tt0107048,7,2015-01-01,"Måndag hela veckan","Groundhog Day",https://www.imdb.com/title/tt0107048,Movie,8.0,101,1993,"Fantasy, Drama, Romance, Comedy",741662,"1993-04-02","Harold Ramis"
tt1152758,7,2015-01-01,"Dear Zachary","Dear Zachary: A Letter to a Son About His Father",https://www.imdb.com/title/tt1152758,Movie,8.5,93,2008,"Documentary, Crime, Drama, Biography",46831,"2015-12-14","Kurt Kuenne"
tt0120263,9,2015-01-01,"Sånger från andra våningen","Sånger från andra våningen",https://www.imdb.com/title/tt0120263,Movie,7.5,98,2000,"Comedy, Drama",21765,"2000-10-06","Roy Andersson"
tt1883180,9,2015-01-01,"En duva satt på en gren och funderade på tillvaron","En duva satt på en gren och funderade på tillvaron",https://www.imdb.com/title/tt1883180,Movie,6.9,101,2014,"Comedy, Drama, Fantasy",20714,"2014-11-14","Roy Andersson"
tt1565434,7,2015-01-01,"No Distance Left to Run - en film om Blur","Blur: No Distance Left to Run",https://www.imdb.com/title/tt1565434,Movie,7.9,104,2010,"Documentary, Music, Biography",1446,"2010-01-22","Will Lovelace,Dylan Southern"
tt2699110,8,2014-12-30,"The Affair","The Affair",https://www.imdb.com/title/tt2699110,TV Series,7.9,60,2014,"Drama",52543,"2021-03-11",
tt2788710,4,2014-12-30,"The Interview","The Interview",https://www.imdb.com/title/tt2788710,Movie,6.5,112,2014,"Comedy, Action, Adventure",380165,"2014-12-24","Evan Goldberg,Seth Rogen"
tt0094898,6,2014-12-28,"En prins i New York","Coming to America",https://www.imdb.com/title/tt0094898,Movie,7.1,117,1988,"Romance, Comedy",242800,"1988-10-21","John Landis"
tt0086960,7,2014-12-28,"Snuten i Hollywood","Beverly Hills Cop",https://www.imdb.com/title/tt0086960,Movie,7.4,105,1984,"Crime, Thriller, Comedy, Action",234890,"1985-02-15","Martin Brest"
tt0122573,6,2014-12-28,"Sista kontraktet","Sista kontraktet",https://www.imdb.com/title/tt0122573,Movie,6.2,114,1998,"Crime, Thriller",1480,"1998-03-06","Kjell Sundvall"
tt2070768,7,2014-12-28,"Palme","Palme",https://www.imdb.com/title/tt2070768,TV Mini Series,7.6,103,2012,"Documentary, Biography, History",1560,"2012-12-25",
tt2602070,8,2014-12-28,"En pilgrims död","En pilgrims död",https://www.imdb.com/title/tt2602070,TV Mini Series,7.1,,2013,"Crime, Drama",1267,"2013-01-13",
tt1922685,4,2014-12-21,"Phantom","Phantom",https://www.imdb.com/title/tt1922685,Movie,5.9,98,2013,"Thriller, History, War, Drama",15744,"2013-03-01","Todd Robinson"
tt2106550,5,2014-12-21,"Secret Agents","Möbius",https://www.imdb.com/title/tt2106550,Movie,6.2,103,2013,"Drama, Thriller",6145,"2013-02-27","Eric Rochant"
tt2186574,6,2014-12-21,"The Spy","Die Spionin",https://www.imdb.com/title/tt2186574,TV Movie,5.7,104,2013,"Drama, History, Thriller",149,"2013-12-27","Miguel Alexandre"
tt0071230,6,2014-12-20,"Det våras för sheriffen","Blazing Saddles",https://www.imdb.com/title/tt0071230,Movie,7.7,93,1974,"Comedy, Western",166873,"1974-09-23","Mel Brooks"
tt1037705,6,2014-12-20,"The Book of Eli","The Book of Eli",https://www.imdb.com/title/tt1037705,Movie,6.8,118,2010,"Adventure, Drama, Thriller, Action",364670,"2010-01-15","Albert Hughes,Allen Hughes"
tt2267998,8,2014-12-18,"Gone Girl","Gone Girl",https://www.imdb.com/title/tt2267998,Movie,8.1,149,2014,"Thriller, Drama, Mystery",1190270,"2014-10-03","David Fincher"
tt0060437,5,2014-12-16,"Begravning i Berlin","Funeral in Berlin",https://www.imdb.com/title/tt0060437,Movie,6.8,102,1966,"Thriller",8840,"1967-03-06","Guy Hamilton"
tt0089740,5,2014-12-16,"Orions bälte","Orions belte",https://www.imdb.com/title/tt0089740,Movie,6.8,89,1985,"Thriller, Action",2369,"1985-10-25","Ola Solum,Tristan de Vere Cole"
tt0426911,5,2014-12-15,"Archangel","Archangel",https://www.imdb.com/title/tt0426911,TV Movie,6.4,124,2005,"Thriller, Drama, Mystery, Crime",6786,"2006-04-11","Jon Jones"
tt0433383,7,2014-12-14,"Good Night, and Good Luck.","Good Night, and Good Luck.",https://www.imdb.com/title/tt0433383,Movie,7.4,93,2005,"Drama, Biography, History",105848,"2006-03-24","George Clooney"
tt0102138,8,2014-12-14,"JFK","JFK",https://www.imdb.com/title/tt0102138,Movie,8.0,189,1991,"History, Drama, Thriller",183713,"1992-01-31","Oliver Stone"
tt1226753,8,2014-12-13,"The Debt","The Debt",https://www.imdb.com/title/tt1226753,Movie,6.8,113,2010,"Thriller, Drama",74741,"2011-08-31","John Madden"
tt0816692,9,2014-12-13,"Interstellar","Interstellar",https://www.imdb.com/title/tt0816692,Movie,8.7,169,2014,"Sci-Fi, Adventure",2615203,"2014-11-07","Christopher Nolan"
tt0090056,5,2014-12-07,"Spioner är vi allihopa","Spies Like Us",https://www.imdb.com/title/tt0090056,Movie,6.4,102,1985,"Adventure, Comedy",55414,"1986-02-07","John Landis"
tt0086935,7,2014-12-07,"Balkanspionen","Balkanski spijun",https://www.imdb.com/title/tt0086935,Movie,8.7,95,1984,"Drama, Comedy",13613,"1987-10-08","Dusan Kovacevic,Bozidar 'Bota' Nikolic"
tt0408306,8,2014-12-06,"München","Munich",https://www.imdb.com/title/tt0408306,Movie,7.5,164,2005,"Drama, Thriller, History",256193,"2006-02-10","Steven Spielberg"
tt0758774,6,2014-12-06,"Body of Lies","Body of Lies",https://www.imdb.com/title/tt0758774,Movie,7.0,128,2008,"Drama, Thriller, Action",252599,"2008-12-05","Ridley Scott"
tt0071360,6,2014-12-06,"Avlyssningen","The Conversation",https://www.imdb.com/title/tt0071360,Movie,7.7,113,1974,"Drama, Thriller, Mystery",137941,"1974-12-25","Francis Ford Coppola"
tt0425112,6,2014-12-06,"Hot Fuzz","Hot Fuzz",https://www.imdb.com/title/tt0425112,Movie,7.8,121,2007,"Comedy, Action, Mystery, Thriller",573548,"2007-04-13","Edgar Wright"
tt0292506,5,2014-12-06,"Uppdraget","The Recruit",https://www.imdb.com/title/tt0292506,Movie,6.6,115,2003,"Action, Thriller",148316,"2003-04-04","Roger Donaldson"
tt2785288,6,2014-12-06,"Jack Strong","Jack Strong",https://www.imdb.com/title/tt2785288,Movie,7.0,128,2014,"Thriller, Biography, Crime, Drama, Mystery",5720,"2014-02-07","Wladyslaw Pasikowski"
tt0343737,7,2014-12-05,"Den innersta kretsen","The Good Shepherd",https://www.imdb.com/title/tt0343737,Movie,6.7,167,2006,"Thriller, History, Drama",113486,"2007-03-09","Robert De Niro"
tt0109444,6,2014-12-05,"Påtaglig fara","Clear and Present Danger",https://www.imdb.com/title/tt0109444,Movie,6.9,141,1994,"Drama, Crime, Thriller, Action",118079,"1994-10-21","Phillip Noyce"
tt1440728,6,2014-12-05,"The American","The American",https://www.imdb.com/title/tt1440728,Movie,6.3,105,2010,"Drama, Crime, Thriller",107417,"2010-09-10","Anton Corbijn"
tt1599348,7,2014-12-05,"Safe House","Safe House",https://www.imdb.com/title/tt1599348,Movie,6.7,115,2012,"Thriller, Action",251309,"2012-02-15","Daniel Espinosa"
tt1340800,8,2014-12-05,"Tinker Tailor Soldier Spy","Tinker Tailor Soldier Spy",https://www.imdb.com/title/tt1340800,Movie,7.0,127,2011,"Thriller, Drama, Mystery",228453,"2011-12-25","Tomas Alfredson"
tt1980929,7,2014-12-05,"Sånger från Manhattan","Can a Song Save Your Life?",https://www.imdb.com/title/tt1980929,Movie,7.4,104,2013,"Drama, Music, Comedy, Romance",178509,"2014-07-18","John Carney"
tt2771372,7,2014-12-05,"Veronica Mars","Veronica Mars",https://www.imdb.com/title/tt2771372,Movie,6.7,107,2014,"Drama, Crime, Thriller, Mystery",57328,"2014-03-13","Rob Thomas"
tt2884206,7,2014-12-04,"I Origins","I Origins",https://www.imdb.com/title/tt2884206,Movie,7.3,106,2014,"Drama, Sci-Fi, Romance, Mystery",142677,"2015-01-15","Mike Cahill"
tt0068473,8,2014-12-04,"Den sista färden","Deliverance",https://www.imdb.com/title/tt0068473,Movie,7.6,109,1972,"Drama, Thriller, Adventure",130348,"1972-12-17","John Boorman"
tt1305806,7,2014-12-04,"Hemligheten i deras ögon","El secreto de sus ojos",https://www.imdb.com/title/tt1305806,Movie,8.2,129,2009,"Drama, Mystery, Thriller, Romance",245801,"2010-04-02","Juan José Campanella"
tt1359421,6,2014-11-24,"Bröllopsfotografen","Bröllopsfotografen",https://www.imdb.com/title/tt1359421,Movie,6.0,113,2009,"Comedy, Romance, Drama",4554,"2009-10-16","Ulf Malmros"
tt0261392,6,2014-11-24,"Jay & Silent Bob","Jay and Silent Bob Strike Back",https://www.imdb.com/title/tt0261392,Movie,6.8,104,2001,"Comedy",167507,"2002-05-03","Kevin Smith"
tt2222008,8,2014-11-23,"Berlinmurens fall","Busting the Berlin Wall: Amazing Escape Stories",https://www.imdb.com/title/tt2222008,TV Movie,7.7,102,2009,"Documentary",60,"2009-11-13","Oliver Halmburger"
tt0066921,7,2014-11-16,"Clockwork Orange","A Clockwork Orange",https://www.imdb.com/title/tt0066921,Movie,8.2,136,1971,"Crime, Sci-Fi",946241,"1972-04-26","Stanley Kubrick"
tt0101465,6,2014-11-16,"Svarta kappan","Black Robe",https://www.imdb.com/title/tt0101465,Movie,7.1,101,1991,"War, Adventure, Drama",8391,"1992-09-25","Bruce Beresford"
tt0119116,8,2014-11-15,"Det femte elementet","Le cinquième élément",https://www.imdb.com/title/tt0119116,Movie,7.6,126,1997,"Adventure, Sci-Fi, Action",552660,"1997-08-22","Luc Besson"
tt1135487,5,2014-11-15,"Duplicity","Duplicity",https://www.imdb.com/title/tt1135487,Movie,6.1,125,2009,"Thriller, Romance, Crime, Comedy",54249,"2009-05-29","Tony Gilroy"
tt0105665,8,2014-11-15,"Twin Peaks: Fire Walk with Me","Twin Peaks: Fire Walk with Me",https://www.imdb.com/title/tt0105665,Movie,7.3,134,1992,"Horror, Drama, Mystery, Thriller",120276,"1992-07-03","David Lynch"
tt1152836,6,2014-11-15,"Public Enemies","Public Enemies",https://www.imdb.com/title/tt1152836,Movie,6.9,140,2009,"Crime, Drama, Biography, History",337444,"2009-07-24","Michael Mann"
tt0080455,8,2014-11-15,"Blues Brothers","The Blues Brothers",https://www.imdb.com/title/tt0080455,Movie,7.9,133,1980,"Musical, Adventure, Crime, Music, Comedy",232194,"1980-12-22","John Landis"
tt0120655,7,2014-11-15,"Dogma","Dogma",https://www.imdb.com/title/tt0120655,Movie,7.3,130,1999,"Fantasy, Adventure, Drama, Comedy",243176,"2000-04-20","Kevin Smith"
tt0211915,8,2014-11-15,"Amelie från Montmartre","Le fabuleux destin d'Amélie Poulain",https://www.imdb.com/title/tt0211915,Movie,8.2,122,2001,"Romance, Comedy",848132,"2001-10-12","Jean-Pierre Jeunet"
tt0918927,6,2014-11-10,"Tvivel","Doubt",https://www.imdb.com/title/tt0918927,Movie,7.5,104,2008,"Drama, Mystery",148830,"2009-01-16","John Patrick Shanley"
tt3575792,9,2014-11-09,"Frontline: United States of Secrets (Part Two): Privacy Lost","Frontline: United States of Secrets (Part Two): Privacy Lost",https://www.imdb.com/title/tt3575792,TV Episode,8.4,54,2014,"Documentary, News",228,"2014-05-20",
tt3575800,9,2014-11-09,"Frontline: United States of Secrets (Part One): The Program","Frontline: United States of Secrets (Part One): The Program",https://www.imdb.com/title/tt3575800,TV Episode,8.7,114,2014,"Documentary, News",294,"2014-05-13","Michael Kirk"
tt0462504,6,2014-11-08,"Rescue Dawn","Rescue Dawn",https://www.imdb.com/title/tt0462504,Movie,7.2,125,2006,"War, Biography, Adventure",117585,"2007-07-27","Werner Herzog"
tt0100813,6,2014-11-07,"Skattkammarön","Treasure Island",https://www.imdb.com/title/tt0100813,TV Movie,7.0,122,1990,"Action, Crime, Drama, Adventure",6700,"1990-06-29","Fraser C. Heston"
tt0393109,7,2014-11-06,"Brick","Brick",https://www.imdb.com/title/tt0393109,Movie,7.1,110,2005,"Mystery, Drama, Crime, Thriller",114678,"2006-04-14","Rian Johnson"
tt0190590,9,2014-11-05,"O Brother, Where Art Thou?","O Brother, Where Art Thou?",https://www.imdb.com/title/tt0190590,Movie,7.7,107,2000,"Music, Drama, Adventure, Crime, Comedy",356063,"2000-10-20","Joel Coen,Ethan Coen"
tt2220083,7,2014-11-05,"Noel Fielding's Luxury Comedy","Noel Fielding's Luxury Comedy",https://www.imdb.com/title/tt2220083,TV Series,6.3,30,2012,"Comedy",2678,"2012-01-26",
tt1573484,8,2014-11-05,"The Mighty Boosh Live: Future Sailors Tour","The Mighty Boosh Live: Future Sailors Tour",https://www.imdb.com/title/tt1573484,Video,7.9,127,2009,"Comedy",773,"2009-11-16","Paul King"
tt3645874,8,2014-11-05,"Kim Philby - Dubbelagenten som förrådde alla","Kim Philby: His Most Intimate Betrayal",https://www.imdb.com/title/tt3645874,TV Mini Series,7.6,118,2014,"Documentary, Drama, History",95,"2014-04-02",
tt2333804,6,2014-10-21,"The Zero Theorem","The Zero Theorem",https://www.imdb.com/title/tt2333804,Movie,6.0,107,2013,"Drama, Fantasy, Sci-Fi, Mystery, Comedy",52132,"2014-03-14","Terry Gilliam"
tt0907128,9,2014-10-04,"The Mighty Boosh Live","The Mighty Boosh Live",https://www.imdb.com/title/tt0907128,Video,8.1,142,2006,"Comedy",1593,"2006-10-13","Nick Morris"
tt1535108,5,2014-09-28,"Elysium","Elysium",https://www.imdb.com/title/tt1535108,Movie,6.6,109,2013,"Drama, Sci-Fi, Action, Thriller",495714,"2013-08-09","Neill Blomkamp"
tt1723816,8,2014-09-28,"Girls","Girls",https://www.imdb.com/title/tt1723816,TV Series,7.4,30,2012,"Comedy, Drama",84278,"2013-02-12",
tt0149460,9,2014-09-28,"Futurama","Futurama",https://www.imdb.com/title/tt0149460,TV Series,8.5,22,1999,"Animation, Adventure, Sci-Fi, Comedy",280836,"2000-04-13",
tt0074486,6,2014-09-28,"Eraserhead","Eraserhead",https://www.imdb.com/title/tt0074486,Movie,7.2,89,1977,"Fantasy, Horror",145961,"1993-07-02","David Lynch"
tt0408236,6,2014-09-28,"Sweeney Todd: The Demon Barber of Fleet Street","Sweeney Todd: The Demon Barber of Fleet Street",https://www.imdb.com/title/tt0408236,Movie,7.3,116,2007,"Musical, Drama, Thriller, Horror",409815,"2008-02-15","Tim Burton"
tt0257360,6,2014-09-28,"About Schmidt","About Schmidt",https://www.imdb.com/title/tt0257360,Movie,7.2,125,2002,"Drama",137650,"2003-01-31","Alexander Payne"
tt0122819,7,2014-09-28,"Full Circle with Michael Palin","Full Circle with Michael Palin",https://www.imdb.com/title/tt0122819,TV Mini Series,8.4,500,1997,"Documentary, Adventure",1386,"1997-08-10",
tt0221027,6,2014-09-28,"Blow","Blow",https://www.imdb.com/title/tt0221027,Movie,7.5,124,2001,"Biography, Crime, Drama",289368,"2001-08-24","Ted Demme"
tt0409799,5,2014-09-28,"Cashback","Cashback",https://www.imdb.com/title/tt0409799,Short,7.5,18,2004,"Short, Comedy, Drama",11621,"2004-08-01","Sean Ellis"
tt1232826,8,2014-09-28,"De ofrivilliga","De ofrivilliga",https://www.imdb.com/title/tt1232826,Movie,6.9,98,2008,"Drama",6954,"2008-11-28","Ruben Östlund"
tt1821549,9,2014-09-28,"Nebraska","Nebraska",https://www.imdb.com/title/tt1821549,Movie,7.7,115,2013,"Drama",129517,"2014-02-28","Alexander Payne"
tt2347569,8,2014-09-28,"Frances Ha","Frances Ha",https://www.imdb.com/title/tt2347569,Movie,7.4,86,2012,"Comedy, Drama, Romance",103608,"2013-08-16","Noah Baumbach"
tt0392465,7,2014-09-07,"Crazy in Love","Mozart and the Whale",https://www.imdb.com/title/tt0392465,Movie,6.7,94,2005,"Comedy, Drama, Romance",9709,"2006-02-02","Petter Næss"
tt2123146,7,2014-09-06,"Angry Video Game Nerd: The Movie","Angry Video Game Nerd: The Movie",https://www.imdb.com/title/tt2123146,Movie,5.4,115,2014,"Comedy, Adventure, Sci-Fi, Action",7886,"2014-07-21","Kevin Finn,James Rolfe"
tt2229499,6,2014-09-04,"Don Jon","Don Jon",https://www.imdb.com/title/tt2229499,Movie,6.5,90,2013,"Comedy, Drama, Romance",256516,"2013-10-25","Joseph Gordon-Levitt"
tt1800241,6,2014-08-24,"American Hustle","American Hustle",https://www.imdb.com/title/tt1800241,Movie,7.2,138,2013,"Drama, Crime",522278,"2014-02-21","David O. Russell"
tt0120188,5,2014-08-23,"Three Kings","Three Kings",https://www.imdb.com/title/tt0120188,Movie,7.1,114,1999,"Adventure, Comedy, Drama, War, Action",187471,"2000-03-10","David O. Russell"
tt0499549,3,2014-08-23,"Avatar","Avatar",https://www.imdb.com/title/tt0499549,Movie,7.9,162,2009,"Sci-Fi, Action, Adventure, Fantasy",1517664,"2009-12-18","James Cameron"
tt0440963,8,2014-08-23,"The Bourne Ultimatum","The Bourne Ultimatum",https://www.imdb.com/title/tt0440963,Movie,8.0,115,2007,"Action, Thriller, Mystery",689390,"2007-09-12","Paul Greengrass"
tt0120815,5,2014-08-23,"Rädda menige Ryan","Saving Private Ryan",https://www.imdb.com/title/tt0120815,Movie,8.6,169,1998,"Drama, War",1665387,"1998-10-09","Steven Spielberg"
tt0405159,5,2014-08-23,"Million Dollar Baby","Million Dollar Baby",https://www.imdb.com/title/tt0405159,Movie,8.1,132,2004,"Drama, Sport",774664,"2005-04-08","Clint Eastwood"
tt0120689,5,2014-08-23,"Den gröna milen","The Green Mile",https://www.imdb.com/title/tt0120689,Movie,8.6,189,1999,"Crime, Fantasy, Mystery, Drama",1588895,"2000-02-11","Frank Darabont"
tt0076759,8,2014-08-23,"Stjärnornas krig","Star Wars",https://www.imdb.com/title/tt0076759,Movie,8.6,121,1977,"Action, Sci-Fi, Adventure, Fantasy",1591583,"1977-12-16","George Lucas"
tt1318514,6,2014-08-23,"Apornas planet: (r)Evolution","Rise of the Planet of the Apes",https://www.imdb.com/title/tt1318514,Movie,7.6,105,2011,"Action, Sci-Fi, Drama, Thriller",610665,"2011-08-17","Rupert Wyatt"
tt0121164,7,2014-08-23,"Corpse Bride","Corpse Bride",https://www.imdb.com/title/tt0121164,Movie,7.4,77,2005,"Animation, Musical, Fantasy, Romance, Family, Drama, Comedy",332923,"2005-12-02","Tim Burton,Mike Johnson"
tt0188674,7,2014-08-23,"Human Traffic","Human Traffic",https://www.imdb.com/title/tt0188674,Movie,7.1,99,1999,"Music, Comedy",29923,"2000-07-21","Justin Kerrigan"
tt1230180,9,2014-08-23,"The Angry Video Game Nerd","The Angry Video Game Nerd",https://www.imdb.com/title/tt1230180,TV Series,8.5,,2004,"Comedy, Action, Sci-Fi, Fantasy",16226,"2004-05-25",
tt2963600,8,2014-08-23,"James & Mike Mondays","James & Mike Mondays",https://www.imdb.com/title/tt2963600,TV Series,7.4,,2012,"Talk-Show, Comedy",1580,"2012-11-21",
tt1845307,4,2014-08-23,"2 panka tjejer","2 Broke Girls",https://www.imdb.com/title/tt1845307,TV Series,6.7,22,2011,"Comedy",116588,"2012-09-13",
tt0805564,4,2014-08-23,"Lars and the Real Girl","Lars and the Real Girl",https://www.imdb.com/title/tt0805564,Movie,7.3,106,2007,"Comedy, Drama, Romance",171179,"2009-01-23","Craig Gillespie"
tt1535109,6,2014-08-23,"Captain Phillips","Captain Phillips",https://www.imdb.com/title/tt1535109,Movie,7.8,134,2013,"Drama, Biography, Thriller, Crime, Action",523406,"2013-10-18","Paul Greengrass"
tt0855805,7,2014-08-18,"Farväl Falkenberg","Farväl Falkenberg",https://www.imdb.com/title/tt0855805,Movie,6.3,91,2006,"Drama",3066,"2006-09-22","Jesper Ganslandt"
tt2121382,9,2014-08-18,"Turist","Turist",https://www.imdb.com/title/tt2121382,Movie,7.2,120,2014,"Drama, Comedy",73686,"2014-08-15","Ruben Östlund"
tt1283281,7,2014-08-18,"En enastående studie i mänsklig förnedring","En enastående studie i mänsklig förnedring",https://www.imdb.com/title/tt1283281,Movie,5.8,83,2008,"Documentary",67,"2008-05-16","Patrik Eriksson"
tt0071853,6,2014-08-17,"Monty Pythons galna värld","Monty Python and the Holy Grail",https://www.imdb.com/title/tt0071853,Movie,8.1,91,1975,"Adventure, Fantasy, Comedy",608639,"1977-04-15","Terry Gilliam,Terry Jones"
tt0367594,6,2014-08-17,"Kalle och chokladfabriken","Charlie and the Chocolate Factory",https://www.imdb.com/title/tt0367594,Movie,6.7,115,2005,"Musical, Adventure, Comedy, Family, Fantasy",579434,"2005-09-16","Tim Burton"
tt0089791,3,2014-08-17,"Pee-Wees stora äventyr","Pee-wee's Big Adventure",https://www.imdb.com/title/tt0089791,Movie,7.1,91,1985,"Comedy, Family, Adventure",64207,"1985-08-09","Tim Burton"
tt0089218,7,2014-08-17,"The Goonies - Dödskallegänget","The Goonies",https://www.imdb.com/title/tt0089218,Movie,7.7,114,1985,"Comedy, Family, Adventure",330987,"1985-12-20","Richard Donner"
tt2575988,8,2014-08-13,"Silicon Valley","Silicon Valley",https://www.imdb.com/title/tt2575988,TV Series,8.5,30,2014,"Comedy",184674,"2021-10-26",
tt1255913,9,2014-08-12,"Bored to Death","Bored to Death",https://www.imdb.com/title/tt1255913,TV Series,7.8,30,2009,"Comedy, Crime, Mystery, Drama, Thriller",36319,"2009-11-23",
tt1723811,6,2014-08-08,"Shame","Shame",https://www.imdb.com/title/tt1723811,Movie,7.2,101,2011,"Drama",219027,"2012-01-06","Steve McQueen"
tt1605717,6,2014-08-08,"Frank","Frank",https://www.imdb.com/title/tt1605717,Movie,6.9,95,2014,"Drama, Comedy, Music",84992,"2014-08-01","Lenny Abrahamson"
tt2103281,6,2014-08-08,"Apornas planet: Uppgörelsen","Dawn of the Planet of the Apes",https://www.imdb.com/title/tt2103281,Movie,7.6,130,2014,"Action, Adventure, Drama, Sci-Fi, Thriller",515737,"2014-07-18","Matt Reeves"
tt2042568,7,2014-08-06,"Inside Llewyn Davis","Inside Llewyn Davis",https://www.imdb.com/title/tt2042568,Movie,7.4,104,2013,"Drama, Music",173467,"2014-02-07","Ethan Coen,Joel Coen"
tt0119217,6,2014-08-06,"Will Hunting","Good Will Hunting",https://www.imdb.com/title/tt0119217,Movie,8.4,126,1997,"Romance, Drama",1245617,"1998-03-13","Gus Van Sant"
tt2024544,7,2014-08-06,"12 Years a Slave","12 Years a Slave",https://www.imdb.com/title/tt2024544,Movie,8.1,134,2013,"Drama, History, Biography",795823,"2013-12-20","Steve McQueen"
tt0073486,6,2014-08-06,"Gökboet","One Flew Over the Cuckoo's Nest",https://www.imdb.com/title/tt0073486,Movie,8.6,133,1975,"Drama",1169112,"1976-02-26","Miloš Forman"
tt1853728,7,2014-08-06,"Django Unchained","Django Unchained",https://www.imdb.com/title/tt1853728,Movie,8.5,165,2012,"Western, Drama",1917567,"2013-01-18","Quentin Tarantino"
tt0790636,8,2014-08-06,"Dallas Buyers Club","Dallas Buyers Club",https://www.imdb.com/title/tt0790636,Movie,7.9,117,2013,"Drama, Biography",553217,"2014-03-07","Jean-Marc Vallée"
tt1748122,6,2014-08-06,"Moonrise Kingdom","Moonrise Kingdom",https://www.imdb.com/title/tt1748122,Movie,7.7,94,2012,"Drama, Comedy, Romance, Adventure, Fantasy",385357,"2012-06-06","Wes Anderson"
tt2278388,7,2014-08-06,"The Grand Budapest Hotel","The Grand Budapest Hotel",https://www.imdb.com/title/tt2278388,Movie,8.1,99,2014,"Comedy, Drama",988400,"2014-03-21","Wes Anderson"
tt0434139,7,2014-08-06,"The Last Kiss","The Last Kiss",https://www.imdb.com/title/tt0434139,Movie,6.4,115,2006,"Drama, Comedy, Romance",42909,"2006-09-15","Tony Goldwyn"
tt0460740,6,2014-08-06,"Cashback","Cashback",https://www.imdb.com/title/tt0460740,Movie,7.1,102,2006,"Drama, Romance, Comedy",95401,"2007-06-01","Sean Ellis"
tt1582465,7,2014-08-06,"A Birder's Guide to Everything","A Birder's Guide to Everything",https://www.imdb.com/title/tt1582465,Movie,6.2,86,2013,"Comedy, Adventure, Drama",2526,"2014-06-27","Rob Meyer"
tt0423382,7,2014-08-05,"Tjenare kungen","Tjenare kungen",https://www.imdb.com/title/tt0423382,Movie,6.1,94,2005,"Drama, Comedy, Music, Romance",3577,"2005-09-16","Ulf Malmros"
tt2429292,7,2014-08-05,"Känn ingen sorg","Känn ingen sorg",https://www.imdb.com/title/tt2429292,Movie,6.9,109,2013,"Drama, Music, Romance",5990,"2013-07-19","Måns Mårlind,Björn Stein"
tt1196948,6,2014-08-02,"The Death of Charlie Countryman","The Necessary Death of Charlie Countryman",https://www.imdb.com/title/tt1196948,Movie,6.3,103,2013,"Comedy, Romance, Drama, Thriller",30961,"2013-09-13","Fredrik Bond"
tt0790623,6,2014-08-02,"Meet Bill","Bill",https://www.imdb.com/title/tt0790623,Movie,6.1,93,2007,"Comedy, Drama",21964,"2008-06-18","Bernie Goldmann,Melisa Wallack"
tt0119174,6,2014-08-01,"The Game","The Game",https://www.imdb.com/title/tt0119174,Movie,7.7,129,1997,"Drama, Thriller, Mystery",478292,"1997-12-05","David Fincher"
tt0361862,7,2014-08-01,"The Machinist","The Machinist",https://www.imdb.com/title/tt0361862,Movie,7.6,101,2004,"Thriller, Drama",447201,"2005-01-14","Brad Anderson"
tt0464141,6,2014-08-01,"Barnhemmet","El orfanato",https://www.imdb.com/title/tt0464141,Movie,7.4,105,2007,"Drama, Mystery, Thriller, Horror",171940,"2008-07-25","J.A. Bayona"
tt0166924,8,2014-08-01,"Mulholland Drive","Mulholland Dr.",https://www.imdb.com/title/tt0166924,Movie,7.9,147,2001,"Drama, Thriller, Mystery",435177,"2002-08-09","David Lynch"
tt0101410,8,2014-08-01,"Barton Fink","Barton Fink",https://www.imdb.com/title/tt0101410,Movie,7.6,116,1991,"Comedy, Thriller, Drama",136647,"1991-12-06","Joel Coen,Ethan Coen"
tt0099871,7,2014-08-01,"Jacobs inferno","Jacob's Ladder",https://www.imdb.com/title/tt0099871,Movie,7.4,113,1990,"Drama, Mystery, Horror",131243,"1991-04-26","Adrian Lyne"
tt0976051,6,2014-07-31,"The Reader","The Reader",https://www.imdb.com/title/tt0976051,Movie,7.6,124,2008,"Drama, Romance, Mystery",275811,"2009-04-24","Stephen Daldry"
tt0414993,6,2014-07-31,"The Fountain","The Fountain",https://www.imdb.com/title/tt0414993,Movie,7.1,97,2006,"Sci-Fi, Drama, Mystery, Romance",259789,"2007-03-23","Darren Aronofsky"
tt1091722,4,2014-07-28,"Adventureland","Adventureland",https://www.imdb.com/title/tt1091722,Movie,6.8,107,2009,"Comedy, Drama, Romance",175526,"2009-04-03","Greg Mottola"
tt0243017,6,2014-07-28,"Waking Life","Waking Life",https://www.imdb.com/title/tt0243017,Movie,7.6,99,2001,"Animation, Drama, Fantasy",69993,"2002-03-07","Richard Linklater"
tt0102494,5,2014-07-28,"På drift mot Idaho","My Own Private Idaho",https://www.imdb.com/title/tt0102494,Movie,6.9,104,1991,"Drama",68120,"1992-09-04","Gus Van Sant"
tt1104806,7,2014-07-28,"One Week","One Week",https://www.imdb.com/title/tt1104806,Movie,7.0,94,2008,"Drama, Adventure",12354,"2009-03-06","Michael McGowan"
tt1815862,4,2014-07-27,"After Earth","After Earth",https://www.imdb.com/title/tt1815862,Movie,4.8,100,2013,"Sci-Fi, Adventure, Action, Drama",218064,"2013-06-07","M. Night Shyamalan"
tt0102166,6,2014-07-27,"Joker","Joker",https://www.imdb.com/title/tt0102166,Movie,4.7,108,1991,"Crime, Comedy",999,"1991-11-01","Sune Lund-Sørensen"
tt0756683,6,2014-05-01,"The Man from Earth","The Man from Earth",https://www.imdb.com/title/tt0756683,Movie,7.8,87,2007,"Sci-Fi, Drama, Fantasy, Mystery",221542,"2007-11-13","Richard Schenkman"
tt0884224,7,2014-05-01,"War, Inc.","War, Inc.",https://www.imdb.com/title/tt0884224,Movie,5.5,107,2008,"Action, Thriller, Comedy",23149,"2008-06-13","Joshua Seftel"
tt1000777,8,2014-04-25,"Uncharted: Drake's Fortune","Uncharted: Drake's Fortune",https://www.imdb.com/title/tt1000777,Video Game,8.4,,2007,"Action, Adventure, Fantasy, Mystery, Thriller",26036,"2007-11-16","Amy Hennig"
tt0167404,7,2014-04-25,"Sjätte sinnet","The Sixth Sense",https://www.imdb.com/title/tt0167404,Movie,8.2,107,1999,"Mystery, Drama, Thriller",1166974,"2000-01-07","M. Night Shyamalan"
tt0212002,9,2014-04-24,"Broken Sword II: The Smoking Mirror","Broken Sword II: The Smoking Mirror",https://www.imdb.com/title/tt0212002,Video Game,8.4,,1997,"Animation, Adventure, Mystery, Comedy, Crime, Fantasy",938,"1997-10-17","Charles Cecil"
tt0211284,9,2014-04-24,"Broken Sword: The Shadow of the Templars","Broken Sword: The Shadow of the Templars",https://www.imdb.com/title/tt0211284,Video Game,8.9,,1996,"Comedy, Drama, Romance, Mystery, Adventure",1332,"1996-10-14","Charles Cecil"
tt0416394,10,2014-04-12,"The Mighty Boosh","The Mighty Boosh",https://www.imdb.com/title/tt0416394,TV Series,8.3,30,2003,"Musical, Comedy, Fantasy",25529,"2003-05-20",
tt2737310,7,2014-04-07,"Mistaken for Strangers","Mistaken for Strangers",https://www.imdb.com/title/tt2737310,Movie,7.3,75,2013,"Documentary, Comedy, Music",4711,"2014-03-28","Tom Berninger"
tt2294629,7,2014-04-06,"Frost","Frozen",https://www.imdb.com/title/tt2294629,Movie,7.4,102,2013,"Animation, Musical, Family, Fantasy, Adventure, Comedy",722479,"2014-01-31","Chris Buck,Jennifer Lee"
tt0102070,6,2014-04-06,"Höken är lös","Hudson Hawk",https://www.imdb.com/title/tt0102070,Movie,5.7,100,1991,"Comedy, Adventure, Action",65329,"1991-08-16","Michael Lehmann"
tt0109830,7,2014-04-05,"Forrest Gump","Forrest Gump",https://www.imdb.com/title/tt0109830,Movie,8.8,142,1994,"Romance, Drama",2540500,"1994-10-14","Robert Zemeckis"
tt0907657,6,2014-04-05,"Once","Once",https://www.imdb.com/title/tt0907657,Movie,7.8,86,2006,"Musical, Music, Drama, Romance",126665,"2008-03-19","John Carney"
tt0087803,7,2014-04-05,"1984","Nineteen Eighty-Four",https://www.imdb.com/title/tt0087803,Movie,7.0,113,1984,"Sci-Fi, Drama",89781,"1984-11-30","Michael Radford"
tt1023114,6,2014-03-27,"The Way Back","The Way Back",https://www.imdb.com/title/tt1023114,Movie,7.3,133,2010,"Drama, Adventure, History",128427,"2011-03-25","Peter Weir"
tt0824747,6,2014-03-08,"Changeling","Changeling",https://www.imdb.com/title/tt0824747,Movie,7.7,141,2008,"Drama, Mystery, Thriller, Biography, Crime, History",276790,"2009-01-09","Clint Eastwood"
tt1175709,7,2014-03-08,"All Good Things","All Good Things",https://www.imdb.com/title/tt1175709,Movie,6.2,101,2010,"Drama, Mystery, Thriller, Crime, Romance",64405,"2010-12-03","Andrew Jarecki"
tt0944835,2,2014-03-01,"Salt","Salt",https://www.imdb.com/title/tt0944835,Movie,6.5,100,2010,"Thriller, Action",345150,"2010-09-03","Phillip Noyce"
tt0165710,5,2014-02-23,"Detroit Rock City","Detroit Rock City",https://www.imdb.com/title/tt0165710,Movie,6.8,95,1999,"Music, Adventure, Comedy",42031,"1999-08-13","Adam Rifkin"
tt1798709,9,2014-02-22,"Her","Her",https://www.imdb.com/title/tt1798709,Movie,7.9,126,2013,"Romance, Sci-Fi, Drama",735142,"2014-02-14","Spike Jonze"
tt0386117,6,2014-02-22,"Till vildingarnas land","Where the Wild Things Are",https://www.imdb.com/title/tt0386117,Movie,6.7,101,2009,"Adventure, Drama, Fantasy, Family",112749,"2010-01-29","Spike Jonze"
tt0455590,6,2014-02-22,"Last King of Scotland","The Last King of Scotland",https://www.imdb.com/title/tt0455590,Movie,7.6,123,2006,"Drama, Biography, History, Thriller",207480,"2007-01-26","Kevin Macdonald"
tt0172156,3,2014-02-22,"Bad Boys II","Bad Boys II",https://www.imdb.com/title/tt0172156,Movie,6.6,147,2003,"Crime, Thriller, Comedy, Action",291225,"2003-09-21","Michael Bay"
tt0376541,5,2014-02-22,"Closer","Closer",https://www.imdb.com/title/tt0376541,Movie,7.1,104,2004,"Drama, Romance",252843,"2005-02-11","Mike Nichols"
tt0101700,7,2014-02-22,"Delikatessen","Delicatessen",https://www.imdb.com/title/tt0101700,Movie,7.5,99,1991,"Crime, Comedy",94974,"1991-12-06","Marc Caro,Jean-Pierre Jeunet"
tt0390384,6,2014-02-22,"Primer","Primer",https://www.imdb.com/title/tt0390384,Movie,6.7,77,2004,"Drama, Thriller, Sci-Fi",123282,"2005-11-11","Shane Carruth"
tt1077368,6,2014-02-22,"Dark Shadows","Dark Shadows",https://www.imdb.com/title/tt1077368,Movie,6.2,113,2012,"Comedy, Horror, Fantasy",296727,"2012-05-11","Tim Burton"
tt0251075,2,2014-02-22,"Evolution","Evolution",https://www.imdb.com/title/tt0251075,Movie,6.1,101,2001,"Sci-Fi, Comedy",143257,"2001-07-18","Ivan Reitman"
tt0115744,5,2014-02-22,"Brassed Off","Brassed Off",https://www.imdb.com/title/tt0115744,Movie,7.2,108,1996,"Music, Romance, Drama, Comedy",22614,"1997-10-03","Mark Herman"
tt0097814,3,2014-02-22,"Kikis expressbud","Majo no takkyûbin",https://www.imdb.com/title/tt0097814,Movie,7.8,103,1989,"Animation, Family, Fantasy",192390,"2007-11-23","Hayao Miyazaki"
tt0387131,7,2014-02-22,"The Constant Gardener","The Constant Gardener",https://www.imdb.com/title/tt0387131,Movie,7.3,129,2005,"Drama, Thriller, Mystery, Romance",156763,"2005-11-11","Fernando Meirelles"
tt0472033,8,2014-02-22,"9","9",https://www.imdb.com/title/tt0472033,Movie,7.0,79,2009,"Animation, Adventure, Sci-Fi, Action, Drama, Thriller, Fantasy",158836,"2009-12-04","Shane Acker"
tt0098439,5,2014-02-22,"Tango & Cash","Tango & Cash",https://www.imdb.com/title/tt0098439,Movie,6.4,104,1989,"Crime, Thriller, Comedy, Action",121059,"1990-04-13","Andrei Konchalovsky,Peter MacDonald,Albert Magnoli"
tt0032138,6,2014-02-22,"Trollkarlen från Oz","The Wizard of Oz",https://www.imdb.com/title/tt0032138,Movie,8.1,102,1939,"Musical, Family, Adventure, Fantasy",473338,"1940-01-02","Victor Fleming,George Cukor,Norman Taurog,Richard Thorpe,King Vidor"
tt0369339,7,2014-02-22,"Collateral","Collateral",https://www.imdb.com/title/tt0369339,Movie,7.5,120,2004,"Crime, Thriller, Action, Drama",474951,"2004-10-22","Michael Mann"
tt0200465,6,2014-02-22,"The Bank Job","The Bank Job",https://www.imdb.com/title/tt0200465,Movie,7.2,111,2008,"Thriller, Crime",198556,"2008-02-28","Roger Donaldson"
tt0091763,8,2014-02-22,"Plutonen","Platoon",https://www.imdb.com/title/tt0091763,Movie,8.0,120,1986,"Drama, War",477838,"1987-03-20","Oliver Stone"
tt0365737,7,2014-02-22,"Syriana","Syriana",https://www.imdb.com/title/tt0365737,Movie,6.8,128,2005,"Drama, Thriller",139305,"2006-03-10","Stephen Gaghan"
tt0096283,8,2014-02-22,"Min granne Totoro","Tonari no Totoro",https://www.imdb.com/title/tt0096283,Movie,8.1,86,1988,"Animation, Family, Comedy, Adventure, Fantasy",440828,"2007-03-30","Hayao Miyazaki"
tt0308514,7,2014-02-22,"Lost in La Mancha","Lost in La Mancha",https://www.imdb.com/title/tt0308514,Movie,7.3,93,2002,"Documentary",12327,"2002-08-02","Keith Fulton,Louis Pepe"
tt0779982,6,2014-02-15,"Black Sheep","Black Sheep",https://www.imdb.com/title/tt0779982,Movie,5.8,87,2006,"Comedy, Horror, Sci-Fi",43861,"2007-08-10","Jonathan King"
tt0421715,6,2014-02-14,"Benjamin Buttons otroliga liv","The Curious Case of Benjamin Button",https://www.imdb.com/title/tt0421715,Movie,7.8,166,2008,"Romance, Drama, Fantasy",755474,"2009-01-16","David Fincher"
tt0113247,7,2014-02-14,"Medan vi faller","La haine",https://www.imdb.com/title/tt0113247,Movie,8.1,98,1995,"Crime, Drama",232330,"1995-11-03","Mathieu Kassovitz"
tt1345836,7,2014-02-14,"The Dark Knight Rises","The Dark Knight Rises",https://www.imdb.com/title/tt1345836,Movie,8.4,164,2012,"Thriller, Crime",2031006,"2012-07-25","Christopher Nolan"
tt1772341,7,2014-02-12,"Röjar-Ralf","Wreck-It Ralph",https://www.imdb.com/title/tt1772341,Movie,7.7,101,2012,"Animation, Comedy, Family, Adventure, Fantasy, Sci-Fi, Sport",506384,"2013-02-08","Rich Moore"
tt0959858,7,2014-02-02,"Long Way Down","Long Way Down",https://www.imdb.com/title/tt0959858,TV Mini Series,8.3,52,2007,"Documentary",7629,"2007-10-28",
tt1284886,6,2014-01-21,"Nuclear Secrets: Vanunu and the Bomb","Nuclear Secrets: Vanunu and the Bomb",https://www.imdb.com/title/tt1284886,TV Episode,7.4,60,2007,"Documentary, Drama, History",10,"2007-02-05","Nat Sharman"
tt0250764,7,2014-01-21,"Secrets of War","Secrets of War",https://www.imdb.com/title/tt0250764,TV Series,7.6,53,1998,"Documentary, War, History",263,"1998-07-13",
tt1475582,7,2014-01-21,"Sherlock","Sherlock",https://www.imdb.com/title/tt1475582,TV Series,9.0,90,2010,"Crime, Mystery, Drama, Thriller",1101793,"2011-01-30",
tt0403778,9,2014-01-21,"Long Way Round","Long Way Round",https://www.imdb.com/title/tt0403778,TV Mini Series,8.6,45,2004,"Documentary, Adventure",17423,"2004-10-18",
tt0993846,9,2014-01-14,"The Wolf of Wall Street","The Wolf of Wall Street",https://www.imdb.com/title/tt0993846,Movie,8.2,180,2013,"Crime, Drama, Biography, Comedy",1829695,"2014-01-10","Martin Scorsese"
tt1074638,3,2014-01-12,"Skyfall","Skyfall",https://www.imdb.com/title/tt1074638,Movie,7.8,143,2012,"Action, Thriller, Adventure",781340,"2012-10-26","Sam Mendes"
tt0258463,8,2014-01-12,"The Bourne Identity","The Bourne Identity",https://www.imdb.com/title/tt0258463,Movie,7.8,119,2002,"Mystery, Thriller, Action",621655,"2002-10-18","Doug Liman"
tt1194173,7,2014-01-12,"The Bourne Legacy","The Bourne Legacy",https://www.imdb.com/title/tt1194173,Movie,6.6,135,2012,"Action, Adventure, Thriller",330574,"2012-08-29","Tony Gilroy"
tt0236784,5,2014-01-07,"Skräddaren i Panama","The Tailor of Panama",https://www.imdb.com/title/tt0236784,Movie,6.1,109,2001,"Drama, Thriller",33978,"2001-10-26","John Boorman"
tt0427470,7,2014-01-01,"The Lookout","The Lookout",https://www.imdb.com/title/tt0427470,Movie,6.9,99,2007,"Crime, Drama, Thriller",62401,"2007-09-07","Scott Frank"
tt0346156,5,2013-12-30,"Sky Captain and the World of Tomorrow","Sky Captain and the World of Tomorrow",https://www.imdb.com/title/tt0346156,Movie,6.1,106,2004,"Adventure, Action, Mystery, Sci-Fi, Thriller",90770,"2004-10-22","Kerry Conran"
tt1170358,3,2013-12-30,"Hobbit: Smaugs ödemark","The Hobbit: The Desolation of Smaug",https://www.imdb.com/title/tt1170358,Movie,7.8,161,2013,"Fantasy, Adventure",762533,"2013-12-11","Peter Jackson"
tt1462900,4,2013-12-30,"The Grandmaster","Yi dai zong shi",https://www.imdb.com/title/tt1462900,Movie,6.6,130,2013,"Drama, Action, Biography, Romance, War",39072,"2013-09-13","Wong Kar-Wai"
tt1794624,9,2013-12-30,"The Vice Guide to Everything","The Vice Guide to Everything",https://www.imdb.com/title/tt1794624,TV Series,8.2,22,2010,"Documentary, News",76,"2010-12-06",
tt0896869,9,2013-12-30,"The Vice Guide to Travel","The Vice Guide to Travel",https://www.imdb.com/title/tt0896869,TV Series,7.7,,2006,"Documentary",310,"2006-10-03",
tt1454468,9,2013-11-13,"Gravity","Gravity",https://www.imdb.com/title/tt1454468,Movie,7.7,91,2013,"Sci-Fi, Thriller, Drama",907471,"2013-10-25","Alfonso Cuarón"
tt2608732,8,2013-10-21,"TPB AFK: The Pirate Bay Away from Keyboard","TPB AFK: The Pirate Bay Away from Keyboard",https://www.imdb.com/title/tt2608732,Movie,7.4,85,2013,"Documentary",14235,"2013-02-08","Simon Klose"
tt0117496,3,2013-10-21,"Robinson Crusoe","Robinson Crusoe",https://www.imdb.com/title/tt0117496,Movie,6.0,105,1997,"Drama, Adventure",14785,"1997-06-12","Rod Hardy,George Miller"
tt0166896,6,2013-10-21,"The Straight Story","The Straight Story",https://www.imdb.com/title/tt0166896,Movie,8.0,112,1999,"Biography, Drama",110064,"1999-12-25","David Lynch"
tt1232776,6,2013-10-21,"Fish Tank","Fish Tank",https://www.imdb.com/title/tt1232776,Movie,7.3,123,2009,"Drama",68763,"2010-01-08","Andrea Arnold"
tt0245429,10,2013-10-21,"Spirited Away","Sen to Chihiro no kamikakushi",https://www.imdb.com/title/tt0245429,Movie,8.6,124,2001,"Animation, Family, Adventure, Fantasy",987305,"2003-09-19","Hayao Miyazaki"
tt0107688,7,2013-10-21,"Nightmare Before Christmas","Tim Burton's the Nightmare Before Christmas",https://www.imdb.com/title/tt0107688,Movie,7.9,76,1993,"Animation, Musical, Family, Adventure, Fantasy",416254,"1994-11-25","Henry Selick"
tt1483013,6,2013-10-19,"Oblivion","Oblivion",https://www.imdb.com/title/tt1483013,Movie,7.0,124,2013,"Action, Sci-Fi, Adventure",591605,"2013-04-10","Joseph Kosinski"
tt1840417,4,2013-10-19,"The Words","The Words",https://www.imdb.com/title/tt1840417,Movie,7.0,102,2012,"Drama, Romance, Mystery, Thriller",85230,"2013-05-23","Brian Klugman,Lee Sternthal"
tt1446714,8,2013-10-13,"Prometheus","Prometheus",https://www.imdb.com/title/tt1446714,Movie,7.0,124,2012,"Adventure, Sci-Fi",708079,"2012-06-01","Ridley Scott"
tt0816711,5,2013-10-13,"World War Z","World War Z",https://www.imdb.com/title/tt0816711,Movie,7.0,116,2013,"Action, Adventure, Horror, Sci-Fi",796277,"2013-07-12","Marc Forster"
tt1764234,6,2013-10-13,"Killing Them Softly","Killing Them Softly",https://www.imdb.com/title/tt1764234,Movie,6.2,97,2012,"Crime, Thriller, Drama",161913,"2012-11-30","Andrew Dominik"
tt1532503,7,2013-10-12,"Beginners","Beginners",https://www.imdb.com/title/tt1532503,Movie,7.2,105,2010,"Drama, Comedy, Romance",98018,"2011-07-08","Mike Mills"
tt2224119,7,2013-10-12,"Complicit","Complicit",https://www.imdb.com/title/tt2224119,TV Movie,6.2,99,2013,"Drama, Thriller",883,"2013-02-17","Niall MacCormick"
tt0059319,5,2013-09-18,"Fallet Ipcress","The Ipcress File",https://www.imdb.com/title/tt0059319,Movie,7.1,109,1965,"Drama, Thriller",19856,"1965-09-06","Sidney J. Furie"
tt0088184,6,2013-09-16,"Stranger Than Paradise","Stranger Than Paradise",https://www.imdb.com/title/tt0088184,Movie,7.4,89,1984,"Drama, Comedy",43745,"1984-12-25","Jim Jarmusch"
tt1243957,4,2013-09-16,"The Tourist","The Tourist",https://www.imdb.com/title/tt1243957,Movie,6.0,103,2010,"Thriller, Action, Crime",270552,"2011-01-05","Florian Henckel von Donnersmarck"
tt0081505,7,2013-09-16,"The Shining","The Shining",https://www.imdb.com/title/tt0081505,Movie,8.4,146,1980,"Drama, Horror",1245794,"1980-09-26","Stanley Kubrick"
tt0120102,7,2013-09-16,"Sju år i Tibet","Seven Years in Tibet",https://www.imdb.com/title/tt0120102,Movie,7.1,136,1997,"Biography, History, War, Drama, Adventure",170471,"1998-02-27","Jean-Jacques Annaud"
tt2101441,5,2013-09-16,"Spring Breakers","Spring Breakers",https://www.imdb.com/title/tt2101441,Movie,5.3,94,2012,"Drama, Crime, Thriller",155761,"2013-06-22","Harmony Korine"
tt2132285,6,2013-09-16,"The Bling Ring","The Bling Ring",https://www.imdb.com/title/tt2132285,Movie,5.6,90,2013,"Crime, Drama, Biography",96510,"2013-06-14","Sofia Coppola"
tt1692486,8,2013-09-16,"Carnage","Carnage",https://www.imdb.com/title/tt1692486,Movie,7.1,80,2011,"Comedy, Drama",139496,"2012-02-17","Roman Polanski"
tt1421051,6,2013-09-16,"Somewhere","Somewhere",https://www.imdb.com/title/tt1421051,Movie,6.3,97,2010,"Drama, Comedy, Romance",49035,"2010-10-22","Sofia Coppola"
tt0335266,8,2013-09-16,"Lost in Translation","Lost in Translation",https://www.imdb.com/title/tt0335266,Movie,7.7,102,2003,"Comedy, Drama",535522,"2004-02-06","Sofia Coppola"
tt0116922,6,2013-09-16,"Lost Highway","Lost Highway",https://www.imdb.com/title/tt0116922,Movie,7.6,134,1997,"Mystery, Drama, Thriller",173725,"1997-03-14","David Lynch"
tt0097240,6,2013-09-16,"Drugstore Cowboy","Drugstore Cowboy",https://www.imdb.com/title/tt0097240,Movie,7.2,102,1989,"Crime, Drama",43515,"1990-07-20","Gus Van Sant"
tt0097216,6,2013-09-16,"Do the Right Thing","Do the Right Thing",https://www.imdb.com/title/tt0097216,Movie,7.9,120,1989,"Comedy, Drama",126484,"1989-10-06","Spike Lee"
tt0091530,6,2013-09-16,"The Mission","The Mission",https://www.imdb.com/title/tt0091530,Movie,7.4,125,1986,"Adventure, History, Drama",70535,"1986-12-12","Roland Joffé"
tt0095801,7,2013-09-16,"Bagdad Cafe","Out of Rosenheim",https://www.imdb.com/title/tt0095801,Movie,7.4,95,1987,"Drama, Comedy",16785,"1988-08-12","Percy Adlon"
tt0082971,8,2013-09-16,"Jakten på den försvunna skatten","Raiders of the Lost Ark",https://www.imdb.com/title/tt0082971,Movie,8.4,115,1981,"Adventure",1122405,"1981-08-07","Steven Spielberg"
tt0093058,9,2013-09-16,"Full Metal Jacket","Full Metal Jacket",https://www.imdb.com/title/tt0093058,Movie,8.2,116,1987,"Drama, War",860935,"1987-10-02","Stanley Kubrick"
tt1190722,8,2013-09-16,"Louis C.K.: Chewed Up","Louis C.K.: Chewed Up",https://www.imdb.com/title/tt1190722,TV Special,8.5,61,2008,"Documentary, Comedy",11500,"2008-10","Louis C.K.,Shannon Hartman"
tt1261945,1,2013-09-16,"Sex and the City 2","Sex and the City 2",https://www.imdb.com/title/tt1261945,Movie,4.6,146,2010,"Comedy, Drama, Romance",89277,"2010-05-27","Michael Patrick King"
tt1000774,2,2013-09-16,"Sex and the City","Sex and the City",https://www.imdb.com/title/tt1000774,Movie,5.7,145,2008,"Comedy, Romance, Drama",134297,"2008-06-21","Michael Patrick King"
tt0887883,8,2013-09-16,"Burn After Reading","Burn After Reading",https://www.imdb.com/title/tt0887883,Movie,7.0,96,2008,"Comedy, Drama, Crime, Thriller",380804,"2008-11-05","Ethan Coen,Joel Coen"
tt0443701,3,2013-09-16,"Arkiv X: I Want to Believe","The X Files: I Want to Believe",https://www.imdb.com/title/tt0443701,Movie,5.9,104,2008,"Mystery, Thriller, Drama, Sci-Fi, Horror, Crime, Adventure",97787,"2008-08-01","Chris Carter"
tt0795493,6,2013-09-16,"Cassandra's Dream","Cassandra's Dream",https://www.imdb.com/title/tt0795493,Movie,6.6,108,2007,"Crime, Thriller, Drama, Romance",55658,"2007-12-25","Woody Allen"
tt0497465,7,2013-09-16,"Vicky Cristina Barcelona","Vicky Cristina Barcelona",https://www.imdb.com/title/tt0497465,Movie,7.1,96,2008,"Drama, Romance, Comedy",282827,"2008-10-10","Woody Allen"
tt1182350,9,2013-09-16,"Du kommer att möta en lång mörk främling","You Will Meet a Tall Dark Stranger",https://www.imdb.com/title/tt1182350,Movie,6.3,98,2010,"Romance, Comedy, Drama",49026,"2010-10-29","Woody Allen"
tt1859650,8,2013-09-16,"Förälskad i Rom","To Rome with Love",https://www.imdb.com/title/tt1859650,Movie,6.3,112,2012,"Comedy, Romance, Music",93655,"2012-08-24","Woody Allen"
tt2334873,8,2013-09-16,"Blue Jasmine","Blue Jasmine",https://www.imdb.com/title/tt2334873,Movie,7.3,98,2013,"Drama, Comedy, Romance",221194,"2013-08-23","Woody Allen"
tt0102511,9,2013-09-16,"Naked Lunch","Naked Lunch",https://www.imdb.com/title/tt0102511,Movie,6.9,115,1991,"Mystery, Drama",61535,"1992-08-07","David Cronenberg"
tt1587707,9,2013-09-16,"Exit Through the Gift Shop","Exit Through the Gift Shop",https://www.imdb.com/title/tt1587707,Movie,7.9,87,2010,"Documentary, Comedy, Crime, History",70649,"2011-03-18","Banksy"
tt0097940,9,2013-09-16,"Mystery Train","Mystery Train",https://www.imdb.com/title/tt0097940,Movie,7.5,110,1989,"Crime, Drama, Comedy",33356,"1989-12-25","Jim Jarmusch"
tt0838221,10,2013-09-16,"Darjeeling Limited","The Darjeeling Limited",https://www.imdb.com/title/tt0838221,Movie,7.2,91,2007,"Adventure, Drama, Comedy",238943,"2007-12-25","Wes Anderson"
tt0405094,10,2013-09-16,"De andras liv","Das Leben der Anderen",https://www.imdb.com/title/tt0405094,Movie,8.4,137,2006,"Drama, Thriller, Mystery",447725,"2006-11-10","Florian Henckel von Donnersmarck"
tt0266987,7,2013-09-15,"Spy Game","Spy Game",https://www.imdb.com/title/tt0266987,Movie,7.1,126,2001,"Crime, Thriller, Action",178821,"2002-02-08","Tony Scott"
tt0087231,6,2013-09-15,"Falken och snömannen","The Falcon and the Snowman",https://www.imdb.com/title/tt0087231,Movie,6.8,131,1985,"Thriller, Biography, Crime, Drama",14301,"1985-09-20","John Schlesinger"
tt0073802,5,2013-09-15,"Tre dagar för Condor","Three Days of the Condor",https://www.imdb.com/title/tt0073802,Movie,7.4,117,1975,"Mystery, Crime, Thriller",70224,"1975-12-21","Sydney Pollack"
tt1790885,5,2013-09-14,"Zero Dark Thirty","Zero Dark Thirty",https://www.imdb.com/title/tt1790885,Movie,7.4,157,2012,"Thriller, Drama, History",345044,"2013-02-01","Kathryn Bigelow"
tt0977855,7,2013-09-13,"Fair Game","Fair Game",https://www.imdb.com/title/tt0977855,Movie,6.8,108,2010,"Biography, Drama, Thriller",53124,"2010-11-05","Doug Liman"
tt0311113,6,2013-09-10,"Master and Commander - Bortom världens ände","Master and Commander: The Far Side of the World",https://www.imdb.com/title/tt0311113,Movie,7.5,138,2003,"War, Drama, Adventure, Action",259992,"2003-11-26","Peter Weir"
tt1677726,9,2013-09-10,"The Gift","The Gift",https://www.imdb.com/title/tt1677726,Video,6.9,5,2010,"Short, Sci-Fi",565,"2010-04-08","Carl Rinsch"
tt0488352,8,2013-09-09,"The Company","The Company",https://www.imdb.com/title/tt0488352,TV Mini Series,7.7,48,2007,"Drama, History, Thriller, Romance",5188,"2010-01-24",
tt1219289,7,2013-09-08,"Limitless","Limitless",https://www.imdb.com/title/tt1219289,Movie,7.4,105,2011,"Thriller, Sci-Fi",655511,"2011-04-29","Neil Burger"
tt0401997,6,2013-09-08,"Breach","Breach",https://www.imdb.com/title/tt0401997,Movie,7.0,110,2007,"Drama, Thriller, Crime, Biography, History",64216,"2007-05-25","Billy Ray"
tt0258068,6,2013-09-08,"Den stillsamme amerikanen","The Quiet American",https://www.imdb.com/title/tt0258068,Movie,7.0,101,2002,"Romance, War, Drama, Thriller",31355,"2003-02-14","Phillip Noyce"
tt0465538,6,2013-09-07,"Michael Clayton","Michael Clayton",https://www.imdb.com/title/tt0465538,Movie,7.2,119,2007,"Drama, Thriller, Crime, Mystery",185417,"2007-11-09","Tony Gilroy"
tt0452623,7,2013-09-07,"Gone Baby Gone","Gone Baby Gone",https://www.imdb.com/title/tt0452623,Movie,7.6,114,2007,"Drama, Mystery, Crime, Thriller",313915,"2008-01-25","Ben Affleck"
tt0411270,7,2013-09-01,"Mitt hjärtas förlorade slag","De battre mon coeur s'est arrêté",https://www.imdb.com/title/tt0411270,Movie,7.2,108,2005,"Drama, Crime, Music",21771,"2006-01-13","Jacques Audiard"
tt0758752,4,2013-09-01,"Love & Other Drugs","Love & Other Drugs",https://www.imdb.com/title/tt0758752,Movie,6.7,112,2010,"Drama, Comedy, Romance",256187,"2011-01-21","Edward Zwick"
tt0125439,5,2013-09-01,"Notting Hill","Notting Hill",https://www.imdb.com/title/tt0125439,Movie,7.2,124,1999,"Drama, Romance, Comedy",391096,"1999-06-30","Roger Michell"
tt0078788,10,2013-09-01,"Apocalypse","Apocalypse Now",https://www.imdb.com/title/tt0078788,Movie,8.4,147,1979,"Drama, Mystery, War",779299,"1979-10-26","Francis Ford Coppola"
tt0936501,3,2013-08-31,"Taken","Taken",https://www.imdb.com/title/tt0936501,Movie,7.7,90,2008,"Action, Thriller, Crime",679275,"2009-03-06","Pierre Morel"
tt1276104,6,2013-08-12,"Looper","Looper",https://www.imdb.com/title/tt1276104,Movie,7.4,119,2012,"Sci-Fi, Action, Thriller, Drama",633449,"2012-09-28","Rian Johnson"
tt1954811,7,2013-08-04,"See Girl Run","See Girl Run",https://www.imdb.com/title/tt1954811,Movie,5.2,90,2012,"Romance, Drama",1478,"2013-04-26","Nate Meyer"
tt1195478,5,2013-08-03,"The Five-Year Engagement","The Five-Year Engagement",https://www.imdb.com/title/tt1195478,Movie,6.2,124,2012,"Comedy, Romance, Drama",105785,"2012-04-27","Nicholas Stoller"
tt0466816,8,2013-08-03,"Hallam Foe","Hallam Foe",https://www.imdb.com/title/tt0466816,Movie,6.9,95,2007,"Drama, Romance, Mystery",13703,"2008-02-29","David Mackenzie"
tt1234548,8,2013-07-23,"The Men Who Stare at Goats","The Men Who Stare at Goats",https://www.imdb.com/title/tt1234548,Movie,6.2,94,2009,"Comedy, War",142681,"2010-02-05","Grant Heslov"
tt0893402,4,2013-07-23,"Franklyn","Franklyn",https://www.imdb.com/title/tt0893402,Movie,6.0,98,2008,"Thriller, Drama, Fantasy, Sci-Fi",18675,"2009-02-27","Gerald McMorrow"
tt1193138,7,2013-07-23,"Up in the Air","Up in the Air",https://www.imdb.com/title/tt1193138,Movie,7.4,109,2009,"Drama, Romance, Comedy",363123,"2010-01-15","Jason Reitman"
tt1285016,6,2013-07-23,"Social Network","The Social Network",https://www.imdb.com/title/tt1285016,Movie,7.8,120,2010,"Drama, Biography",830857,"2010-10-22","David Fincher"
tt1010048,5,2013-07-23,"Slumdog Millionaire","Slumdog Millionaire",https://www.imdb.com/title/tt1010048,Movie,8.0,120,2008,"Drama, Romance, Crime",916363,"2009-03-06","Danny Boyle,Loveleen Tandan"
tt0457430,5,2013-07-23,"Pans labyrint","El laberinto del fauno",https://www.imdb.com/title/tt0457430,Movie,8.2,118,2006,"Drama, Fantasy, War",753980,"2007-02-09","Guillermo del Toro"
tt0317248,9,2013-07-17,"Guds stad","Cidade de Deus",https://www.imdb.com/title/tt0317248,Movie,8.6,130,2002,"Drama, Crime",883697,"2003-10-17","Fernando Meirelles,Kátia Lund"
tt0813547,6,2013-07-17,"Falskmyntarna","Die Fälscher",https://www.imdb.com/title/tt0813547,Movie,7.5,99,2007,"Drama, War, Crime, History",48854,"2008-01-11","Stefan Ruzowitzky"
tt0333766,8,2013-07-17,"Garden State","Garden State",https://www.imdb.com/title/tt0333766,Movie,7.4,102,2004,"Comedy, Romance, Drama",228659,"2004-11-26","Zach Braff"
tt1022603,5,2013-07-17,"500 Days of Summer","(500) Days of Summer",https://www.imdb.com/title/tt1022603,Movie,7.6,95,2009,"Comedy, Drama, Romance",628560,"2009-10-23","Marc Webb"
tt0460745,8,2013-07-17,"Chaos Theory","Chaos Theory",https://www.imdb.com/title/tt0460745,Movie,6.5,87,2007,"Drama, Comedy, Romance",35287,"2007-10-26","Marcos Siega"
tt1735898,5,2013-07-06,"Snow White and the Huntsman","Snow White and the Huntsman",https://www.imdb.com/title/tt1735898,Movie,6.1,127,2012,"Action, Fantasy, Adventure, Drama",317218,"2012-06-08","Rupert Sanders"
tt0193676,7,2013-07-06,"Nollor och nördar","Freaks and Geeks",https://www.imdb.com/title/tt0193676,TV Series,8.7,45,1999,"Drama, Comedy",165940,"2000-12-15",
tt1641247,8,2013-07-06,"Life's Too Short","Life's Too Short",https://www.imdb.com/title/tt1641247,TV Series,7.5,30,2011,"Comedy",17412,"2012-09-15",
tt1371111,5,2013-07-06,"Cloud Atlas","Cloud Atlas",https://www.imdb.com/title/tt1371111,Movie,7.3,172,2012,"Sci-Fi, Drama, Mystery, Thriller",388691,"2013-02-22","Tom Tykwer,Lana Wachowski,Lilly Wachowski"
tt1024648,5,2013-06-15,"Argo","Argo",https://www.imdb.com/title/tt1024648,Movie,7.7,120,2012,"Thriller, Drama, Biography, History",673846,"2012-11-23","Ben Affleck"
tt0467406,7,2013-06-15,"Juno","Juno",https://www.imdb.com/title/tt0467406,Movie,7.4,96,2007,"Comedy, Drama",575827,"2008-01-25","Jason Reitman"
tt0128445,6,2013-06-15,"Rushmore","Rushmore",https://www.imdb.com/title/tt0128445,Movie,7.6,93,1998,"Drama, Romance, Comedy",209906,"1999-02-19","Wes Anderson"
tt0404030,1,2013-06-15,"Allt är upplyst","Everything Is Illuminated",https://www.imdb.com/title/tt0404030,Movie,7.4,106,2005,"Drama, Comedy",61667,"2005-11-04","Liev Schreiber"
tt0799934,7,2013-06-15,"Be Kind Rewind","Be Kind Rewind",https://www.imdb.com/title/tt0799934,Movie,6.4,102,2008,"Comedy",96870,"2008-04-18","Michel Gondry"
tt2149175,8,2013-06-10,"The Americans","The Americans",https://www.imdb.com/title/tt2149175,TV Series,8.4,44,2013,"Drama, Crime, Mystery, Thriller",126954,"2013-08-29",
tt0367089,7,2013-06-10,"The Squid and the Whale","The Squid and the Whale",https://www.imdb.com/title/tt0367089,Movie,7.3,81,2005,"Drama, Comedy",95171,"2006-07-07","Noah Baumbach"
tt0106179,8,2013-05-28,"Arkiv X","The X Files",https://www.imdb.com/title/tt0106179,TV Series,8.6,45,1993,"Drama, Crime, Adventure, Sci-Fi, Mystery, Thriller",277357,"2021-03-11",
tt1486217,9,2013-05-28,"Archer","Archer",https://www.imdb.com/title/tt1486217,TV Series,8.6,22,2009,"Animation, Action, Comedy",177037,"2009-09-17",
tt0479468,8,2013-05-11,"Gonzo: The Life and Work of Dr. Hunter S. Thompson","Gonzo: The Life and Work of Dr. Hunter S. Thompson",https://www.imdb.com/title/tt0479468,Movie,7.6,120,2008,"Documentary, Biography, Music",8837,"2008-07-18","Alex Gibney"
tt0257044,5,2013-04-12,"Road to Perdition","Road to Perdition",https://www.imdb.com/title/tt0257044,Movie,7.6,117,2002,"Thriller, Crime, Drama",303331,"2002-09-27","Sam Mendes"
tt1650062,5,2013-04-02,"Super 8","Super 8",https://www.imdb.com/title/tt1650062,Movie,7.0,112,2011,"Sci-Fi, Thriller, Action",384114,"2011-06-17","J.J. Abrams"
tt1423894,5,2013-04-02,"Barneys många liv","Barney's Version",https://www.imdb.com/title/tt1423894,Movie,7.3,134,2010,"Drama, Comedy",27529,"2011-07-01","Richard J. Lewis"
tt0340377,6,2013-04-02,"Station Agent","The Station Agent",https://www.imdb.com/title/tt0340377,Movie,7.6,89,2003,"Comedy, Drama",82010,"2003-12-05","Tom McCarthy"
tt0129290,3,2013-04-02,"Patch Adams","Patch Adams",https://www.imdb.com/title/tt0129290,Movie,6.9,115,1998,"Biography, Romance, Drama, Comedy",131621,"1999-03-26","Tom Shadyac"
tt0101761,5,2013-04-02,"The Doors","The Doors",https://www.imdb.com/title/tt0101761,Movie,7.2,141,1991,"Music, Biography, Drama",108254,"1991-04-12","Oliver Stone"
tt0249462,5,2013-04-02,"Billy Elliot","Billy Elliot",https://www.imdb.com/title/tt0249462,Movie,7.7,110,2000,"Music, Drama",154027,"2000-12-22","Stephen Daldry"
tt0305206,8,2013-04-02,"American Splendor","American Splendor",https://www.imdb.com/title/tt0305206,Movie,7.4,101,2003,"Comedy, Biography, Drama",55143,"2004-01-16","Shari Springer Berman,Robert Pulcini"
tt0146882,8,2013-04-02,"High Fidelity","High Fidelity",https://www.imdb.com/title/tt0146882,Movie,7.4,113,2000,"Music, Romance, Drama, Comedy",201435,"2000-09-01","Stephen Frears"
tt0421082,7,2013-04-02,"Control","Control",https://www.imdb.com/title/tt0421082,Movie,7.6,122,2007,"Drama, Biography, Music",72279,"2008-01-11","Anton Corbijn"
tt0274309,8,2013-04-02,"24 Hour Party People","24 Hour Party People",https://www.imdb.com/title/tt0274309,Movie,7.3,117,2002,"Music, Biography, Drama, Comedy",40894,"2003-01-31","Michael Winterbottom"
tt0279600,3,2013-04-02,"Smallville","Smallville",https://www.imdb.com/title/tt0279600,TV Series,7.5,60,2001,"Adventure, Action, Sci-Fi, Drama",157297,"2002-02-10",
tt0098936,9,2013-04-02,"Twin Peaks","Twin Peaks",https://www.imdb.com/title/tt0098936,TV Series,8.7,50,1990,"Thriller, Crime, Drama, Mystery",251383,"1990-11-18",
tt0367279,7,2013-04-02,"Arrested Development","Arrested Development",https://www.imdb.com/title/tt0367279,TV Series,8.6,22,2003,"Comedy",347131,"2005-02-14",
tt0387199,3,2013-04-02,"Entourage","Entourage",https://www.imdb.com/title/tt0387199,TV Series,8.4,30,2004,"Comedy, Drama",185609,"2006-10-04",
tt0904208,7,2013-04-02,"Californication","Californication",https://www.imdb.com/title/tt0904208,TV Series,8.3,30,2007,"Comedy, Drama",196318,"2008-01-10",
tt0115270,6,2013-04-02,"Millennium","Millennium",https://www.imdb.com/title/tt0115270,TV Series,7.9,45,1996,"Sci-Fi, Crime, Drama, Thriller, Mystery, Horror",13578,"1997-02-27",
tt0388795,8,2013-04-02,"Brokeback Mountain","Brokeback Mountain",https://www.imdb.com/title/tt0388795,Movie,7.7,134,2005,"Drama, Romance",422554,"2006-02-03","Ang Lee"
tt0043274,9,2013-04-02,"Alice i Underlandet","Alice in Wonderland",https://www.imdb.com/title/tt0043274,Movie,7.3,75,1951,"Animation, Musical, Adventure, Comedy, Family, Fantasy",169032,"1951-12-26","Clyde Geronimi,Wilfred Jackson,Hamilton Luske,Jack Kinney"
tt0118883,5,2013-04-02,"Sammansvärjningen","Conspiracy Theory",https://www.imdb.com/title/tt0118883,Movie,6.7,135,1997,"Action, Drama, Crime, Thriller, Mystery",115566,"1997-08-08","Richard Donner"
tt0120601,8,2013-04-02,"I huvudet på John Malkovich","Being John Malkovich",https://www.imdb.com/title/tt0120601,Movie,7.7,113,1999,"Drama, Comedy, Fantasy",371697,"2000-03-03","Spike Jonze"
tt0989000,7,2013-04-02,"In Search of a Midnight Kiss","In Search of a Midnight Kiss",https://www.imdb.com/title/tt0989000,Movie,7.2,90,2007,"Comedy, Romance, Drama",8533,"2008-08-01","Alex Holdridge"
tt0450385,6,2013-04-02,"1408","1408",https://www.imdb.com/title/tt0450385,Movie,6.8,104,2007,"Horror, Mystery, Fantasy",317837,"2007-10-26","Mikael Håfström"
tt0463854,6,2013-04-02,"28 veckor senare","28 Weeks Later",https://www.imdb.com/title/tt0463854,Movie,6.8,100,2007,"Horror, Sci-Fi",369015,"2007-09-07","Juan Carlos Fresnadillo"
tt0481369,4,2013-04-02,"The Number 23","The Number 23",https://www.imdb.com/title/tt0481369,Movie,6.4,98,2007,"Mystery, Thriller, Crime",222823,"2007-03-23","Joel Schumacher"
tt0119643,5,2013-04-02,"Möt Joe Black","Meet Joe Black",https://www.imdb.com/title/tt0119643,Movie,7.2,178,1998,"Drama, Romance, Fantasy",304170,"1999-01-01","Martin Brest"
tt0290673,6,2013-04-02,"Irreversible","Irréversible",https://www.imdb.com/title/tt0290673,Movie,7.3,97,2002,"Crime, Mystery, Drama, Thriller",165793,"2003-10-10","Gaspar Noé"
tt0162661,7,2013-04-02,"Sleepy Hollow","Sleepy Hollow",https://www.imdb.com/title/tt0162661,Movie,7.3,105,1999,"Mystery, Fantasy, Horror",417158,"2000-03-31","Tim Burton"
tt0123755,8,2013-04-02,"Cube","Cube",https://www.imdb.com/title/tt0123755,Movie,7.1,90,1997,"Horror, Mystery, Sci-Fi",264165,"1997-12-10","Vincenzo Natali"
tt0106977,7,2013-04-02,"Jagad","The Fugitive",https://www.imdb.com/title/tt0106977,Movie,7.8,130,1993,"Crime, Action, Mystery, Drama, Thriller",350946,"1993-08-06","Andrew Davis"
tt1054606,7,2013-04-02,"The Imaginarium of Doctor Parnassus","The Imaginarium of Doctor Parnassus",https://www.imdb.com/title/tt1054606,Movie,6.7,123,2009,"Fantasy, Adventure, Mystery, Comedy",158433,"2009-12-25","Terry Gilliam"
tt0114746,10,2013-04-02,"De 12 apornas armé","Twelve Monkeys",https://www.imdb.com/title/tt0114746,Movie,8.0,129,1995,"Mystery, Sci-Fi, Thriller",685231,"1996-04-12","Terry Gilliam"
tt0477302,5,2013-04-02,"Extremt högt och otroligt nära","Extremely Loud & Incredibly Close",https://www.imdb.com/title/tt0477302,Movie,6.9,129,2011,"Drama, Adventure, Mystery",108427,"2012-02-17","Stephen Daldry"
tt0327056,6,2013-04-02,"Mystic River","Mystic River",https://www.imdb.com/title/tt0327056,Movie,7.9,138,2003,"Crime, Mystery, Thriller, Drama",532915,"2003-10-31","Clint Eastwood"
tt0482571,5,2013-04-02,"The Prestige","The Prestige",https://www.imdb.com/title/tt0482571,Movie,8.5,130,2006,"Drama, Thriller, Mystery, Sci-Fi",1630641,"2006-12-25","Christopher Nolan"
tt1515091,8,2013-04-02,"Sherlock Holmes: A Game of Shadows","Sherlock Holmes: A Game of Shadows",https://www.imdb.com/title/tt1515091,Movie,7.4,129,2011,"Mystery, Action, Adventure",506006,"2011-12-16","Guy Ritchie"
tt1217209,5,2013-04-02,"Modig","Brave",https://www.imdb.com/title/tt1217209,Movie,7.1,93,2012,"Animation, Adventure, Fantasy, Family, Comedy, Drama, Mystery, Action",486366,"2012-08-31","Mark Andrews,Brenda Chapman,Steve Purcell"
tt1045658,7,2013-04-02,"Du gör mig galen!","Silver Linings Playbook",https://www.imdb.com/title/tt1045658,Movie,7.7,122,2012,"Drama, Romance",778821,"2013-02-27","David O. Russell"
tt0903624,4,2013-04-02,"Hobbit: En oväntad resa","The Hobbit: An Unexpected Journey",https://www.imdb.com/title/tt0903624,Movie,7.8,169,2012,"Fantasy, Adventure",938435,"2012-12-12","Peter Jackson"
tt2125608,7,2013-04-02,"Searching for Sugar Man","Searching for Sugar Man",https://www.imdb.com/title/tt2125608,Movie,8.2,86,2012,"Documentary, Biography, Music, Mystery",76966,"2012-08-24","Malik Bendjelloul"
tt0066995,6,2013-04-02,"Diamantfeber","Diamonds Are Forever",https://www.imdb.com/title/tt0066995,Movie,6.5,120,1971,"Thriller, Adventure, Action",124727,"1971-12-20","Guy Hamilton"
tt0898367,6,2013-04-02,"Vägen","The Road",https://www.imdb.com/title/tt0898367,Movie,7.2,111,2009,"Drama, Thriller",273962,"2010-01-22","John Hillcoat"
tt0256380,5,2013-04-02,"Min stora kärlek","Shallow Hal",https://www.imdb.com/title/tt0256380,Movie,6.0,114,2001,"Fantasy, Romance, Drama, Comedy",155953,"2001-12-07","Bobby Farrelly,Peter Farrelly"
tt0163978,7,2013-04-02,"The Beach","The Beach",https://www.imdb.com/title/tt0163978,Movie,6.6,119,2000,"Thriller, Drama, Romance, Adventure",271692,"2000-03-17","Danny Boyle"
tt1542344,6,2013-04-02,"127 timmar","127 Hours",https://www.imdb.com/title/tt1542344,Movie,7.5,94,2010,"Drama, Biography",428550,"2011-02-11","Danny Boyle"
tt0758758,7,2013-04-02,"Into the Wild","Into the Wild",https://www.imdb.com/title/tt0758758,Movie,8.0,148,2007,"Drama, Adventure, Biography",700277,"2008-02-14","Sean Penn"
tt0454876,7,2013-04-02,"Berättelsen om Pi","Life of Pi",https://www.imdb.com/title/tt0454876,Movie,7.9,127,2012,"Drama, Adventure, Fantasy",706708,"2012-12-21","Ang Lee"
tt0337692,8,2013-04-02,"On the Road","On the Road",https://www.imdb.com/title/tt0337692,Movie,6.0,124,2012,"Adventure, Drama, Romance",44985,"2012-07-20","Walter Salles"
tt2085059,10,2013-04-02,"Black Mirror","Black Mirror",https://www.imdb.com/title/tt2085059,TV Series,8.7,60,2011,"Drama, Thriller, Sci-Fi, Mystery, Crime",750509,"2012-04-22",
tt0331811,7,2013-03-25,"Kl. 11:14","11:14",https://www.imdb.com/title/tt0331811,Movie,7.1,86,2003,"Crime, Drama, Mystery, Thriller, Comedy",52986,"2004-08-20","Greg Marcks"
tt0848228,4,2013-03-25,"The Avengers","The Avengers",https://www.imdb.com/title/tt0848228,Movie,8.0,143,2012,"Action, Sci-Fi",1586040,"2012-04-27","Joss Whedon"
tt2071471,3,2013-03-25,"Hassel - Privatspanarna","Hassel - Privatspanarna",https://www.imdb.com/title/tt2071471,Movie,4.6,74,2012,"Crime, Comedy, Drama",299,"2012-11-23","Måns Månsson"
tt1259521,6,2013-03-25,"The Cabin in the Woods","The Cabin in the Woods",https://www.imdb.com/title/tt1259521,Movie,7.0,95,2011,"Horror, Mystery, Thriller",496604,"2012-05-18","Drew Goddard"
tt0306414,10,2013-03-12,"The Wire","The Wire",https://www.imdb.com/title/tt0306414,TV Series,9.3,60,2002,"Thriller, Crime, Drama",440700,"2003-07-04",
tt1234654,6,2012-07-13,"Greenberg","Greenberg",https://www.imdb.com/title/tt1234654,Movie,6.1,107,2010,"Comedy, Drama, Romance",40465,"2010-05-21","Noah Baumbach"
tt0289879,6,2012-07-12,"The Butterfly Effect","The Butterfly Effect",https://www.imdb.com/title/tt0289879,Movie,7.6,113,2004,"Sci-Fi, Drama, Thriller",561471,"2004-06-27","Eric Bress,J. Mackye Gruber"
tt0033467,6,2012-07-12,"En sensation","Citizen Kane",https://www.imdb.com/title/tt0033467,Movie,8.2,119,1941,"Drama, Mystery",497341,"1942-01-26","Orson Welles"
tt1028528,3,2012-07-10,"Death Proof","Death Proof",https://www.imdb.com/title/tt1028528,Movie,7.0,127,2007,"Thriller, Drama",337273,"2007-06-01","Quentin Tarantino"
tt0117438,1,2012-07-10,"Ransom","Ransom",https://www.imdb.com/title/tt0117438,Movie,6.7,121,1996,"Crime, Action, Drama, Thriller",145544,"1996-12-20","Ron Howard"
tt0120787,3,2012-07-10,"Ett perfekt mord","A Perfect Murder",https://www.imdb.com/title/tt0120787,Movie,6.6,107,1998,"Crime, Drama, Thriller",99719,"1998-10-02","Andrew Davis"
tt0091474,3,2012-07-10,"Manhunter","Manhunter",https://www.imdb.com/title/tt0091474,Movie,7.2,120,1986,"Crime, Mystery, Thriller",93938,"1987-05-22","Michael Mann"
tt0496806,4,2012-07-10,"Ocean's Thirteen","Ocean's Thirteen",https://www.imdb.com/title/tt0496806,Movie,6.9,122,2007,"Crime, Thriller",391197,"2007-06-07","Steven Soderbergh"
tt0130827,4,2012-07-10,"Spring Lola","Lola rennt",https://www.imdb.com/title/tt0130827,Movie,7.6,81,1998,"Crime, Thriller, Action",218558,"1999-07-02","Tom Tykwer"
tt0425210,3,2012-07-10,"Lucky Number Slevin","Lucky Number Slevin",https://www.imdb.com/title/tt0425210,Movie,7.7,110,2006,"Thriller, Crime, Drama",341786,"2006-06-16","Paul McGuigan"
tt0208092,7,2012-07-10,"Snatch","Snatch",https://www.imdb.com/title/tt0208092,Movie,8.2,104,2000,"Comedy, Crime",987209,"2000-12-22","Guy Ritchie"
tt0780504,6,2012-07-10,"Drive","Drive",https://www.imdb.com/title/tt0780504,Movie,7.8,100,2011,"Drama, Action",775564,"2011-11-18","Nicolas Winding Refn"
tt0122151,1,2012-07-10,"Dödligt vapen 4","Lethal Weapon 4",https://www.imdb.com/title/tt0122151,Movie,6.6,127,1998,"Crime, Thriller, Action",182098,"1998-07-31","Richard Donner"
tt0104714,2,2012-07-10,"Dödligt vapen 3","Lethal Weapon 3",https://www.imdb.com/title/tt0104714,Movie,6.7,118,1992,"Thriller, Crime, Action",190317,"1992-06-26","Richard Donner"
tt0234215,4,2012-07-10,"Matrix Reloaded","The Matrix Reloaded",https://www.imdb.com/title/tt0234215,Movie,7.2,138,2003,"Action, Sci-Fi",677591,"2003-05-21","Lana Wachowski,Lilly Wachowski"
tt0376994,4,2012-07-10,"X-Men: The Last Stand","X-Men: The Last Stand",https://www.imdb.com/title/tt0376994,Movie,6.6,104,2006,"Action, Sci-Fi, Adventure",581236,"2006-05-24","Brett Ratner"
tt0097937,3,2012-07-10,"Min vänstra fot","My Left Foot: The Story of Christy Brown",https://www.imdb.com/title/tt0097937,Movie,7.8,103,1989,"Biography, Drama",86096,"1990-03-30","Jim Sheridan"
tt0032553,4,2012-07-10,"Diktatorn","The Great Dictator",https://www.imdb.com/title/tt0032553,Movie,8.4,125,1940,"Drama, War, Comedy",260702,"1945-11-19","Charles Chaplin"
tt0072431,3,2012-07-10,"Det våras för Frankenstein","Young Frankenstein",https://www.imdb.com/title/tt0072431,Movie,8.0,106,1974,"Comedy",181987,"1975-04-11","Mel Brooks"
tt0162222,2,2012-07-10,"Cast Away","Cast Away",https://www.imdb.com/title/tt0162222,Movie,7.8,143,2000,"Romance, Drama, Adventure",697682,"2001-01-12","Robert Zemeckis"
tt0118842,5,2012-07-10,"Chasing Amy","Chasing Amy",https://www.imdb.com/title/tt0118842,Movie,7.2,113,1997,"Drama, Romance, Comedy",149250,"1997-04-18","Kevin Smith"
tt0079945,2,2012-07-10,"Star Trek","Star Trek: The Motion Picture",https://www.imdb.com/title/tt0079945,Movie,6.4,143,1979,"Adventure, Mystery, Sci-Fi",102448,"1980-04-02","Robert Wise"
tt0926084,4,2012-07-10,"Harry Potter och Dödsrelikerna: Del 1","Harry Potter and the Deathly Hallows: Part 1",https://www.imdb.com/title/tt0926084,Movie,7.7,146,2010,"Adventure, Mystery, Fantasy, Family",676265,"2010-11-17","David Yates"
tt0398017,5,2012-07-10,"Derailed","Derailed",https://www.imdb.com/title/tt0398017,Movie,6.6,108,2005,"Drama, Thriller, Crime",79478,"2006-02-17","Mikael Håfström"
tt0120832,2,2012-07-10,"Snake Eyes","Snake Eyes",https://www.imdb.com/title/tt0120832,Movie,6.2,98,1998,"Crime, Thriller, Mystery",94385,"1998-08-21","Brian De Palma"
tt0304141,3,2012-07-10,"Harry Potter och Fången från Azkaban","Harry Potter and the Prisoner of Azkaban",https://www.imdb.com/title/tt0304141,Movie,7.9,142,2004,"Mystery, Family, Adventure, Fantasy",780454,"2004-06-09","Alfonso Cuarón"
tt0338564,3,2012-07-10,"Infernal Affairs","Mou gaan dou",https://www.imdb.com/title/tt0338564,Movie,8.0,101,2002,"Thriller, Mystery, Drama, Crime",139539,"2004-03-12","Wai Keung Lau,Alan Mak"
tt0295297,3,2012-07-10,"Harry Potter och Hemligheternas kammare","Harry Potter and the Chamber of Secrets",https://www.imdb.com/title/tt0295297,Movie,7.5,161,2002,"Mystery, Family, Adventure, Fantasy",779349,"2002-11-22","Chris Columbus"
tt0417741,3,2012-07-10,"Harry Potter och Halvblodsprinsen","Harry Potter and the Half-Blood Prince",https://www.imdb.com/title/tt0417741,Movie,7.6,153,2009,"Fantasy, Mystery, Family, Adventure",672015,"2009-07-15","David Yates"
tt0330373,2,2012-07-10,"Harry Potter och Den flammande bägaren","Harry Potter and the Goblet of Fire",https://www.imdb.com/title/tt0330373,Movie,7.7,157,2005,"Mystery, Family, Adventure, Fantasy",766396,"2005-11-18","Mike Newell"
tt0090605,6,2012-07-10,"Aliens - Återkomsten","Aliens",https://www.imdb.com/title/tt0090605,Movie,8.4,137,1986,"Thriller, Action, Sci-Fi, Adventure",849559,"1986-10-03","James Cameron"
tt0480249,4,2012-07-10,"I Am Legend","I Am Legend",https://www.imdb.com/title/tt0480249,Movie,7.2,101,2007,"Drama, Sci-Fi, Thriller, Horror",889649,"2008-01-25","Francis Lawrence"
tt0246578,6,2012-07-10,"Donnie Darko","Donnie Darko",https://www.imdb.com/title/tt0246578,Movie,8.0,113,2001,"Sci-Fi, Thriller, Mystery, Drama",921606,"2001-01-19","Richard Kelly"
tt0272152,3,2012-07-10,"K-PAX","K-PAX",https://www.imdb.com/title/tt0272152,Movie,7.4,120,2001,"Mystery, Sci-Fi, Drama",204337,"2002-02-01","Iain Softley"
tt1201607,4,2012-07-10,"Harry Potter och Dödsrelikerna: Del 2","Harry Potter and the Deathly Hallows: Part 2",https://www.imdb.com/title/tt1201607,Movie,8.1,130,2011,"Adventure, Mystery, Fantasy, Family",1064847,"2011-07-13","David Yates"
tt0128442,5,2012-07-10,"Rounders - Sista spelet","Rounders",https://www.imdb.com/title/tt0128442,Movie,7.3,121,1998,"Crime, Drama",174006,"1999-01-29","John Dahl"
tt0307901,4,2012-07-10,"25th Hour","25th Hour",https://www.imdb.com/title/tt0307901,Movie,7.6,135,2002,"Drama",191809,"2003-03-14","Spike Lee"
tt0120586,6,2012-07-10,"American History X","American History X",https://www.imdb.com/title/tt0120586,Movie,8.5,119,1998,"Drama, Crime",1288713,"1999-02-26","Tony Kaye"
tt0480025,6,2012-07-10,"This Is England","This Is England",https://www.imdb.com/title/tt0480025,Movie,7.7,101,2006,"Drama, Crime",136277,"2007-08-17","Shane Meadows"
tt0111161,8,2012-07-10,"Nyckeln till frihet","The Shawshank Redemption",https://www.imdb.com/title/tt0111161,Movie,9.3,142,1994,"Drama",3246652,"1995-03-03","Frank Darabont"
tt0375679,2,2012-07-10,"Crash","Crash",https://www.imdb.com/title/tt0375679,Movie,7.7,112,2004,"Drama, Crime, Thriller",464694,"2005-09-09","Paul Haggis"
tt0289848,2,2012-07-10,"Du går mig på nerverna... - Analysera ännu mera!","Analyze That",https://www.imdb.com/title/tt0289848,Movie,5.9,96,2002,"Crime, Comedy",93661,"2003-01-31","Harold Ramis"
tt0122933,2,2012-07-10,"Analysera mera!","Analyze This",https://www.imdb.com/title/tt0122933,Movie,6.7,103,1999,"Crime, Comedy",170771,"1999-10-08","Harold Ramis"
tt0090756,5,2012-07-10,"Blue Velvet","Blue Velvet",https://www.imdb.com/title/tt0090756,Movie,7.7,120,1986,"Drama, Crime, Thriller, Mystery",249871,"1987-03-13","David Lynch"
tt0307987,2,2012-07-10,"Bad Santa","Bad Santa",https://www.imdb.com/title/tt0307987,Movie,7.0,92,2003,"Drama, Crime, Comedy",168761,"2004-12-03","Terry Zwigoff"
tt0070735,7,2012-07-10,"Blåsningen","The Sting",https://www.imdb.com/title/tt0070735,Movie,8.2,129,1973,"Drama, Crime, Comedy",306471,"1974-02-25","George Roy Hill"
tt0090967,8,2012-07-10,"Down by Law","Down by Law",https://www.imdb.com/title/tt0090967,Movie,7.6,107,1986,"Crime, Drama, Comedy",59305,"1986-12-25","Jim Jarmusch"
tt1403865,7,2012-07-10,"True Grit","True Grit",https://www.imdb.com/title/tt1403865,Movie,7.6,110,2010,"Drama, Western",379681,"2011-02-18","Ethan Coen,Joel Coen"
tt0093822,3,2012-07-10,"Arizona Junior","Raising Arizona",https://www.imdb.com/title/tt0093822,Movie,7.3,94,1987,"Crime, Comedy",162482,"1987-10-09","Joel Coen,Ethan Coen"
tt0374546,4,2012-07-10,"Livets hjul","Bom yeoreum gaeul gyeoul geurigo bom",https://www.imdb.com/title/tt0374546,Movie,8.0,103,2003,"Drama, Romance",91633,"2004-04-02","Kim Ki-duk"
tt0180093,5,2012-07-10,"Requiem for a Dream","Requiem for a Dream",https://www.imdb.com/title/tt0180093,Movie,8.3,102,2000,"Drama",986507,"2001-09-14","Darren Aronofsky"
tt0449467,4,2012-07-10,"Babel","Babel",https://www.imdb.com/title/tt0449467,Movie,7.4,143,2006,"Drama",331363,"2006-10-27","Alejandro G. Iñárritu"
tt0060827,5,2012-07-10,"Persona","Persona",https://www.imdb.com/title/tt0060827,Movie,8.0,84,1966,"Thriller, Drama",142396,"1966-10-18","Ingmar Bergman"
tt0118749,5,2012-07-10,"Boogie Nights","Boogie Nights",https://www.imdb.com/title/tt0118749,Movie,7.9,155,1997,"Drama",310312,"1998-03-06","Paul Thomas Anderson"
tt0169547,6,2012-07-10,"American Beauty","American Beauty",https://www.imdb.com/title/tt0169547,Movie,8.3,122,1999,"Drama",1289673,"2000-02-25","Sam Mendes"
tt0175880,5,2012-07-10,"Magnolia","Magnolia",https://www.imdb.com/title/tt0175880,Movie,8.0,188,1999,"Drama",354019,"2000-03-24","Paul Thomas Anderson"
tt0383028,9,2012-07-10,"Synecdoche, New York","Synecdoche, New York",https://www.imdb.com/title/tt0383028,Movie,7.5,124,2008,"Drama",106033,"2009-02-06","Charlie Kaufman"
tt1045772,2,2012-07-10,"I Love You Phillip Morris","I Love You Phillip Morris",https://www.imdb.com/title/tt1045772,Movie,6.6,102,2009,"Comedy, Drama, Romance, Biography, Crime",104365,"2010-02-26","Glenn Ficarra,John Requa"
tt0117951,7,2012-07-10,"Trainspotting","Trainspotting",https://www.imdb.com/title/tt0117951,Movie,8.1,93,1996,"Crime, Drama",775723,"1996-05-31","Danny Boyle"
tt0109045,3,2012-07-10,"Priscilla - Öknens drottning","The Adventures of Priscilla, Queen of the Desert",https://www.imdb.com/title/tt0109045,Movie,7.5,104,1994,"Music, Comedy",62674,"1994-09-30","Stephan Elliott"
tt0379217,4,2012-07-10,"Coffee and Cigarettes","Coffee and Cigarettes",https://www.imdb.com/title/tt0379217,Movie,7.0,95,2003,"Comedy, Music, Drama",71386,"2004-07-09","Jim Jarmusch"
tt0080716,1,2012-07-10,"Fame","Fame",https://www.imdb.com/title/tt0080716,Movie,6.6,134,1980,"Musical, Music, Drama",26742,"1980-09-29","Alan Parker"
tt0254686,4,2012-07-10,"Pianisten","La pianiste",https://www.imdb.com/title/tt0254686,Movie,7.5,131,2001,"Music, Romance, Drama",83162,"2002-04-12","Michael Haneke"
tt0181875,8,2012-07-10,"Almost Famous","Almost Famous",https://www.imdb.com/title/tt0181875,Movie,7.9,122,2000,"Music, Comedy, Adventure, Drama",318154,"2001-01-19","Cameron Crowe"
tt0120879,5,2012-07-10,"Velvet Goldmine","Velvet Goldmine",https://www.imdb.com/title/tt0120879,Movie,6.9,123,1998,"Music, Drama",40776,"1998-10-16","Todd Haynes"
tt0350258,5,2012-07-10,"Ray","Ray",https://www.imdb.com/title/tt0350258,Movie,7.7,152,2004,"Music, Biography, Drama",167447,"2005-01-28","Taylor Hackford"
tt0368794,9,2012-07-10,"I'm Not There","I'm Not There",https://www.imdb.com/title/tt0368794,Movie,6.8,135,2007,"Drama, Music, Biography",63812,"2008-02-08","Todd Haynes"
tt0407304,3,2012-07-10,"Världarnas krig","War of the Worlds",https://www.imdb.com/title/tt0407304,Movie,6.6,117,2005,"Sci-Fi, Adventure, Action",514892,"2005-06-29","Steven Spielberg"
tt0399201,3,2012-07-10,"The Island","The Island",https://www.imdb.com/title/tt0399201,Movie,6.8,136,2005,"Sci-Fi, Thriller, Action",345590,"2005-08-26","Michael Bay"
tt0120660,4,2012-07-10,"Enemy of the State","Enemy of the State",https://www.imdb.com/title/tt0120660,Movie,7.3,132,1998,"Action, Thriller",277333,"1998-12-18","Tony Scott"
tt0120647,1,2012-07-10,"Deep Impact","Deep Impact",https://www.imdb.com/title/tt0120647,Movie,6.3,120,1998,"Drama, Action, Thriller, Sci-Fi",208010,"1998-05-15","Mimi Leder"
tt1136608,2,2012-07-10,"District 9","District 9",https://www.imdb.com/title/tt1136608,Movie,7.9,112,2009,"Sci-Fi, Action, Thriller",758426,"2009-08-28","Neill Blomkamp"
tt0372784,8,2012-07-10,"Batman Begins","Batman Begins",https://www.imdb.com/title/tt0372784,Movie,8.2,140,2005,"Crime",1747428,"2005-07-27","Christopher Nolan"
tt0209144,7,2012-07-10,"Memento","Memento",https://www.imdb.com/title/tt0209144,Movie,8.4,113,2000,"Thriller, Mystery",1461562,"2001-07-13","Christopher Nolan"
tt0468569,9,2012-07-10,"The Dark Knight","The Dark Knight",https://www.imdb.com/title/tt0468569,Movie,9.1,152,2008,"Crime, Thriller",3234214,"2008-07-25","Christopher Nolan"
tt0120184,3,2012-07-10,"Sphere - Farkosten","Sphere",https://www.imdb.com/title/tt0120184,Movie,6.1,134,1998,"Mystery, Sci-Fi, Thriller",118442,"1998-04-03","Barry Levinson"
tt0137494,3,2012-07-10,"Entrapment","Entrapment",https://www.imdb.com/title/tt0137494,Movie,6.3,113,1999,"Crime, Romance, Action, Thriller",130867,"1999-05-28","Jon Amiel"
tt0988045,8,2012-07-10,"Sherlock Holmes","Sherlock Holmes",https://www.imdb.com/title/tt0988045,Movie,7.5,128,2009,"Adventure, Mystery, Action",712293,"2010-01-01","Guy Ritchie"
tt0059742,1,2012-07-10,"Sound of Music","The Sound of Music",https://www.imdb.com/title/tt0059742,Movie,8.1,174,1965,"Musical, Drama, Biography, Romance, Family",295804,"1965-12-09","Robert Wise"
tt0132477,4,2012-07-10,"October Sky","October Sky",https://www.imdb.com/title/tt0132477,Movie,7.8,108,1999,"Biography, Family, Drama",113315,"1999-11-26","Joe Johnston"
tt0308644,4,2012-07-10,"Finding Neverland","Finding Neverland",https://www.imdb.com/title/tt0308644,Movie,7.6,106,2004,"Drama, Biography, Family",218280,"2005-03-11","Marc Forster"
tt0449059,5,2012-07-10,"Little Miss Sunshine","Little Miss Sunshine",https://www.imdb.com/title/tt0449059,Movie,7.8,101,2006,"Comedy, Drama",566877,"2006-11-24","Jonathan Dayton,Valerie Faris"
tt0088933,2,2012-07-10,"Cocoon - Djupets hemlighet","Cocoon",https://www.imdb.com/title/tt0088933,Movie,6.7,117,1985,"Comedy, Drama, Sci-Fi",74183,"1985-12-14","Ron Howard"
tt0096928,2,2012-07-10,"Bill & Teds galna äventyr","Bill & Ted's Excellent Adventure",https://www.imdb.com/title/tt0096928,Movie,6.9,90,1989,"Sci-Fi, Music, Romance, Comedy, Adventure",151103,"1990-05-25","Stephen Herek"
tt0119654,4,2012-07-10,"Men in Black","Men in Black",https://www.imdb.com/title/tt0119654,Movie,7.3,98,1997,"Adventure, Action, Sci-Fi, Comedy",673154,"1997-07-11","Barry Sonnenfeld"
tt0094012,6,2012-07-10,"Det våras för rymden","Spaceballs",https://www.imdb.com/title/tt0094012,Movie,7.1,96,1987,"Adventure, Sci-Fi, Comedy",229150,"1987-12-25","Mel Brooks"
tt0177789,2,2012-07-10,"Galaxy Quest","Galaxy Quest",https://www.imdb.com/title/tt0177789,Movie,7.4,102,1999,"Adventure, Sci-Fi, Comedy",193639,"2000-07-21","Dean Parisot"
tt0371724,5,2012-07-10,"Liftarens guide till galaxen","The Hitchhiker's Guide to the Galaxy",https://www.imdb.com/title/tt0371724,Movie,6.7,109,2005,"Adventure, Comedy, Sci-Fi",218692,"2005-08-03","Garth Jennings"
tt0081633,4,2012-07-10,"Time Bandits","Time Bandits",https://www.imdb.com/title/tt0081633,Movie,6.9,116,1981,"Sci-Fi, Comedy, Adventure, Fantasy",75058,"1982-02-12","Terry Gilliam"
tt0096764,5,2012-07-10,"Baron Münchausens äventyr","The Adventures of Baron Munchausen",https://www.imdb.com/title/tt0096764,Movie,7.1,126,1988,"Comedy, Adventure, Fantasy",60386,"1989-12-01","Terry Gilliam"
tt0410764,4,2012-07-10,"Tideland","Tideland",https://www.imdb.com/title/tt0410764,Movie,6.3,120,2005,"Drama, Fantasy, Horror",36155,"2007-03-09","Terry Gilliam"
tt0112682,6,2012-07-10,"De förlorade barnens stad","La cité des enfants perdus",https://www.imdb.com/title/tt0112682,Movie,7.4,112,1995,"Drama, Adventure, Sci-Fi, Fantasy",75395,"1995-12-15","Marc Caro,Jean-Pierre Jeunet"
tt0354899,6,2012-07-10,"The Science of Sleep","La science des rêves",https://www.imdb.com/title/tt0354899,Movie,7.2,105,2006,"Comedy, Drama, Romance, Fantasy",72444,"2006-12-01","Michel Gondry"
tt0485947,5,2012-07-10,"Mr. Nobody","Mr. Nobody",https://www.imdb.com/title/tt0485947,Movie,7.7,141,2009,"Drama, Sci-Fi, Fantasy, Romance",259569,"2010-07-30","Jaco Van Dormael"
tt0053472,5,2012-07-10,"Till sista andetaget","À bout de souffle",https://www.imdb.com/title/tt0053472,Movie,7.6,90,1960,"Drama, Crime",96665,"1961-01-23","Jean-Luc Godard"
tt0171804,4,2012-07-10,"Boys Don't Cry","Boys Don't Cry",https://www.imdb.com/title/tt0171804,Movie,7.5,118,1999,"Biography, Romance, Crime, Drama",108349,"2000-01-14","Kimberly Peirce"
tt0096461,4,2012-07-10,"As Tears Go By","Wong Gok ka moon",https://www.imdb.com/title/tt0096461,Movie,7.0,102,1988,"Crime, Romance, Drama",14484,"2006-07-28","Wong Kar-Wai"
tt0423866,8,2012-07-10,"Järntrean","Binjip",https://www.imdb.com/title/tt0423866,Movie,7.9,88,2004,"Drama, Romance, Crime",61868,"2005-09-09","Kim Ki-duk"
tt0101258,4,2012-07-10,"Days of Being Wild","Ah fei jing juen",https://www.imdb.com/title/tt0101258,Movie,7.4,95,1990,"Crime, Romance, Drama",29032,"2006-08-04","Wong Kar-Wai"
tt0212712,9,2012-07-10,"2046","2046",https://www.imdb.com/title/tt0212712,Movie,7.4,129,2004,"Sci-Fi, Romance, Drama",65070,"2004-12-17","Wong Kar-Wai"
tt0765120,7,2012-07-10,"My Blueberry Nights","My Blueberry Nights",https://www.imdb.com/title/tt0765120,Movie,6.6,95,2007,"Romance, Drama",59110,"2008-07-18","Wong Kar-Wai"
tt0212671,1,2012-07-10,"Malcolm - Ett geni i familjen","Malcolm in the Middle",https://www.imdb.com/title/tt0212671,TV Series,8.2,22,2000,"Family, Drama, Comedy",163245,"2001-09-23",
tt0092400,2,2012-07-10,"Våra värsta år","Married with Children",https://www.imdb.com/title/tt0092400,TV Series,8.1,22,1987,"Comedy",119131,"1988-01-20",
tt0237123,6,2012-07-10,"Coupling","Coupling",https://www.imdb.com/title/tt0237123,TV Series,8.5,30,2000,"Romance, Comedy",50581,"2002-04-30",
tt0460091,4,2012-07-10,"My Name Is Earl","My Name Is Earl",https://www.imdb.com/title/tt0460091,TV Series,7.8,22,2005,"Comedy",117330,"2006-03-01",
tt0369179,6,2012-07-10,"Two and a Half Men","Two and a Half Men",https://www.imdb.com/title/tt0369179,TV Series,7.1,22,2003,"Comedy, Romance",301282,"2004-02-06",
tt1229413,8,2012-07-10,"Hung","Hung",https://www.imdb.com/title/tt1229413,TV Series,7.2,30,2009,"Comedy, Drama",24512,"2010-09-01",
tt0301357,4,2012-07-10,"Good Bye Lenin!","Good Bye Lenin!",https://www.imdb.com/title/tt0301357,Movie,7.7,121,2003,"Romance, Comedy, Drama",161043,"2003-11-28","Wolfgang Becker"
tt0412019,6,2012-07-10,"Broken Flowers","Broken Flowers",https://www.imdb.com/title/tt0412019,Movie,7.1,106,2005,"Comedy, Drama, Mystery, Romance",110807,"2005-10-21","Jim Jarmusch"
tt0345549,4,2012-07-10,"Universums sista dagar","Ruang rak noi nid mahasan",https://www.imdb.com/title/tt0345549,Movie,7.4,112,2003,"Drama, Romance, Comedy",11984,"2004-03-05","Pen-Ek Ratanaruang"
tt0109424,10,2012-07-10,"Chung King Express","Chung Hing sam lam",https://www.imdb.com/title/tt0109424,Movie,7.9,102,1994,"Crime, Comedy, Mystery, Romance, Drama",114284,"1996-05-17","Wong Kar-Wai"
tt0109831,5,2012-07-10,"Fyra bröllop och en begravning","Four Weddings and a Funeral",https://www.imdb.com/title/tt0109831,Movie,7.1,117,1994,"Drama, Romance, Comedy",184767,"1994-09-09","Mike Newell"
tt0276751,3,2012-07-10,"Om en pojke","About a Boy",https://www.imdb.com/title/tt0276751,Movie,7.1,101,2002,"Romance, Drama, Comedy",200069,"2002-06-07","Chris Weitz,Paul Weitz"
tt0079522,6,2012-07-10,"Manhattan","Manhattan",https://www.imdb.com/title/tt0079522,Movie,7.8,96,1979,"Drama, Romance, Comedy",153666,"1980-03-12","Woody Allen"
tt0119822,5,2012-07-10,"Livet från den ljusa sidan","As Good as It Gets",https://www.imdb.com/title/tt0119822,Movie,7.7,139,1997,"Romance, Drama, Comedy",340666,"1998-02-13","James L. Brooks"
tt0272338,6,2012-07-10,"Punch-Drunk Love","Punch-Drunk Love",https://www.imdb.com/title/tt0272338,Movie,7.3,95,2002,"Drama, Comedy, Thriller, Romance",200014,"2003-03-14","Paul Thomas Anderson"
tt0061722,5,2012-07-10,"Mandomsprovet","The Graduate",https://www.imdb.com/title/tt0061722,Movie,8.0,106,1967,"Comedy, Romance, Drama",304503,"1968-09-02","Mike Nichols"
tt1176740,6,2012-07-10,"Away We Go","Away We Go",https://www.imdb.com/title/tt1176740,Movie,7.0,98,2009,"Comedy, Drama, Romance",56859,"2009-11-27","Sam Mendes"
tt0375063,9,2012-07-10,"Sideways","Sideways",https://www.imdb.com/title/tt0375063,Movie,7.5,127,2004,"Comedy, Drama, Romance",218910,"2005-02-18","Alexander Payne"
tt0086190,7,2012-07-10,"Jedins återkomst","Star Wars: Episode VI - Return of the Jedi",https://www.imdb.com/title/tt0086190,Movie,8.3,131,1983,"Action, Sci-Fi, Adventure, Fantasy",1225743,"1983-09-30","Richard Marquand"
tt0079470,4,2012-07-10,"Monty Python's Life of Brian - Ett herrans liv","Monty Python's Life of Brian",https://www.imdb.com/title/tt0079470,Movie,8.0,94,1979,"Comedy",436189,"1980-08-25","Terry Jones"
tt0111282,2,2012-07-10,"Stargate","Stargate",https://www.imdb.com/title/tt0111282,Movie,7.0,121,1994,"Sci-Fi, Adventure, Action",221774,"1995-05-12","Roland Emmerich"
tt0082198,4,2012-07-10,"Conan barbaren","Conan the Barbarian",https://www.imdb.com/title/tt0082198,Movie,6.9,129,1982,"Adventure, Fantasy",175970,"1982-04-02","John Milius"
tt0109445,5,2012-07-10,"Clerks","Clerks",https://www.imdb.com/title/tt0109445,Movie,7.7,92,1994,"Comedy",241944,"1996-06-28","Kevin Smith"
tt0245712,7,2012-07-10,"Älskade hundar","Amores perros",https://www.imdb.com/title/tt0245712,Movie,8.0,154,2000,"Thriller, Drama",273335,"2001-01-12","Alejandro G. Iñárritu"
tt0114369,6,2012-07-10,"Seven","Se7en",https://www.imdb.com/title/tt0114369,Movie,8.6,127,1995,"Mystery, Drama, Crime, Thriller",2064632,"1995-12-25","David Fincher"
tt0320691,2,2012-07-10,"Underworld","Underworld",https://www.imdb.com/title/tt0320691,Movie,7.0,121,2003,"Thriller, Fantasy, Action",303760,"2004-03-19","Len Wiseman"
tt0114558,7,2012-07-10,"Strange Days","Strange Days",https://www.imdb.com/title/tt0114558,Movie,7.2,145,1995,"Crime, Thriller, Drama, Sci-Fi",86859,"1996-04-19","Kathryn Bigelow"
tt0449088,8,2012-07-10,"Pirates of the Caribbean: Vid världens ände","Pirates of the Caribbean: At World's End",https://www.imdb.com/title/tt0449088,Movie,7.2,169,2007,"Action, Adventure, Fantasy",754100,"2007-05-23","Gore Verbinski"
tt0167261,8,2012-07-10,"Sagan om de två tornen","The Lord of the Rings: The Two Towers",https://www.imdb.com/title/tt0167261,Movie,8.8,179,2002,"Drama, Adventure, Fantasy",1987797,"2002-12-18","Peter Jackson"
tt0167260,8,2012-07-10,"Sagan om konungens återkomst","The Lord of the Rings: The Return of the King",https://www.imdb.com/title/tt0167260,Movie,9.0,201,2003,"Drama, Adventure, Fantasy",2197663,"2003-12-17","Peter Jackson"
tt1568346,6,2012-07-10,"The Girl with the Dragon Tattoo","The Girl with the Dragon Tattoo",https://www.imdb.com/title/tt1568346,Movie,7.8,158,2011,"Drama, Thriller, Crime, Mystery",534440,"2011-12-21","David Fincher"
tt0383574,8,2012-07-10,"Pirates of the Caribbean: Död mans kista","Pirates of the Caribbean: Dead Man's Chest",https://www.imdb.com/title/tt0383574,Movie,7.4,151,2006,"Adventure, Fantasy, Action",838131,"2006-07-12","Gore Verbinski"
tt1178663,3,2012-07-10,"Whatever Works","Whatever Works",https://www.imdb.com/title/tt1178663,Movie,7.1,93,2009,"Comedy, Romance",79706,"2009-07-10","Woody Allen"
tt1605783,8,2012-07-10,"Midnatt i Paris","Midnight in Paris",https://www.imdb.com/title/tt1605783,Movie,7.6,94,2011,"Comedy, Romance, Fantasy",474566,"2011-09-02","Woody Allen"
tt0067445,4,2012-07-10,"Döden i Venedig","Morte a Venezia",https://www.imdb.com/title/tt0067445,Movie,7.3,130,1971,"Romance, Drama",25286,"1971-08-11","Luchino Visconti"
tt0110148,5,2012-07-10,"En vampyrs bekännelse: Vampyrkrönikan","Interview with the Vampire: The Vampire Chronicles",https://www.imdb.com/title/tt0110148,Movie,7.5,123,1994,"Horror, Drama, Fantasy",381637,"1994-12-09","Neil Jordan"
tt0099487,4,2012-07-10,"Edward Scissorhands","Edward Scissorhands",https://www.imdb.com/title/tt0099487,Movie,7.8,105,1990,"Drama, Romance, Fantasy",571263,"1991-08-09","Tim Burton"
tt0088846,9,2012-07-10,"Brazil","Brazil",https://www.imdb.com/title/tt0088846,Movie,7.8,132,1985,"Sci-Fi, Drama, Thriller",223474,"1985-03-15","Terry Gilliam"
tt0112817,7,2012-07-10,"Dead Man","Dead Man",https://www.imdb.com/title/tt0112817,Movie,7.5,121,1995,"Drama, Adventure, Western",109984,"1997-06-27","Jim Jarmusch"
tt0120669,10,2012-07-10,"Fear and Loathing in Las Vegas","Fear and Loathing in Las Vegas",https://www.imdb.com/title/tt0120669,Movie,7.4,118,1998,"Adventure, Drama, Comedy",322054,"1998-12-04","Terry Gilliam"
tt0082869,7,2012-07-10,"Operation Outland","Outland",https://www.imdb.com/title/tt0082869,Movie,6.6,109,1981,"Western, Sci-Fi, Crime, Thriller, Action",36111,"1981-12-25","Peter Hyams"
tt0112722,3,2012-07-10,"Copycat","Copycat",https://www.imdb.com/title/tt0112722,Movie,6.6,123,1995,"Mystery, Drama, Thriller",88006,"1996-04-05","Jon Amiel"
tt0319061,9,2012-07-10,"Big Fish","Big Fish",https://www.imdb.com/title/tt0319061,Movie,7.9,125,2003,"Fantasy, Adventure, Romance, Drama",480513,"2004-02-27","Tim Burton"
tt0187636,1,2012-07-10,"Farscape","Farscape",https://www.imdb.com/title/tt0187636,TV Series,8.2,50,1999,"Adventure, Drama, Action, Sci-Fi",43295,"1999-09-03",
tt0137523,6,2012-07-10,"Fight Club","Fight Club",https://www.imdb.com/title/tt0137523,Movie,8.8,139,1999,"Drama, Crime, Thriller",2667997,"1999-12-25","David Fincher"
tt0201391,2,2012-07-10,"Roswell","Roswell",https://www.imdb.com/title/tt0201391,TV Series,7.5,42,1999,"Mystery, Thriller, Romance, Sci-Fi, Drama",32411,"2000-08-25",
tt0120657,1,2012-07-10,"Den 13:e krigaren","The 13th Warrior",https://www.imdb.com/title/tt0120657,Movie,6.6,102,1999,"History, Adventure, Action",140628,"1999-10-08","John McTiernan"
tt0120768,4,2012-07-10,"Förhandlaren","The Negotiator",https://www.imdb.com/title/tt0120768,Movie,7.3,140,1998,"Crime, Mystery, Action, Drama, Thriller",171090,"1998-12-04","F. Gary Gray"
tt0293662,2,2012-07-10,"The Transporter","The Transporter",https://www.imdb.com/title/tt0293662,Movie,6.8,92,2002,"Crime, Thriller, Action",341382,"2003-01-10","Corey Yuen"
tt0060028,2,2012-07-10,"Star Trek","Star Trek",https://www.imdb.com/title/tt0060028,TV Series,8.4,50,1966,"Action, Sci-Fi, Adventure",102312,"2016-06-29",
tt0230600,4,2012-07-10,"The Others","The Others",https://www.imdb.com/title/tt0230600,Movie,7.6,101,2001,"Mystery, Thriller, Horror",433099,"2002-02-15","Alejandro Amenábar"
tt0103644,6,2012-07-10,"Alien³","Alien³",https://www.imdb.com/title/tt0103644,Movie,6.4,114,1992,"Action, Horror, Sci-Fi",356155,"1992-09-25","David Fincher"
tt0104257,2,2012-07-10,"På heder och samvete","A Few Good Men",https://www.imdb.com/title/tt0104257,Movie,7.8,138,1992,"Thriller, Drama",322422,"1993-01-15","Rob Reiner"
tt1132620,6,2012-07-10,"Män som hatar kvinnor","Män som hatar kvinnor",https://www.imdb.com/title/tt1132620,Movie,7.8,152,2009,"Thriller, Mystery, Drama, Crime",232429,"2009-02-27","Niels Arden Oplev"
tt0093894,4,2012-07-10,"The Running Man","The Running Man",https://www.imdb.com/title/tt0093894,Movie,6.6,101,1987,"Thriller, Sci-Fi, Action",193651,"1988-07-15","Paul Michael Glaser"
tt0266697,3,2012-07-10,"Kill Bill: Vol. 1","Kill Bill: Vol. 1",https://www.imdb.com/title/tt0266697,Movie,8.2,111,2003,"Action, Thriller, Crime",1327110,"2003-12-03","Quentin Tarantino"
tt0105236,7,2012-07-10,"De hänsynslösa","Reservoir Dogs",https://www.imdb.com/title/tt0105236,Movie,8.2,99,1992,"Crime, Thriller",1183480,"1993-02-26","Quentin Tarantino"
tt0298130,2,2012-07-10,"The Ring","The Ring",https://www.imdb.com/title/tt0298130,Movie,7.1,115,2002,"Mystery, Horror",407212,"2003-02-21","Gore Verbinski"
tt0285492,5,2012-07-10,"Cube 2: Hypercube","Cube 2: Hypercube",https://www.imdb.com/title/tt0285492,Movie,5.5,94,2002,"Mystery, Sci-Fi, Horror",72322,"2003-04-15","Andrzej Sekula"
tt0119488,7,2012-07-10,"L.A. konfidentiellt","L.A. Confidential",https://www.imdb.com/title/tt0119488,Movie,8.2,138,1997,"Crime, Drama, Thriller, Mystery",664626,"1997-10-17","Curtis Hanson"
tt0107290,4,2012-07-10,"Jurassic Park","Jurassic Park",https://www.imdb.com/title/tt0107290,Movie,8.2,127,1993,"Sci-Fi, Adventure",1201445,"1993-09-03","Steven Spielberg"
tt0092644,5,2012-07-10,"Snuten i Hollywood II","Beverly Hills Cop II",https://www.imdb.com/title/tt0092644,Movie,6.6,103,1987,"Crime, Thriller, Comedy, Action",148464,"1987-09-25","Tony Scott"
tt0364569,4,2012-07-10,"Old Boy - Hämnden","Oldeuboi",https://www.imdb.com/title/tt0364569,Movie,8.3,120,2003,"Mystery, Thriller, Action, Drama",734329,"2005-01-21","Park Chan-wook"
tt0107798,4,2012-07-10,"Pelikanfallet","The Pelican Brief",https://www.imdb.com/title/tt0107798,Movie,6.7,141,1993,"Crime, Drama, Mystery, Thriller",105609,"1994-02-25","Alan J. Pakula"
tt0183659,4,2012-07-10,"Pollock","Pollock",https://www.imdb.com/title/tt0183659,Movie,7.0,122,2000,"Biography, Drama",31198,"2001-10-26","Ed Harris"
tt0089530,3,2012-07-10,"Mad Max bortom Thunderdome","Mad Max Beyond Thunderdome",https://www.imdb.com/title/tt0089530,Movie,6.2,107,1985,"Adventure, Sci-Fi, Action",163833,"1985-10-11","George Miller,George Ogilvie"
tt0100403,4,2012-07-10,"Rovdjuret 2","Predator 2",https://www.imdb.com/title/tt0100403,Movie,6.3,108,1990,"Sci-Fi, Horror, Action",204643,"1991-04-26","Stephen Hopkins"
tt1032755,3,2012-07-10,"RocknRolla","RocknRolla",https://www.imdb.com/title/tt1032755,Movie,7.2,114,2008,"Action, Crime, Thriller",277231,"2008-12-12","Guy Ritchie"
tt0094525,3,2012-07-10,"Poirot","Poirot",https://www.imdb.com/title/tt0094525,TV Series,8.6,100,1989,"Crime, Thriller, Drama, Mystery",60167,"2021-03-22",
tt0091064,3,2012-07-10,"Flugan","The Fly",https://www.imdb.com/title/tt0091064,Movie,7.6,96,1986,"Horror, Drama, Sci-Fi",227872,"1987-01-16","David Cronenberg"
tt0247082,3,2012-07-10,"CSI: Crime Scene Investigation","CSI: Crime Scene Investigation",https://www.imdb.com/title/tt0247082,TV Series,7.7,60,2000,"Mystery, Thriller, Crime, Drama",94972,"2001-09-03",
tt0268978,5,2012-07-10,"A Beautiful Mind","A Beautiful Mind",https://www.imdb.com/title/tt0268978,Movie,8.2,135,2001,"Biography, Mystery, Drama",1065222,"2002-03-08","Ron Howard"
tt0396171,4,2012-07-10,"Parfymen: Berättelsen om en mördare","Perfume: The Story of a Murderer",https://www.imdb.com/title/tt0396171,Movie,7.5,147,2006,"Drama, Crime, Fantasy",281301,"2007-01-26","Tom Tykwer"
tt0053779,6,2012-07-10,"Det ljuva livet","La dolce vita",https://www.imdb.com/title/tt0053779,Movie,8.0,174,1960,"Comedy, Drama",86742,"1960-10-17","Federico Fellini"
tt0121766,7,2012-07-10,"Star Wars: Episod III - Mörkrets hämnd","Star Wars: Episode III - Revenge of the Sith",https://www.imdb.com/title/tt0121766,Movie,7.7,140,2005,"Fantasy, Adventure, Sci-Fi, Action",935424,"2005-05-19","George Lucas"
tt0138704,9,2012-07-10,"Pi","Pi",https://www.imdb.com/title/tt0138704,Movie,7.3,84,1998,"Mystery, Sci-Fi, Horror, Drama, Thriller",193942,"1998-07-10","Darren Aronofsky"
tt0183649,3,2012-07-10,"Phone Booth","Phone Booth",https://www.imdb.com/title/tt0183649,Movie,7.1,81,2002,"Crime, Thriller",304383,"2003-04-11","Joel Schumacher"
tt1307824,2,2012-07-10,"V","V",https://www.imdb.com/title/tt1307824,TV Series,6.8,42,2009,"Sci-Fi, Drama, Thriller",61504,"2010-04-01",
tt0773262,6,2012-07-10,"Dexter","Dexter",https://www.imdb.com/title/tt0773262,TV Series,8.6,60,2006,"Crime, Drama, Mystery, Thriller",957673,"2007-01-11",
tt0458525,3,2012-07-10,"X-Men Origins: Wolverine","X-Men Origins: Wolverine",https://www.imdb.com/title/tt0458525,Movie,6.5,107,2009,"Action, Sci-Fi",576809,"2009-05-01","Gavin Hood"
tt0120737,8,2012-07-10,"Sagan om ringen: Härskarringen","The Lord of the Rings: The Fellowship of the Ring",https://www.imdb.com/title/tt0120737,Movie,8.9,178,2001,"Drama, Adventure, Fantasy",2241511,"2001-12-19","Peter Jackson"
tt0116908,2,2012-07-10,"Long Kiss Goodnight","The Long Kiss Goodnight",https://www.imdb.com/title/tt0116908,Movie,6.8,121,1996,"Drama, Crime, Mystery, Thriller, Action",93996,"1996-12-06","Renny Harlin"
tt0083658,10,2012-07-10,"Blade Runner","Blade Runner",https://www.imdb.com/title/tt0083658,Movie,8.1,117,1982,"Thriller, Action, Drama, Sci-Fi",892803,"1982-09-10","Ridley Scott"
tt0120681,6,2012-07-10,"From Hell","From Hell",https://www.imdb.com/title/tt0120681,Movie,6.7,122,2001,"Horror, Crime, Mystery, Thriller",173322,"2002-04-19","Albert Hughes,Allen Hughes"
tt0097428,7,2012-07-10,"Ghostbusters II","Ghostbusters II",https://www.imdb.com/title/tt0097428,Movie,6.6,108,1989,"Fantasy, Sci-Fi, Action, Comedy",242005,"1990-02-23","Ivan Reitman"
tt0116136,2,2012-07-10,"DragonHeart","Dragonheart",https://www.imdb.com/title/tt0116136,Movie,6.4,103,1996,"Adventure, Fantasy, Action",105564,"1997-06-27","Rob Cohen"
tt0167190,2,2012-07-10,"Hellboy","Hellboy",https://www.imdb.com/title/tt0167190,Movie,6.9,122,2004,"Fantasy, Adventure, Sci-Fi, Horror, Action",373512,"2004-08-18","Guillermo del Toro"
tt0144084,8,2012-07-10,"American Psycho","American Psycho",https://www.imdb.com/title/tt0144084,Movie,7.6,102,2000,"Crime, Horror, Drama",858800,"2000-05-26","Mary Harron"
tt0099423,7,2012-07-10,"Die Hard 2","Die Hard 2",https://www.imdb.com/title/tt0099423,Movie,7.2,124,1990,"Thriller, Action",410413,"1990-09-28","Renny Harlin"
tt0114069,4,2012-07-10,"Outbreak - I farozonen","Outbreak",https://www.imdb.com/title/tt0114069,Movie,6.6,128,1995,"Drama, Action, Thriller",147319,"1995-04-07","Wolfgang Petersen"
tt0216216,3,2012-07-10,"6:e dagen","The 6th Day",https://www.imdb.com/title/tt0216216,Movie,6.0,123,2000,"Mystery, Sci-Fi, Thriller, Action",135068,"2000-12-01","Roger Spottiswoode"
tt0432348,4,2012-07-10,"Saw II","Saw II",https://www.imdb.com/title/tt0432348,Movie,6.6,93,2005,"Horror, Mystery",300536,"2006-02-10","Darren Lynn Bousman"
tt0243069,3,2012-07-10,"The Lone Gunmen","The Lone Gunmen",https://www.imdb.com/title/tt0243069,TV Series,7.3,45,2001,"Comedy, Mystery, Sci-Fi, Drama, Thriller",6267,"2004-04-25",
tt0947798,8,2012-07-10,"Black Swan","Black Swan",https://www.imdb.com/title/tt0947798,Movie,8.0,108,2010,"Drama, Thriller",898826,"2011-03-04","Darren Aronofsky"
tt0117318,4,2012-07-10,"Larry Flynt - Skandalernas man","The People vs. Larry Flynt",https://www.imdb.com/title/tt0117318,Movie,7.3,130,1996,"Biography, Drama",106963,"1997-02-21","Miloš Forman"
tt0118480,1,2012-07-10,"Stargate SG-1","Stargate SG-1",https://www.imdb.com/title/tt0118480,TV Series,8.4,44,1997,"Action, Adventure, Drama, Sci-Fi",110890,"2001-05-07",
tt0119345,1,2012-07-10,"Jag vet vad du gjorde förra sommaren","I Know What You Did Last Summer",https://www.imdb.com/title/tt0119345,Movie,5.9,101,1997,"Mystery, Horror",183312,"1998-04-09","Jim Gillespie"
tt0096754,4,2012-07-10,"Avgrunden","The Abyss",https://www.imdb.com/title/tt0096754,Movie,7.5,140,1989,"Drama, Mystery, Sci-Fi, Thriller, Adventure",211001,"1989-09-29","James Cameron"
tt0094625,2,2012-07-10,"Akira","Akira",https://www.imdb.com/title/tt0094625,Movie,8.0,124,1988,"Animation, Drama, Fantasy, Action, Sci-Fi",232743,"1988-07-16","Katsuhiro Ōtomo"
tt0361748,9,2012-07-10,"Inglourious Basterds","Inglourious Basterds",https://www.imdb.com/title/tt0361748,Movie,8.4,153,2009,"War, Drama",1821719,"2009-08-21","Quentin Tarantino"
tt0259711,2,2012-07-10,"Vanilla Sky","Vanilla Sky",https://www.imdb.com/title/tt0259711,Movie,6.9,136,2001,"Mystery, Fantasy, Sci-Fi, Romance, Thriller",312585,"2002-01-25","Cameron Crowe"
tt0106582,2,2012-07-10,"Cliffhanger - Svindlande avgrund","Cliffhanger",https://www.imdb.com/title/tt0106582,Movie,6.5,113,1993,"Adventure, Thriller, Action",150062,"1993-07-02","Renny Harlin"
tt0830515,6,2012-07-10,"Quantum of Solace","Quantum of Solace",https://www.imdb.com/title/tt0830515,Movie,6.5,106,2008,"Action, Adventure, Thriller, Mystery",503680,"2008-10-31","Marc Forster"
tt0093409,5,2012-07-10,"Dödligt vapen","Lethal Weapon",https://www.imdb.com/title/tt0093409,Movie,7.6,109,1987,"Thriller, Crime, Action",299197,"1987-08-14","Richard Donner"
tt0242653,5,2012-07-10,"Matrix Revolutions","The Matrix Revolutions",https://www.imdb.com/title/tt0242653,Movie,6.8,129,2003,"Action, Sci-Fi",580891,"2003-11-05","Lana Wachowski,Lilly Wachowski"
tt0318462,6,2012-07-10,"Dagbok från en motorcykel","Diarios de motocicleta",https://www.imdb.com/title/tt0318462,Movie,7.7,126,2004,"Biography, Adventure, Drama",110014,"2004-10-22","Walter Salles"
tt0387564,4,2012-07-10,"Saw","Saw",https://www.imdb.com/title/tt0387564,Movie,7.6,103,2004,"Mystery, Horror, Thriller",517805,"2005-02-18","James Wan"
tt0054215,6,2012-07-10,"Psycho","Psycho",https://www.imdb.com/title/tt0054215,Movie,8.5,109,1960,"Mystery, Thriller, Horror, Drama",795611,"1960-10-31","Alfred Hitchcock"
tt0172495,3,2012-07-10,"Gladiator","Gladiator",https://www.imdb.com/title/tt0172495,Movie,8.5,155,2000,"Action, Adventure, Drama",1885834,"2000-05-19","Ridley Scott"
tt0945513,8,2012-07-10,"Source Code","Source Code",https://www.imdb.com/title/tt0945513,Movie,7.5,93,2011,"Sci-Fi, Thriller, Action, Drama, Mystery",589051,"2011-08-03","Duncan Jones"
tt0114478,7,2012-07-10,"Smoke","Smoke",https://www.imdb.com/title/tt0114478,Movie,7.4,112,1995,"Comedy, Drama",39070,"1995-09-22","Wayne Wang"
tt0315327,3,2012-07-10,"Bruce den allsmäktige","Bruce Almighty",https://www.imdb.com/title/tt0315327,Movie,6.8,101,2003,"Fantasy, Comedy",476391,"2003-07-18","Tom Shadyac"
tt0373889,4,2012-07-10,"Harry Potter och Fenixorden","Harry Potter and the Order of the Phoenix",https://www.imdb.com/title/tt0373889,Movie,7.5,138,2007,"Family, Fantasy, Mystery, Adventure",712841,"2007-07-13","David Yates"
tt1298650,8,2012-07-10,"Pirates of the Caribbean: I främmande farvatten","Pirates of the Caribbean: On Stranger Tides",https://www.imdb.com/title/tt1298650,Movie,6.6,137,2011,"Action, Adventure, Fantasy",615498,"2011-05-18","Rob Marshall"
tt0097523,2,2012-07-10,"Älskling, jag krympte barnen","Honey, I Shrunk the Kids",https://www.imdb.com/title/tt0097523,Movie,6.5,93,1989,"Sci-Fi, Comedy, Adventure, Family",179331,"1989-12-08","Joe Johnston"
tt0091129,5,2012-07-10,"The Golden Child","The Golden Child",https://www.imdb.com/title/tt0091129,Movie,6.0,94,1986,"Fantasy, Mystery, Comedy, Adventure, Action",64161,"1987-02-20","Michael Ritchie"
tt0117500,4,2012-07-10,"The Rock","The Rock",https://www.imdb.com/title/tt0117500,Movie,7.4,136,1996,"Adventure, Thriller, Action",385012,"1996-07-05","Michael Bay"
tt0097576,8,2012-07-10,"Indiana Jones och det sista korståget","Indiana Jones and the Last Crusade",https://www.imdb.com/title/tt0097576,Movie,8.2,127,1989,"Adventure",872691,"1989-09-15","Steven Spielberg"
tt0098084,6,2012-07-10,"Jurtjyrkogården","Pet Sematary",https://www.imdb.com/title/tt0098084,Movie,6.5,103,1989,"Thriller, Fantasy, Horror",125705,"1989-06-16","Mary Lambert"
tt0088323,4,2012-07-10,"Den oändliga historien","The Neverending Story",https://www.imdb.com/title/tt0088323,Movie,7.3,102,1984,"Drama, Family, Adventure, Fantasy",172904,"1984-12-21","Wolfgang Petersen"
tt0181852,1,2012-07-10,"Terminator 3: Rise of the Machines","Terminator 3: Rise of the Machines",https://www.imdb.com/title/tt0181852,Movie,6.3,109,2003,"Sci-Fi, Action",441173,"2003-07-30","Jonathan Mostow"
tt0119094,3,2012-07-10,"Face/Off","Face/Off",https://www.imdb.com/title/tt0119094,Movie,7.3,138,1997,"Crime, Thriller, Action, Sci-Fi",431873,"1997-10-08","John Woo"
tt0120902,8,2012-07-10,"Arkiv X: Fight the Future","The X Files",https://www.imdb.com/title/tt0120902,Movie,7.0,121,1998,"Mystery, Drama, Adventure, Sci-Fi, Thriller",115947,"1998-09-04","Rob Bowman"
tt1322312,3,2012-07-10,"Going the Distance","Going the Distance",https://www.imdb.com/title/tt1322312,Movie,6.3,103,2010,"Comedy, Romance",61790,"2010-09-17","Nanette Burstein"
tt0163187,1,2012-07-10,"Runaway Bride","Runaway Bride",https://www.imdb.com/title/tt0163187,Movie,5.6,116,1999,"Romance, Comedy",111967,"1999-09-03","Garry Marshall"
tt0217869,2,2012-07-10,"Unbreakable","Unbreakable",https://www.imdb.com/title/tt0217869,Movie,7.3,106,2000,"Mystery, Drama, Sci-Fi, Thriller",472072,"2000-12-15","M. Night Shyamalan"
tt0050976,9,2012-07-10,"Det sjunde inseglet","Det sjunde inseglet",https://www.imdb.com/title/tt0050976,Movie,8.1,96,1957,"Drama, Fantasy",218142,"1957-02-16","Ingmar Bergman"
tt0133093,7,2012-07-10,"Matrix","The Matrix",https://www.imdb.com/title/tt0133093,Movie,8.7,136,1999,"Action, Sci-Fi",2283034,"1999-07-14","Lana Wachowski,Lilly Wachowski"
tt0088763,6,2012-07-10,"Tillbaka till framtiden","Back to the Future",https://www.imdb.com/title/tt0088763,Movie,8.5,116,1985,"Comedy, Sci-Fi, Adventure",1479296,"1985-12-18","Robert Zemeckis"
tt0181689,5,2012-07-10,"Minority Report","Minority Report",https://www.imdb.com/title/tt0181689,Movie,7.6,145,2002,"Crime, Sci-Fi, Mystery, Thriller, Action",628059,"2002-07-03","Steven Spielberg"
tt0434409,7,2012-07-10,"V för vendetta","V for Vendetta",https://www.imdb.com/title/tt0434409,Movie,8.1,132,2005,"Thriller, Action, Drama, Sci-Fi",1257649,"2006-03-17","James McTeigue"
tt0088247,7,2012-07-10,"Terminator","The Terminator",https://www.imdb.com/title/tt0088247,Movie,8.1,107,1984,"Action, Adventure, Sci-Fi",1020110,"1985-02-08","James Cameron"
tt0418279,4,2012-07-10,"Transformers","Transformers",https://www.imdb.com/title/tt0418279,Movie,7.1,144,2007,"Action, Sci-Fi, Adventure",727851,"2007-07-04","Michael Bay"
tt0290334,3,2012-07-10,"X-Men 2","X2",https://www.imdb.com/title/tt0290334,Movie,7.4,134,2003,"Sci-Fi, Thriller, Action",621320,"2003-05-02","Bryan Singer"
tt0103064,8,2012-07-10,"Terminator 2 - Domedagen","Terminator 2: Judgment Day",https://www.imdb.com/title/tt0103064,Movie,8.6,137,1991,"Adventure, Sci-Fi, Action",1304069,"1991-09-13","James Cameron"
tt0112697,1,2012-07-10,"Clueless","Clueless",https://www.imdb.com/title/tt0112697,Movie,6.9,97,1995,"Romance, Comedy",282960,"1996-04-05","Amy Heckerling"
tt0102975,2,2012-07-10,"Star Trek VI - The Undiscovered Country","Star Trek VI: The Undiscovered Country",https://www.imdb.com/title/tt0102975,Movie,7.3,110,1991,"Adventure, Thriller, Sci-Fi, Action",86058,"1991-12-06","Nicholas Meyer"
tt0107653,7,2012-07-10,"Naken","Naked",https://www.imdb.com/title/tt0107653,Movie,7.6,131,1993,"Comedy, Drama",49509,"1993-11-26","Mike Leigh"
tt0405296,3,2012-07-10,"A Scanner Darkly","A Scanner Darkly",https://www.imdb.com/title/tt0405296,Movie,7.0,100,2006,"Animation, Sci-Fi, Thriller, Drama, Mystery, Crime, Comedy",122673,"2006-07-28","Richard Linklater"
tt0465234,1,2012-07-10,"National Treasure: Hemligheternas bok","National Treasure: Book of Secrets",https://www.imdb.com/title/tt0465234,Movie,6.5,124,2007,"Action, Adventure, Mystery, Thriller",269846,"2008-01-11","Jon Turteltaub"
tt0338526,3,2012-07-10,"Van Helsing","Van Helsing",https://www.imdb.com/title/tt0338526,Movie,6.1,131,2004,"Fantasy, Thriller, Adventure, Action",310445,"2004-05-05","Stephen Sommers"
tt0164961,3,2012-07-10,"Vidocq","Vidocq",https://www.imdb.com/title/tt0164961,Movie,6.4,98,2001,"Fantasy, Mystery, Action, Sci-Fi, Crime, Thriller",24146,"2001-09-19","Pitof"
tt0120885,3,2012-07-10,"Wag the Dog","Wag the Dog",https://www.imdb.com/title/tt0120885,Movie,7.1,97,1997,"Drama, Comedy",94307,"1998-03-20","Barry Levinson"
tt0343818,5,2012-07-10,"I, Robot","I, Robot",https://www.imdb.com/title/tt0343818,Movie,7.1,115,2004,"Action, Mystery, Sci-Fi, Thriller",622610,"2004-08-04","Alex Proyas"
tt0058150,6,2012-07-10,"Goldfinger","Goldfinger",https://www.imdb.com/title/tt0058150,Movie,7.7,110,1964,"Adventure, Thriller, Action",220111,"1965-02-05","Guy Hamilton"
tt0118971,3,2012-07-10,"Djävulens advokat","The Devil's Advocate",https://www.imdb.com/title/tt0118971,Movie,7.5,144,1997,"Thriller, Mystery, Fantasy, Drama",453152,"1998-01-02","Taylor Hackford"
tt0372183,7,2012-07-10,"The Bourne Supremacy","The Bourne Supremacy",https://www.imdb.com/title/tt0372183,Movie,7.7,108,2004,"Thriller, Action, Mystery",518734,"2004-09-17","Paul Greengrass"
tt0086541,4,2012-07-10,"Videodrome","Videodrome",https://www.imdb.com/title/tt0086541,Movie,7.2,87,1983,"Horror, Thriller, Drama, Sci-Fi",115192,"1983-05-13","David Cronenberg"
tt1060277,2,2012-07-10,"Cloverfield","Cloverfield",https://www.imdb.com/title/tt1060277,Movie,7.0,85,2008,"Sci-Fi, Horror, Thriller, Action",448307,"2008-02-08","Matt Reeves"
tt0075860,5,2012-07-10,"Närkontakt av tredje graden","Close Encounters of the Third Kind",https://www.imdb.com/title/tt0075860,Movie,7.6,138,1977,"Sci-Fi, Drama",238970,"1978-02-24","Steven Spielberg"
tt0286106,1,2012-07-10,"Signs","Signs",https://www.imdb.com/title/tt0286106,Movie,6.8,106,2002,"Drama, Mystery, Sci-Fi, Thriller",419343,"2002-08-30","M. Night Shyamalan"
tt0071129,5,2012-07-10,"Fellini Amarcord","Amarcord",https://www.imdb.com/title/tt0071129,Movie,7.8,123,1973,"Drama, Comedy",51988,"1974-09-02","Federico Fellini"
tt0355295,3,2012-07-10,"Bröderna Grimm","The Brothers Grimm",https://www.imdb.com/title/tt0355295,Movie,5.9,118,2005,"Comedy, Action, Horror, Mystery, Thriller, Adventure, Fantasy",133214,"2005-10-14","Terry Gilliam"
tt1182345,6,2012-07-10,"Moon","Moon",https://www.imdb.com/title/tt1182345,Movie,7.8,97,2009,"Sci-Fi, Drama, Mystery",398902,"2009-07-10","Duncan Jones"
tt0165598,5,2012-07-10,"That '70s Show","That '70s Show",https://www.imdb.com/title/tt0165598,TV Series,8.1,22,1998,"Romance, Drama, Comedy",200238,"2000-01-06",
tt0289043,5,2012-07-10,"28 dagar senare","28 Days Later",https://www.imdb.com/title/tt0289043,Movie,7.5,113,2002,"Sci-Fi, Thriller, Drama, Horror",557038,"2003-02-14","Danny Boyle"
tt1104001,3,2012-07-10,"Tron: Legacy","Tron: Legacy",https://www.imdb.com/title/tt1104001,Movie,6.8,125,2010,"Action, Adventure, Sci-Fi",390162,"2010-12-17","Joseph Kosinski"
tt0120201,2,2012-07-10,"Starship Troopers","Starship Troopers",https://www.imdb.com/title/tt0120201,Movie,7.3,129,1997,"Action, Adventure, Thriller, Sci-Fi",350495,"1998-01-02","Paul Verhoeven"
tt0296572,1,2012-07-10,"The Chronicles of Riddick","The Chronicles of Riddick",https://www.imdb.com/title/tt0296572,Movie,6.6,119,2004,"Sci-Fi, Thriller, Adventure, Action",253759,"2004-08-20","David Twohy"
tt0371746,3,2012-07-10,"Iron Man","Iron Man",https://www.imdb.com/title/tt0371746,Movie,7.9,126,2008,"Action, Sci-Fi, Adventure",1252834,"2008-05-01","Jon Favreau"
tt0119567,4,2012-07-10,"The Lost World: Jurassic Park","The Lost World: Jurassic Park",https://www.imdb.com/title/tt0119567,Movie,6.6,129,1997,"Action, Sci-Fi, Adventure",484070,"1997-09-19","Steven Spielberg"
tt0319262,3,2012-07-10,"Day After Tomorrow","The Day After Tomorrow",https://www.imdb.com/title/tt0319262,Movie,6.5,124,2004,"Action, Adventure, Sci-Fi, Thriller",518305,"2004-05-27","Roland Emmerich"
tt0079501,4,2012-07-10,"Mad Max","Mad Max",https://www.imdb.com/title/tt0079501,Movie,6.8,88,1979,"Sci-Fi, Thriller, Adventure, Action",247371,"1979-04-12","George Miller"
tt0166175,3,2012-07-10,"East Is East","East Is East",https://www.imdb.com/title/tt0166175,Movie,6.9,96,1999,"Drama, Comedy",19800,"2000-03-24","Damien O'Donnell"
tt0089606,6,2012-07-10,"Mitt liv som hund","Mitt liv som hund",https://www.imdb.com/title/tt0089606,Movie,7.6,101,1985,"Comedy, Drama",23122,"1985-12-12","Lasse Hallström"
tt1424381,2,2012-07-10,"Predators","Predators",https://www.imdb.com/title/tt1424381,Movie,6.4,107,2010,"Adventure, Sci-Fi, Thriller, Action",265019,"2010-08-06","Nimród Antal"
tt0100802,7,2012-07-10,"Total Recall","Total Recall",https://www.imdb.com/title/tt0100802,Movie,7.5,113,1990,"Adventure, Sci-Fi, Action",385407,"1990-09-07","Paul Verhoeven"
tt0102536,9,2012-07-10,"Night on Earth","Night on Earth",https://www.imdb.com/title/tt0102536,Movie,7.6,129,1991,"Drama, Comedy",71850,"1991-12-20","Jim Jarmusch"
tt0084827,3,2012-07-10,"Tron","Tron",https://www.imdb.com/title/tt0084827,Movie,6.7,96,1982,"Sci-Fi, Adventure, Action",147743,"1982-12-17","Steven Lisberger"
tt0117731,3,2012-07-10,"Star Trek: First Contact","Star Trek: First Contact",https://www.imdb.com/title/tt0117731,Movie,7.6,111,1996,"Adventure, Thriller, Drama, Sci-Fi, Action",139098,"1997-05-23","Jonathan Frakes"
tt0078748,7,2012-07-10,"Alien","Alien",https://www.imdb.com/title/tt0078748,Movie,8.4,117,1979,"Sci-Fi",1078678,"1979-11-02","Ridley Scott"
tt0063442,4,2012-07-10,"Apornas planet","Planet of the Apes",https://www.imdb.com/title/tt0063442,Movie,8.0,112,1968,"Adventure, Sci-Fi",211520,"1968-05-06","Franklin J. Schaffner"
tt0245574,4,2012-07-10,"Din morsa också!","Y tu mamá también",https://www.imdb.com/title/tt0245574,Movie,7.7,106,2001,"Drama",143274,"2002-12-20","Alfonso Cuarón"
tt0062622,8,2012-07-10,"År 2001 - Ett rymdäventyr","2001: A Space Odyssey",https://www.imdb.com/title/tt0062622,Movie,8.3,149,1968,"Adventure, Sci-Fi",794163,"1968-08-27","Stanley Kubrick"
tt0118884,6,2012-07-10,"Kontakt","Contact",https://www.imdb.com/title/tt0118884,Movie,7.5,150,1997,"Mystery, Thriller, Sci-Fi, Drama",317634,"1997-11-07","Robert Zemeckis"
tt0448134,5,2012-07-10,"Sunshine","Sunshine",https://www.imdb.com/title/tt0448134,Movie,7.2,107,2007,"Sci-Fi, Thriller",290992,"2007-04-20","Danny Boyle"
tt0091042,3,2012-07-10,"Fira med Ferris","Ferris Bueller's Day Off",https://www.imdb.com/title/tt0091042,Movie,7.8,103,1986,"Comedy",421239,"1986-12-19","John Hughes"
tt0086837,6,2012-07-10,"2010","2010",https://www.imdb.com/title/tt0086837,Movie,6.7,116,1984,"Mystery, Adventure, Sci-Fi, Thriller",61717,"1985-04-05","Peter Hyams"
tt0206634,5,2012-07-10,"Children of Men","Children of Men",https://www.imdb.com/title/tt0206634,Movie,7.9,109,2006,"Thriller, Drama, Sci-Fi",572858,"2007-02-09","Alfonso Cuarón"
tt0317198,5,2012-07-10,"På spaning med Bridget Jones","Bridget Jones: The Edge of Reason",https://www.imdb.com/title/tt0317198,Movie,6.0,108,2004,"Drama, Romance, Comedy",134197,"2004-11-19","Beeban Kidron"
tt0129387,3,2012-07-10,"Den där Mary","There's Something About Mary",https://www.imdb.com/title/tt0129387,Movie,7.1,119,1998,"Romance, Comedy",351553,"1998-11-27","Bobby Farrelly,Peter Farrelly"
tt0212338,2,2012-07-10,"Släkten är värst","Meet the Parents",https://www.imdb.com/title/tt0212338,Movie,7.0,108,2000,"Romance, Comedy",382391,"2000-12-15","Jay Roach"
tt0251127,1,2012-07-10,"Hur man blir av med en kille på 10 dagar","How to Lose a Guy in 10 Days",https://www.imdb.com/title/tt0251127,Movie,6.6,116,2003,"Romance, Comedy",331757,"2003-05-09","Donald Petrie"
tt0415978,6,2012-07-10,"Me and You and Everyone We Know","Me and You and Everyone We Know",https://www.imdb.com/title/tt0415978,Movie,7.2,85,2005,"Drama, Comedy",38829,"2006-01-06","Miranda July"
tt0386588,1,2012-07-10,"Hitch - Din guide till en lyckad date","Hitch",https://www.imdb.com/title/tt0386588,Movie,6.6,118,2005,"Comedy, Romance",352383,"2005-03-11","Andy Tennant"
tt0375355,1,2012-07-10,"Joey","Joey",https://www.imdb.com/title/tt0375355,TV Series,6.0,22,2004,"Comedy, Romance",46041,"2005-04-26",
tt0427944,6,2012-07-10,"Thank You for Smoking","Thank You for Smoking",https://www.imdb.com/title/tt0427944,Movie,7.5,92,2005,"Comedy, Drama",237025,"2006-08-25","Jason Reitman"
tt0118303,2,2012-07-10,"Dharma & Greg","Dharma & Greg",https://www.imdb.com/title/tt0118303,TV Series,6.4,30,1997,"Romance, Comedy",33997,"1998-09-04",
tt0159206,6,2012-07-10,"Sex and the City","Sex and the City",https://www.imdb.com/title/tt0159206,TV Series,7.4,30,1998,"Romance, Drama, Comedy",162769,"1999-12-13",
tt0162346,6,2012-07-10,"Ghost World","Ghost World",https://www.imdb.com/title/tt0162346,Movie,7.3,111,2001,"Drama, Comedy",131973,"2002-07-12","Terry Zwigoff"
tt0460649,8,2012-07-10,"How I Met Your Mother","How I Met Your Mother",https://www.imdb.com/title/tt0460649,TV Series,8.3,22,2005,"Comedy, Romance, Drama",790639,"2006-04-28",
tt0356721,10,2012-05-18,"I Heart Huckabees","I Heart Huckabees",https://www.imdb.com/title/tt0356721,Movie,6.5,107,2004,"Comedy",67855,"2004-10-22","David O. Russell"
